"","Gene Symbol","Num. CLs w/ mut."
"1","GOLGA2",5
"2","DNM1",11
"3","FNBP1",8
"4","USP20",12
"5","GSDMB",6
"6","C9orf50",2
"7","SYNRG",9
"8","NEMP1",2
"9","MUC5B",13
"10","NR1H3",6
"11","EXPH5",13
"12","HMCN2",8
"13","KCNT1",15
"14","ABO",4
"15","ADAMTS13",14
"16","SARDH",11
"17","COL5A1",18
"18","FCN2",7
"19","AVIL",5
"20","SELPLG",4
"21","TMCO3",10
"22","EHMT1",13
"23","PLPP7",3
"24","GBGT1",7
"25","GRPR",1
"26","NHS",8
"27","PRDX4",4
"28","SPEN",10
"29","TIE1",5
"30","ATP6V0B",4
"31","OLFM1",5
"32","OBP2A",4
"33","SLCO5A1",14
"34","TARS2",13
"35","HRNR",12
"36","PRCC",6
"37","OR2T2",6
"38","ZMIZ1",14
"39","KIF11",9
"40","FRMD3",13
"41","GKAP1",4
"42","NAA35",6
"43","SPIN1",5
"44","DACT1",6
"45","PAPLN",11
"46","MAPK6",10
"47","GLCE",3
"48","SRRM2",14
"49","NUFIP2",7
"50","PTK2",8
"51","TSNARE1",14
"52","KRTAP3-3",2
"53","KRT17",12
"54","DCXR",2
"55","LAMA3",16
"56","ZNF799",11
"57","ADAMTS1",13
"58","ANOS1",6
"59","SHROOM2",11
"60","HNRNPA2B1",7
"61","JAZF1",9
"62","CREB5",12
"63","APOO",4
"64","POLA1",11
"65","DMD",22
"66","KDM6A",8
"67","DOCK7",11
"68","TNC",13
"69","ASTN2",16
"70","PHF19",5
"71","DENND1A",12
"72","NR5A1",6
"73","SCAI",11
"74","GAPVD1",7
"75","RALGPS1",10
"76","HLA-G",8
"77","HLA-A",15
"78","DHX16",15
"79","DDR1",7
"80","VARS2",7
"81","MUCL3",19
"82","CCHCR1",7
"83","POU5F1",3
"84","HLA-C",20
"85","MICA",9
"86","MCCD1",2
"87","DDX39B",10
"88","NFKBIL1",3
"89","TNF",4
"90","NCR3",4
"91","PRRC2A",12
"92","GPANK1",6
"93","LY6G6C",2
"94","MSH5",9
"95","C2",9
"96","C4A",6
"97","ZNF81",7
"98","CCDC120",3
"99","KDM5C",4
"100","FAM120C",6
"101","SLC7A3",3
"102","COL4A6",13
"103","ACSL4",5
"104","RTL4",1
"105","TENM1",13
"106","ACTRT1",2
"107","ADGRG4",15
"108","RBMX",14
"109","SPANXB1",5
"110","MIR509-1",2
"111","MAMLD1",5
"112","MTM1",8
"113","ABCD1",5
"114","TKTL1",7
"115","FLNA",11
"116","RPL10",2
"117","UBL4A",2
"118","G6PD",10
"119","CTAG2",1
"120","CMC4",1
"121","CRBN",7
"122","CCR8",3
"123","ZBTB47",4
"124","TTC14",3
"125","CLCN2",7
"126","FRG1",24
"127","MYO10",23
"128","CWC27",4
"129","CMYA5",12
"130","PCDHGA11",2
"131","PHACTR1",14
"132","MMUT",9
"133","KIAA1586",2
"134","MED23",9
"135","AFDN",10
"136","MUC3A",19
"137","MUC17",16
"138","GCC1",7
"139","NSMCE2",13
"140","FREM1",19
"141","SPIN2A",1
"142","NXNL2",2
"143","SEMA4D",11
"144","NOL8",4
"145","FANCC",9
"146","HSD17B3",4
"147","SLC35D2",4
"148","TSTD2",6
"149","HEMGN",1
"150","TRIM14",5
"151","CORO2A",5
"152","GALNT12",6
"153","PLPPR1",9
"154","OR13C5",7
"155","OR13C2",3
"156","FSD1L",7
"157","FKTN",4
"158","TMEM38B",13
"159","ZNF462",9
"160","ACTL7B",3
"161","ECPAS",12
"162","BSPRY",6
"163","RGS3",7
"164","ZNF618",11
"165","ORM1",2
"166","AKNA",7
"167","AGPAT4",4
"168","PRKN",16
"169","QKI",6
"170","SFT2D1",5
"171","RPS6KA2",12
"172","ERMARD",7
"173","ZFAND2A",4
"174","INTS1",15
"175","TMEM184A",8
"176","MAD1L1",16
"177","FOXK1",8
"178","RADIL",9
"179","RBAK-RBAKDN",8
"180","SLC29A4",8
"181","DAGLB",7
"182","THSD7A",12
"183","DGKB",14
"184","SNX13",9
"185","PRPS1L1",4
"186","HDAC9",18
"187","DNAH11",19
"188","STEAP1B",5
"189","IGF2BP3",8
"190","FAM221A",3
"191","STK31",7
"192","SGSM2",10
"193","P2RX5",5
"194","CAMKK1",6
"195","WIPF3",2
"196","FKBP9",9
"197","BMPER",10
"198","NPSR1",13
"199","VPS41",11
"200","SUGCT",7
"201","CCDC201",3
"202","TNS3",17
"203","PKD1L1",14
"204","ABCA13",22
"205","LANCL2",8
"206","SEPTIN14",9
"207","PSPH",3
"208","ZNF107",7
"209","ZNF92",8
"210","AUTS2",10
"211","TYW1B",11
"212","ABHD11",2
"213","GTF2I",7
"214","ZP3",3
"215","SPDYE16",5
"216","POMZP3",12
"217","PTPN12",10
"218","ADAM22",8
"219","GNGT1",7
"220","COL1A2",12
"221","SEM1",8
"222","STAG3",12
"223","TFR2",5
"224","CUX1",18
"225","LRWD1",7
"226","PMPCB",9
"227","RELN",19
"228","SRPK2",9
"229","ST7",7
"230","PTPRZ1",12
"231","TAS2R16",2
"232","ZNF800",3
"233","AGBL3",9
"234","TRIM24",10
"235","TPK1",11
"236","GIMAP7",11
"237","FASTK",1
"238","KMT2C",24
"239","DPP6",20
"240","CNPY1",3
"241","PTPRN2",19
"242","ERICH1",7
"243","CSMD1",23
"244","ZNF705G",4
"245","MFHAS1",2
"246","TNKS",9
"247","RP1L1",8
"248","C8orf74",5
"249","XKR6",11
"250","MTMR9",5
"251","SLC35G5",4
"252","MSR1",7
"253","MTMR7",6
"254","NEFM",5
"255","CDCA2",2
"256","STMN4",2
"257","TRIM35",1
"258","EPHX2",7
"259","FBXO16",4
"260","KCNU1",15
"261","LINC03042",3
"262","IDO2",6
"263","SFRP1",3
"264","GOLGA7",2
"265","SLC20A2",6
"266","HOOK3",7
"267","PRKDC",18
"268","SNAI2",2
"269","ST18",10
"270","ATP6V1H",5
"271","TCEA1",7
"272","RP1",9
"273","LYN",9
"274","SDR16C5",2
"275","NKAIN3",9
"276","C8orf34",11
"277","SULF1",10
"278","GNAL",8
"279","KCNB2",4
"280","TERF1",8
"281","RDH10",6
"282","STAU2",6
"283","ZFHX4",10
"284","ZC2HC1A",7
"285","PAG1",9
"286","SNX16",4
"287","RALYL",12
"288","MMP16",9
"289","TMEM67",4
"290","MATN2",12
"291","UBR5",15
"292","RIMS2",17
"293","DCSTAMP",5
"294","OXR1",10
"295","CSMD3",18
"296","COLEC10",9
"297","ZHX2",11
"298","ATAD2",11
"299","ANXA13",10
"300","TMEM71",6
"301","TG",20
"302","ZFAT",10
"303","COL22A1",22
"304","KCNK9",11
"305","TRAPPC9",19
"306","AMH",6
"307","TMPRSS9",8
"308","ADGRB1",16
"309","PUF60",4
"310","PLEC",13
"311","MROH1",14
"312","ZNF16",3
"313","ZNG1A",8
"314","DOCK8",15
"315","PUM3",5
"316","GLIS3",7
"317","GLDC",14
"318","ADAMTSL1",17
"319","CDKN2A",5
"320","SPINK4",4
"321","UBE2R2",4
"322","TMC1",12
"323","ALDH1A1",6
"324","ANXA1",6
"325","NMRK1",6
"326","VPS13A",11
"327","UNC13A",11
"328","FCHO1",13
"329","KCNN1",4
"330","KLHL26",7
"331","TMEM161A",3
"332","RFXANK",3
"333","TSSK6",5
"334","ZNF253",8
"335","ZNF93",5
"336","ZNF714",6
"337","ZNF98",10
"338","ZNF99",11
"339","ZNF728",4
"340","ZNF675",16
"341","ANKRD27",8
"342","ZNF599",4
"343","ZNF567",2
"344","TIMM50",7
"345","LGALS16",4
"346","SHKBP1",3
"347","DEDD2",2
"348","PSG8",14
"349","PSG6",11
"350","ZNF226",7
"351","APOC1",4
"352","PPP1R37",7
"353","POLR1G",3
"354","IGFL4",5
"355","DHX34",5
"356","MEIS3",6
"357","BICRA",8
"358","BSPH1",3
"359","LIG1",9
"360","ODAD1",6
"361","PPFIA3",12
"362","SCAF1",7
"363","AP2A1",9
"364","KLK9",4
"365","SIGLEC10",5
"366","ZNF578",8
"367","LILRB3",5
"368","LILRA6",6
"369","LILRB5",10
"370","NCR1",7
"371","NLRP9",10
"372","ZFP28",7
"373","AURKC",3
"374","ZNF8",5
"375","ZNF132",4
"376","ZNF324",6
"377","CHMP2A",1
"378","TPO",11
"379","ASAP2",5
"380","TAF1B",7
"381","DDX1",9
"382","SMC6",11
"383","NT5C1B",1
"384","NCOA1",7
"385","DRC1",8
"386","OTOF",13
"387","SLC5A6",2
"388","PPP1CB",3
"389","ALK",18
"390","YIPF4",2
"391","GPATCH11",2
"392","PRKD3",3
"393","HNRNPLL",5
"394","MTA3",10
"395","PREPL",8
"396","TMEM247",4
"397","CALM2",4
"398","STON1-GTF2A1L",10
"399","SPTBN1",27
"400","EML6",14
"401","MTIF2",13
"402","CCDC88A",9
"403","ACTR2",7
"404","APLF",6
"405","TIA1",8
"406","ZNF638",7
"407","DYSF",15
"408","EXOC6B",8
"409","EMX1",4
"410","ALMS1",18
"411","WDR54",2
"412","DQX1",5
"413","SEMA4F",7
"414","GCFC2",9
"415","ST3GAL5",7
"416","STARD7",2
"417","SNRNP200",11
"418","SEMA4C",8
"419","ANKRD36",15
"420","CNGA3",11
"421","RANBP2",12
"422","EDAR",6
"423","ACOXL",10
"424","PSD4",6
"425","RABL2A",5
"426","DPP10",17
"427","NIFK",7
"428","TSN",8
"429","BIN1",6
"430","CYP27C1",4
"431","LRP1B",21
"432","EPC2",5
"433","NEB",24
"434","ZMYND8",10
"435","GALNT5",6
"436","ACVR1",6
"437","DAPL1",8
"438","TANC1",15
"439","PLA2R1",7
"440","SLC4A10",12
"441","COBLL1",5
"442","XIRP2",13
"443","NOSTRIN",4
"444","ATP5MC3",2
"445","TTN",26
"446","DNAJC10",6
"447","CALCRL",4
"448","HIBCH",4
"449","DNAH7",20
"450","ANKRD44",7
"451","SF3B1",8
"452","MPP4",10
"453","CDK15",7
"454","NDUFS1",6
"455","UNC80",13
"456","KANSL1L",5
"457","CPS1",14
"458","IKZF2",4
"459","ABCA12",11
"460","IGFBP5",2
"461","PRKAG3",3
"462","SPHKAP",12
"463","SP110",6
"464","SP140",9
"465","ARMC9",11
"466","EIF4E2",8
"467","DGKD",10
"468","UGT1A3",4
"469","UGT1A6",6
"470","MROH2A",13
"471","HJURP",2
"472","TRPM8",7
"473","SPP2",3
"474","HDAC4",12
"475","AQP12B",4
"476","SIRPB1",8
"477","SLC4A11",6
"478","SMOX",7
"479","LRRN4",3
"480","FERMT1",10
"481","PAK5",4
"482","TASP1",5
"483","SEL1L2",6
"484","MACROD2",14
"485","BFSP1",4
"486","SLC24A3",16
"487","RALGAPA2",10
"488","PAX1",4
"489","CST2",1
"490","DEFB118",3
"491","TPX2",7
"492","ZNF341",8
"493","RALY",6
"494","AHCY",7
"495","ITCH",8
"496","NCOA6",12
"497","GGT7",7
"498","ACSS2",9
"499","GSS",6
"500","TRPC4AP",5
"501","EIF6",3
"502","NFS1",5
"503","DLGAP4",13
"504","RBL1",10
"505","TTI1",6
"506","RALGAPB",9
"507","ARHGAP40",9
"508","PPP1R16B",7
"509","PTPRT",21
"510","SLC12A5",8
"511","SLC13A3",7
"512","SLC2A10",4
"513","EYA2",14
"514","CSE1L",7
"515","SLC9A8",7
"516","SPATA2",5
"517","BCAS4",6
"518","KCNG1",4
"519","TSHZ2",14
"520","BCAS1",9
"521","FAM209A",6
"522","RAB22A",5
"523","GNAS",11
"524","ZNF831",14
"525","SYCP2",10
"526","CDH4",19
"527","MIR1-1",7
"528","MIR133A2",4
"529","SLCO4A1",3
"530","DIDO1",9
"531","ARFGAP1",6
"532","LIPI",5
"533","SAMSN1",6
"534","CXADR",3
"535","BTG3",3
"536","TMPRSS15",13
"537","N6AMT1",7
"538","LTN1",10
"539","USP16",4
"540","CCT8",4
"541","BACH1",7
"542","GRIK1",13
"543","KRTAP13-3",1
"544","KRTAP13-4",2
"545","TIAM1",17
"546","HUNK",5
"547","URB1",10
"548","SYNJ1",7
"549","PAXBP1",9
"550","CRYZL1",5
"551","TTC3",11
"552","KCNJ15",7
"553","ERG",8
"554","PFKL",12
"555","TSPEAR",12
"556","SUMO3",5
"557","ITGB2",6
"558","POFUT2",4
"559","COL18A1",12
"560","COL6A2",12
"561","DIP2A",13
"562","IL17RA",7
"563","RTL10",1
"564","DGCR8",6
"565","RTN4R",4
"566","PPIL2",7
"567","IGLV10-54",11
"568","SGSM1",10
"569","MN1",4
"570","TTC28",11
"571","XBP1",3
"572","SEC14L2",5
"573","PES1",7
"574","SFI1",13
"575","HMOX1",3
"576","ELFN2",8
"577","SOX10",3
"578","SUN2",10
"579","MIEF1",8
"580","ENTHD1",8
"581","L3MBTL2",8
"582","TNFRSF13C",4
"583","EFCAB6",10
"584","SAMM50",6
"585","PARVG",4
"586","PRR5",7
"587","KIAA0930",6
"588","TTC38",6
"589","CERK",9
"590","CNTN4",13
"591","IL5RA",4
"592","LRRN1",2
"593","ITPR1",18
"594","GRM7",15
"595","SSUH2",13
"596","CPNE9",4
"597","TTLL3",6
"598","IL17RE",7
"599","IRAK2",7
"600","ATP2B2",14
"601","SLC6A11",5
"602","XPC",6
"603","SLC6A6",8
"604","GALNT15",6
"605","UBE2E1",7
"606","RBMS3",17
"607","TGFBR2",7
"608","ARPP21",6
"609","DLEC1",9
"610","SLC22A13",3
"611","SLC22A14",5
"612","SCN5A",9
"613","SCN10A",12
"614","SLC25A38",3
"615","ULK4",12
"616","KLHL40",8
"617","CCDC13",4
"618","ZNF662",3
"619","KRBOX1",4
"620","TOPAZ1",3
"621","ZKSCAN7",5
"622","ZNF660",2
"623","LRRC2",7
"624","NBEAL2",5
"625","PTPN23",4
"626","ELP6",3
"627","CSPG5",3
"628","ZNF589",4
"629","PLXNB1",8
"630","COL7A1",12
"631","PRKAR2A",2
"632","SLC25A20",5
"633","P4HTM",1
"634","RBM6",7
"635","RASSF1",4
"636","CACNA2D2",8
"637","DOCK3",13
"638","TLR9",3
"639","CACNA2D3",18
"640","ERC2",7
"641","TASOR",6
"642","IL17RD",5
"643","HTD2",2
"644","ACOX2",3
"645","FHIT",12
"646","SYNPR",11
"647","LMOD3",6
"648","FRMD4B",13
"649","RYBP",2
"650","ROBO2",16
"651","IMPG2",12
"652","NFKBIZ",3
"653","BBX",10
"654","NEPRO",7
"655","ATP6V1A",2
"656","POLQ",20
"657","MIX23",4
"658","PARP9",5
"659","SEMA5B",12
"660","ADCY5",10
"661","KALRN",14
"662","ITGB5",5
"663","MIR548I1",3
"664","ALDH1L1",10
"665","KLF15",3
"666","UROC1",9
"667","CHCHD6",7
"668","MGLL",10
"669","SEC61A1",5
"670","PLXND1",10
"671","COL6A5",2
"672","ATP2C1",12
"673","CPNE4",11
"674","DNAJC13",11
"675","AMOTL2",11
"676","DZIP1L",8
"677","NME9",5
"678","XRN1",12
"679","ANKUB1",6
"680","PFN2",3
"681","CLRN1",4
"682","IGSF10",6
"683","P2RY1",3
"684","GPR149",7
"685","KCNAB1",12
"686","LEKR1",5
"687","IQCJ-SCHIP1",15
"688","SI",16
"689","PHC3",7
"690","FNDC3B",12
"691","TNFSF10",4
"692","NCEH1",5
"693","NAALADL2",20
"694","KCNMB2",9
"695","ZMAT3",6
"696","PIK3CA",15
"697","MFN1",5
"698","GNB4",4
"699","MCF2L2",11
"700","KLHL6",5
"701","KLHL24",7
"702","YEATS2",14
"703","MAP6D1",1
"704","DVL3",8
"705","VWA5B2",7
"706","EIF4G1",9
"707","SENP2",9
"708","IGF2BP2",6
"709","DNAJB11",6
"710","FETUB",5
"711","RPL39L",3
"712","IL1RAP",7
"713","CCDC50",5
"714","FGF12",6
"715","MB21D2",5
"716","ATP13A3",6
"717","TMEM44",7
"718","LSG1",8
"719","MUC4",23
"720","TFRC",9
"721","PCYT1A",2
"722","RNF168",7
"723","SMCO1",3
"724","DLG1",9
"725","LRCH3",14
"726","IQCG",8
"727","ZNF718",3
"728","GAK",11
"729","SLBP",7
"730","TACC3",3
"731","LETM1",7
"732","NSD2",11
"733","POLN",12
"734","MXD4",4
"735","SH3BP2",4
"736","ADD1",9
"737","NOP14",5
"738","GRK4",8
"739","HTT",14
"740","EVC2",8
"741","JAKMIP1",10
"742","PPP2R2C",12
"743","KIAA0232",1
"744","SH3TC1",5
"745","ACOX3",6
"746","CC2D2A",6
"747","BST1",4
"748","TAPT1",8
"749","SMIM20",1
"750","MIR4275",1
"751","TLR1",3
"752","WDR19",10
"753","GABRB1",6
"754","OCIAD1",4
"755","CWH43",5
"756","YTHDC1",6
"757","TMPRSS11E",3
"758","UGT2B28",5
"759","UGT2A1",2
"760","AMBN",6
"761","JCHAIN",4
"762","UTP3",5
"763","SLC4A4",12
"764","RASSF6",5
"765","USO1",10
"766","COPS4",7
"767","MAPK10",10
"768","RNU1-36P",1
"769","GRID2",10
"770","SMARCAD1",10
"771","BMPR1B",8
"772","RAP1GDS1",10
"773","ADH6",5
"774","ADH1B",4
"775","PPP3CA",7
"776","BANK1",11
"777","DKK2",6
"778","CFI",6
"779","ANK2",19
"780","PRSS12",5
"781","METTL14",4
"782","QRFPR",7
"783","INTU",8
"784","SETD7",8
"785","SCOC",4
"786","PRSS48",2
"787","GATB",4
"788","DCHS2",13
"789","MARCHF1",11
"790","TMEM192",2
"791","GALNTL6",8
"792","GPM6A",4
"793","PRIMPOL",8
"794","SDHA",10
"795","AHRR",12
"796","SLC9A3",13
"797","ZDHHC11B",8
"798","BRD9",11
"799","LPCAT1",14
"800","FASTKD3",4
"801","CTNND2",10
"802","OTULIN",5
"803","CDH18",15
"804","CDH10",10
"805","CDH6",9
"806","AGXT2",6
"807","UGT3A1",8
"808","UGT3A2",6
"809","NADK2",7
"810","WDR70",15
"811","C7",16
"812","MROH2B",12
"813","CCDC152",4
"814","EMB",8
"815","ITGA2",9
"816","SLC38A9",2
"817","IL6ST",6
"818","DIMT1",1
"819","IPO11",9
"820","HTR1A",2
"821","TRAPPC13",3
"822","SGTB",4
"823","NLN",10
"824","PIK3R1",11
"825","OCLN",1
"826","BDP1",11
"827","SV2C",13
"828","CRHBP",3
"829","AP3B1",8
"830","ARSB",10
"831","THBS4",5
"832","ZFYVE16",4
"833","FAM151B",3
"834","RASGRF2",8
"835","ATP6AP1L",4
"836","LYSMD3",3
"837","ADGRV1",24
"838","SKIC3",11
"839","LIX1",4
"840","FER",13
"841","MCC",8
"842","TRIM36",4
"843","PGGT1B",3
"844","ZNF608",6
"845","LMNB1",4
"846","CCDC192",7
"847","SLC12A2",4
"848","FBN2",15
"849","CHSY3",5
"850","ACSL6",5
"851","FSTL4",16
"852","TRPC7",5
"853","KDM3B",7
"854","DNAJC18",5
"855","UBE2D2",4
"856","PCDHGA5",4
"857","PCDHGA7",5
"858","PCDHGA8",5
"859","PCDHGA10",1
"860","FCHSD1",7
"861","FGF1",5
"862","NR3C1",3
"863","JAKMIP2",11
"864","SPINK1",5
"865","SPINK14",3
"866","SPINK6",4
"867","SPINK13",4
"868","PPARGC1B",7
"869","PDE6A",8
"870","CSF1R",12
"871","PDGFRB",9
"872","DCTN4",9
"873","SLC36A2",4
"874","GRIA1",9
"875","GALNT10",9
"876","GEMIN5",12
"877","SOX30",11
"878","CCNJL",3
"879","GABRA6",6
"880","GABRG2",4
"881","SLIT3",16
"882","DOCK2",18
"883","RANBP17",9
"884","SH3PXD2B",8
"885","FGFR4",5
"886","RGS14",6
"887","HNRNPH1",9
"888","CNOT6",5
"889","BTNL9",6
"890","FOXF2",3
"891","MYLK4",8
"892","MIR4645",1
"893","NQO2",7
"894","LY86",4
"895","DSP",8
"896","TXNDC5",9
"897","SLC35B3",13
"898","ADTRP",7
"899","RANBP9",10
"900","JARID2",11
"901","DTNBP1",5
"902","KIAA0319",10
"903","RIPOR2",15
"904","CARMIL1",12
"905","SCGN",7
"906","SLC17A1",4
"907","H4C1",1
"908","H3C2",4
"909","H2BC4",1
"910","H4C6",5
"911","BTN2A1",4
"912","H4C12",2
"913","ZKSCAN4",8
"914","NKAPL",5
"915","ZSCAN31",3
"916","ZSCAN12",4
"917","SCAND3",5
"918","OR5V1",8
"919","GABBR1",13
"920","DPP8",10
"921","DENND4A",16
"922","LCTL",4
"923","ITGA11",12
"924","KIF23",5
"925","RPLP1",1
"926","UACA",5
"927","LRRC49",6
"928","THSD4",14
"929","MYO9A",14
"930","GRAMD2A",2
"931","ISLR",2
"932","CCDC33",11
"933","MAN2C1",4
"934","SIN3A",5
"935","CSPG4",8
"936","SAXO2",5
"937","HAPLN3",4
"938","FANCI",13
"939","TICRR",7
"940","BLM",5
"941","SV2B",7
"942","ST8SIA2",6
"943","MCTP2",8
"944","ADAMTS17",13
"945","LUC7L",6
"946","PGAP6",13
"947","WDR90",9
"948","METRN",8
"949","C4B",6
"950","CYP21A2",4
"951","TNXB",15
"952","HLA-DRB5",17
"953","RXRB",4
"954","VPS52",10
"955","GRM4",10
"956","SCUBE3",7
"957","TEAD3",5
"958","ARMC12",5
"959","SRPK1",7
"960","MAPK14",10
"961","STK38",7
"962","RAB44",1
"963","PI16",3
"964","PEX6",7
"965","CUL7",10
"966","PTK7",9
"967","TTBK1",8
"968","XPO5",11
"969","CLIC5",5
"970","RCAN2",7
"971","CYP39A1",5
"972","SLC25A27",6
"973","TDRD6",7
"974","MEP1A",8
"975","ADGRF2P",5
"976","TFAP2B",4
"977","TRAM2",9
"978","GSTA5",6
"979","COL21A1",13
"980","DST",22
"981","ZNF451",5
"982","EYS",21
"983","LMBRD1",4
"984","COL19A1",20
"985","RIMS1",13
"986","KCNQ5",14
"987","DDX43",9
"988","COL12A1",12
"989","PHIP",11
"990","ME1",10
"991","SNAP91",8
"992","CEP162",7
"993","PRDM1",5
"994","PPIL6",5
"995","FYN",6
"996","ENPP3",11
"997","TAAR5",2
"998","PDE7B",9
"999","MTHFD1L",11
"1000","SYNE1",22
"1001","NOX3",5
"1002","TMEM181",11
"1003","FNDC1",9
"1004","SLC22A1",6
"1005","LPA",12
"1006","PLG",11
"1007","MAP3K4",18
"1008","GCSH",2
"1009","CMIP",16
"1010","PLCG2",16
"1011","CDH13",18
"1012","MLYCD",6
"1013","CIBAR2",5
"1014","GSE1",17
"1015","C16orf95",7
"1016","ZCCHC14",13
"1017","KLHDC4",12
"1018","CA5A",7
"1019","BANP",10
"1020","ZNF469",4
"1021","PIEZO1",15
"1022","CBFA2T3",10
"1023","DPEP1",3
"1024","CHMP1A",5
"1025","SPIRE2",9
"1026","GAS8",10
"1027","MYO1C",8
"1028","PRPF8",7
"1029","OBSCN",23
"1030","ZZEF1",13
"1031","ANKFY1",9
"1032","USP6",17
"1033","TEKT1",3
"1034","ATP1B2",3
"1035","TP53",24
"1036","ALOXE3",6
"1037","STX8",5
"1038","DNAH9",16
"1039","MAP2K4",4
"1040","MYOCD",6
"1041","TNFRSF13B",4
"1042","WSB1",5
"1043","RHOT1",8
"1044","ASIC2",14
"1045","FNDC8",2
"1046","UNC45B",5
"1047","ACACA",15
"1048","PIP4K2B",7
"1049","PGAP3",4
"1050","IGFBP4",2
"1051","KRTAP4-7",1
"1052","KRTAP9-9",8
"1053","KRT33B",4
"1054","HAP1",5
"1055","ODAD4",4
"1056","DNAJC7",4
"1057","ZNF385C",3
"1058","TUBG1",2
"1059","SLC25A39",1
"1060","MEIOC",5
"1061","DBF4B",1
"1062","EFTUD2",6
"1063","GFAP",3
"1064","NMT1",3
"1065","ARHGAP27",4
"1066","NSF",2
"1067","NPEPPS",5
"1068","KPNB1",7
"1069","FAM117A",7
"1070","DLX3",2
"1071","PPP1R9B",4
"1072","COL1A1",11
"1073","CACNA1G",11
"1074","SPAG9",8
"1075","STXBP4",7
"1076","PCTP",4
"1077","GDPD1",8
"1078","USP32",10
"1079","ACE",12
"1080","ICAM2",3
"1081","PECAM1",6
"1082","DDX5",7
"1083","AXIN2",7
"1084","APOH",5
"1085","ARSG",9
"1086","ABCA8",12
"1087","ABCA9",14
"1088","COG1",3
"1089","VCF1",2
"1090","TTYH2",6
"1091","KIF19",9
"1092","BTBD17",1
"1093","SLC16A5",3
"1094","UNC13D",12
"1095","TRIM65",4
"1096","MRPL38",4
"1097","FBF1",10
"1098","ACOX1",8
"1099","CDK3",3
"1100","EXOC7",6
"1101","QRICH2",8
"1102","MXRA7",6
"1103","JMJD6",4
"1104","MFSD11",4
"1105","DNAH17",18
"1106","CYTH1",8
"1107","USP36",9
"1108","EIF4A3",6
"1109","CHMP6",5
"1110","FAAP100",6
"1111","SIRT7",3
"1112","CCDC57",10
"1113","COLEC12",6
"1114","ENOSF1",7
"1115","LRRC30",3
"1116","AGTRAP",2
"1117","IMPA2",6
"1118","ANKRD62",10
"1119","CEP76",8
"1120","RBBP8",7
"1121","DSG1",6
"1122","KLHL14",3
"1123","DTNA",13
"1124","TPGS2",4
"1125","CELF4",10
"1126","EPG5",13
"1127","MYO5B",15
"1128","NARS1",5
"1129","ATP8B1",10
"1130","NEDD4L",15
"1131","PMAIP1",1
"1132","SERPINB2",4
"1133","SERPINB8",5
"1134","DOK6",4
"1135","ZNF407",12
"1136","ZNF236",8
"1137","CTDP1",4
"1138","KCNG2",2
"1139","CIMAP1D",5
"1140","BTBD2",5
"1141","AP3D1",10
"1142","DOT1L",9
"1143","PRAMEF19",4
"1144","PRDM2",8
"1145","TICAM1",5
"1146","SLC25A23",7
"1147","INSR",10
"1148","FBN3",15
"1149","HNRNPM",5
"1150","MUC16",27
"1151","OR1M1",3
"1152","P2RY11",3
"1153","SLC44A2",7
"1154","C19orf38",3
"1155","SMARCA4",13
"1156","DOCK6",12
"1157","FBXW9",3
"1158","PRDX2",2
"1159","ADGRE5",10
"1160","TECR",6
"1161","OR7A5",5
"1162","NOTCH3",7
"1163","COLGALT1",9
"1164","SCNN1D",8
"1165","ATAD3A",5
"1166","SLC35E2B",5
"1167","PRKCZ",8
"1168","PLEKHG5",9
"1169","CAMTA1",14
"1170","PER3",10
"1171","UBE4B",9
"1172","SRM",2
"1173","KAZN",13
"1174","TMEM51",8
"1175","CLCNKB",11
"1176","RNU1-5P",5
"1177","PADI2",6
"1178","ALDH4A1",5
"1179","UBR4",19
"1180","EMC1",5
"1181","AKR7A3",7
"1182","CAPZB",5
"1183","NBPF3",9
"1184","KDM1A",4
"1185","HNRNPR",3
"1186","ASAP3",7
"1187","RPL11",3
"1188","NCMAP",3
"1189","RHD",6
"1190","RHCE",5
"1191","ARID1A",8
"1192","NUDC",3
"1193","WASF2",4
"1194","FAM76A",3
"1195","PPP1R8",3
"1196","RPA2",2
"1197","DNAJC8",4
"1198","SDC3",5
"1199","PUM1",4
"1200","COL16A1",12
"1201","IQCC",6
"1202","AK2",3
"1203","ZSCAN20",6
"1204","CSMD2",21
"1205","MACF1",22
"1206","CAP1",4
"1207","CTPS1",5
"1208","FOXO6",3
"1209","MED8",2
"1210","KIF2C",4
"1211","CCDC163",5
"1212","MMACHC",6
"1213","AKR1A1",3
"1214","NASP",10
"1215","GPBP1L1",6
"1216","IPP",7
"1217","MAST2",9
"1218","PIK3R3",7
"1219","POMGNT1",6
"1220","RAD54L",6
"1221","LRRC41",6
"1222","NSUN4",3
"1223","AGBL4",15
"1224","ELAVL4",6
"1225","ZFYVE9",9
"1226","TUT4",11
"1227","COA7",4
"1228","ZYG11B",8
"1229","ZYG11A",5
"1230","SCP2",15
"1231","SSBP3",12
"1232","USP24",13
"1233","LRRC8D",2
"1234","HFM1",10
"1235","EVI5",8
"1236","DIPK1A",9
"1237","TLCD4-RWDD3",2
"1238","PTBP2",3
"1239","RTCA",5
"1240","GPSM2",5
"1241","DENND2D",5
"1242","INKA2",2
"1243","DCLRE1B",4
"1244","DENND2C",6
"1245","NBPF10",7
"1246","GPR89B",4
"1247","ANP32E",2
"1248","CA14",4
"1249","SETDB1",11
"1250","MINDY1",3
"1251","FLG",19
"1252","LCE5A",2
"1253","LCE2B",3
"1254","NPR1",8
"1255","NUP210L",11
"1256","THBS3",9
"1257","GON4L",13
"1258","FCRL5",10
"1259","CD5L",5
"1260","KIRREL1",9
"1261","CD1A",4
"1262","OR6Y1",5
"1263","SPTA1",17
"1264","VSIG8",3
"1265","CD84",7
"1266","SLAMF7",4
"1267","F11R",5
"1268","DDR2",9
"1269","MAEL",5
"1270","RCSD1",4
"1271","ADCY10",18
"1272","TIPRL",7
"1273","TBX19",8
"1274","NME7",7
"1275","SCYL3",7
"1276","FMO4",3
"1277","METTL13",5
"1278","SUCO",7
"1279","ASTN1",12
"1280","AXDND1",14
"1281","TDRD5",8
"1282","CACNA1E",17
"1283","RGSL1",9
"1284","NPL",6
"1285","NIBAN1",9
"1286","IVNS1ABP",4
"1287","RO60",3
"1288","CFHR3",5
"1289","NEK7",6
"1290","KIF14",10
"1291","INAVA",7
"1292","KIF21B",12
"1293","CACNA1S",16
"1294","TNNI1",5
"1295","PPP1R12B",18
"1296","CYB5R1",5
"1297","MDM4",9
"1298","NFASC",11
"1299","PM20D1",8
"1300","SRGAP2",8
"1301","PFKFB2",3
"1302","CD55",5
"1303","CR1",16
"1304","CD46",5
"1305","RPS6KC1",6
"1306","DISP1",3
"1307","TLR5",4
"1308","TP53BP2",4
"1309","FBXO28",2
"1310","DNAH14",19
"1311","ACBD3",10
"1312","CDC42BPA",15
"1313","PWP1",3
"1314","SART3",9
"1315","H2BC26",5
"1316","NUP133",10
"1317","GALNT2",9
"1318","PGBD5",8
"1319","CAPN9",10
"1320","TTC13",9
"1321","DISC1",12
"1322","MAP3K21",7
"1323","B3GALNT2",5
"1324","GPR137B",6
"1325","EDARADD",4
"1326","ACTN2",12
"1327","RYR2",25
"1328","KMO",6
"1329","AHCTF1",9
"1330","OR2G2",3
"1331","OR2AJ1",3
"1332","OR2L2",5
"1333","OR2T12",10
"1334","LARP4B",7
"1335","ADARB2",13
"1336","PFKP",6
"1337","TASOR2",7
"1338","FBH1",6
"1339","CELF2",10
"1340","CCDC3",4
"1341","OPTN",5
"1342","MCM10",7
"1343","BEND7",7
"1344","FRMD4A",13
"1345","CACNB2",11
"1346","MALRD1",22
"1347","PLXDC2",7
"1348","NEBL",16
"1349","ARHGAP12",6
"1350","ANKRD30A",15
"1351","WASHC2C",9
"1352","ANTXRL",7
"1353","WDFY4",13
"1354","BICC1",8
"1355","ANK3",14
"1356","ARID5B",5
"1357","ZNF365",8
"1358","REEP3",4
"1359","CTNNA3",14
"1360","RUFY2",8
"1361","CDH23",19
"1362","ANAPC16",2
"1363","NUDT13",2
"1364","AGAP5",4
"1365","ADK",9
"1366","VDAC2",4
"1367","KCNMA1",14
"1368","POLR3A",10
"1369","SFTPA2",5
"1370","NRG3",14
"1371","GRID1",14
"1372","WAPL",7
"1373","OPN4",5
"1374","STAMBPL1",2
"1375","TNKS2",9
"1376","CPEB3",4
"1377","EXOC6",7
"1378","CYP2C19",7
"1379","SORBS1",9
"1380","PIK3AP1",7
"1381","MMS19",4
"1382","UBTD1",3
"1383","HOGA1",5
"1384","CRTAC1",4
"1385","R3HCC1L",4
"1386","HPS1",5
"1387","CHUK",6
"1388","CWF19L1",9
"1389","PKD2L1",7
"1390","SCD",3
"1391","SEC31B",10
"1392","GBF1",9
"1393","PSD",9
"1394","FBXL15",1
"1395","CUEDC2",1
"1396","ARL3",5
"1397","NT5C2",5
"1398","TDRD1",7
"1399","PNLIPRP2",3
"1400","SHTN1",5
"1401","DMBT1",14
"1402","CPXM2",8
"1403","DOCK1",14
"1404","PTPRE",7
"1405","EBF3",4
"1406","PPP2R2D",8
"1407","ADAM8",4
"1408","RIC8A",4
"1409","NLRP6",3
"1410","GATD1",5
"1411","RPLP2",3
"1412","MUC6",5
"1413","KCNQ1",14
"1414","STIM1",10
"1415","TRIM21",7
"1416","OR51E1",1
"1417","MMP26",11
"1418","UBQLNL",2
"1419","TRIM22",5
"1420","OR56A4",6
"1421","TUB",5
"1422","STK33",3
"1423","DENND5A",6
"1424","IRAG1",10
"1425","CSNK2A3",2
"1426","MICAL2",14
"1427","SOX6",10
"1428","PIK3C2A",7
"1429","HPS5",12
"1430","IGSF22",8
"1431","NAV2",19
"1432","LGR4",8
"1433","KIF18A",3
"1434","METTL15",6
"1435","DCDC1",16
"1436","KIAA1549L",11
"1437","FBXO3",6
"1438","LRRC4C",10
"1439","API5",5
"1440","TTC17",11
"1441","MAPK8IP1",3
"1442","ATG13",5
"1443","PACSIN3",1
"1444","PTPRJ",10
"1445","TRIM49B",3
"1446","TRIM51",8
"1447","OR5T1",3
"1448","P2RX3",5
"1449","MS4A4E",2
"1450","MS4A4A",5
"1451","ZP1",4
"1452","TMEM132A",7
"1453","VWCE",6
"1454","TKFC",5
"1455","SYT7",5
"1456","SLC22A8",5
"1457","SLC22A25",5
"1458","CDC42BPG",6
"1459","SPTBN2",13
"1460","TBC1D10C",2
"1461","CCND1",6
"1462","PPFIA1",9
"1463","SHANK2",15
"1464","KRTAP5-10",25
"1465","ARHGEF17",9
"1466","PLEKHB1",7
"1467","C2CD3",12
"1468","XRRA1",7
"1469","UVRAG",9
"1470","EMSY",6
"1471","ACER3",5
"1472","B3GNT6",2
"1473","RSF1",9
"1474","NARS2",6
"1475","TENM4",12
"1476","PRCP",3
"1477","DLG2",17
"1478","CCDC83",5
"1479","PICALM",6
"1480","RNU6-560P",1
"1481","CCDC81",6
"1482","NOX4",5
"1483","AMOTL1",6
"1484","CNTN5",17
"1485","MMP3",9
"1486","DYNC2H1",13
"1487","DLAT",6
"1488","BCO2",7
"1489","NCAM1",11
"1490","TTC12",4
"1491","USP28",7
"1492","ZPR1",6
"1493","PCSK7",7
"1494","BACE1",7
"1495","DSCAML1",13
"1496","PHLDB1",11
"1497","SORL1",15
"1498","SCN3B",7
"1499","OR10G6",4
"1500","OR10G9",3
"1501","VWA5A",11
"1502","OR8D1",5
"1503","ROBO3",9
"1504","SLC37A2",4
"1505","PKNOX2",12
"1506","CDON",10
"1507","SRPRA",2
"1508","TIRAP",3
"1509","DCPS",1
"1510","ETS1",7
"1511","ARHGAP32",8
"1512","NFRKB",2
"1513","ST14",8
"1514","ADAMTS8",7
"1515","OPCML",14
"1516","SPATA19",5
"1517","GLB1L3",8
"1518","B4GALNT3",9
"1519","NINJ2",7
"1520","ERC1",12
"1521","CACNA2D4",14
"1522","PARP11",9
"1523","SCNN1A",11
"1524","ING4",1
"1525","CLEC1A",2
"1526","CLEC7A",8
"1527","ATF7IP",7
"1528","AEBP2",3
"1529","SOX5",16
"1530","LMNTD1",7
"1531","ITPR2",15
"1532","TMTC1",9
"1533","SYT10",8
"1534","ALG10",6
"1535","ALG10B",6
"1536","MUC19",10
"1537","CNTN1",11
"1538","ARID2",9
"1539","VDR",5
"1540","SENP1",8
"1541","PFKM",7
"1542","LIMA1",6
"1543","DIP2B",10
"1544","ATF1",7
"1545","TMT1A",5
"1546","SLC4A8",9
"1547","ACVR1B",3
"1548","KRT80",7
"1549","KRT86",13
"1550","KRT3",2
"1551","ZNF740",7
"1552","PCBP2",5
"1553","SMUG1",3
"1554","CBX5",5
"1555","NFE2",2
"1556","TESPA1",5
"1557","OR10P1",2
"1558","DNAJC14",5
"1559","MMP19",6
"1560","PYM1",8
"1561","DGKA",5
"1562","RAB5B",4
"1563","SMARCC2",10
"1564","BAZ2A",9
"1565","LRP1",11
"1566","GLI1",3
"1567","SLC26A10P",5
"1568","CTDSP2",7
"1569","TAFA2",10
"1570","USP15",4
"1571","C12orf56",7
"1572","XPOT",4
"1573","IRAK3",4
"1574","GRIP1",14
"1575","THAP2",2
"1576","TRHDE",10
"1577","NAV3",14
"1578","OTOGL",17
"1579","TMTC2",3
"1580","LRRIQ1",9
"1581","CEP290",14
"1582","KITLG",2
"1583","EEA1",8
"1584","PLXNC1",15
"1585","NTN4",9
"1586","DEPDC4",2
"1587","SCYL2",7
"1588","SLC5A8",9
"1589","SPIC",1
"1590","TDG",12
"1591","ALDH1L2",9
"1592","WASHC4",9
"1593","CKAP4",2
"1594","ABTB3",12
"1595","ACACB",14
"1596","DTX1",3
"1597","RASAL1",9
"1598","FBXO21",5
"1599","NOS1",10
"1600","TAOK3",7
"1601","HSPB8",7
"1602","CIT",14
"1603","TRIAP1",2
"1604","RNF10",7
"1605","ACADS",3
"1606","DNAH10",19
"1607","TMEM132D",11
"1608","STX2",6
"1609","TPTE2",21
"1610","ZDHHC20",9
"1611","SACS",6
"1612","ATP8A2",14
"1613","SHISA2",1
"1614","WASF3",6
"1615","MTUS2",13
"1616","B3GLCT",8
"1617","FRY",16
"1618","PDS5B",12
"1619","SUPT20H",7
"1620","POSTN",9
"1621","VWA8",10
"1622","DGKH",11
"1623","PHF11",5
"1624","HNRNPA1L2",3
"1625","GPC5",16
"1626","GPC6",7
"1627","HS6ST3",9
"1628","FARP1",9
"1629","TM9SF2",5
"1630","NALCN",18
"1631","NALF1",10
"1632","COL4A1",12
"1633","COL4A2",14
"1634","ATP11A",12
"1635","MCF2L",15
"1636","CFAP97D2",3
"1637","HNRNPC",8
"1638","OR10G3",3
"1639","PSMB11",2
"1640","SLC22A17",2
"1641","IL25",3
"1642","NGDN",14
"1643","CHMP4A",3
"1644","PRKD1",8
"1645","NUBPL",5
"1646","ARHGAP5",6
"1647","CFL2",4
"1648","PAX9",3
"1649","SLC25A21",11
"1650","SEC23A",8
"1651","GEMIN2",5
"1652","TRAPPC6B",7
"1653","PNN",4
"1654","MIA2",14
"1655","DNAAF2",5
"1656","SAV1",5
"1657","RTRAF",5
"1658","NID2",11
"1659","TMEM260",7
"1660","CCDC198",5
"1661","ACTR10",3
"1662","KIAA0586",13
"1663","CCDC175",4
"1664","C14orf39",11
"1665","TRMT5",5
"1666","WDR89",6
"1667","SYNE2",16
"1668","GPHN",12
"1669","EIF2S1",4
"1670","ZFP36L1",4
"1671","SLC39A9",3
"1672","SRSF5",3
"1673","RGS6",13
"1674","DPF3",6
"1675","DCAF4",6
"1676","ZFYVE1",9
"1677","RBM25",9
"1678","PSEN1",2
"1679","TNFAIP2",10
"1680","CKB",3
"1681","LTBP2",15
"1682","AREL1",5
"1683","FCF1",2
"1684","EIF2B2",3
"1685","SPTLC2",2
"1686","NRXN3",16
"1687","DIO2",7
"1688","CEP128",9
"1689","GTF2A1",4
"1690","FLRT2",4
"1691","EFCAB11",6
"1692","NRDE2",7
"1693","CCDC88C",12
"1694","CATSPERB",10
"1695","CPSF2",7
"1696","UNC79",14
"1697","OTUB2",5
"1698","DDX24",6
"1699","IFI27L2",2
"1700","SERPINA11",6
"1701","SERPINA9",6
"1702","SERPINA12",5
"1703","CLMN",8
"1704","AK7",5
"1705","RTL1",5
"1706","SNORD114-7",14
"1707","MIR496",7
"1708","DYNC1H1",14
"1709","MYZAP",7
"1710","GCOM1",9
"1711","KLC1",13
"1712","NUDT14",5
"1713","BRF1",10
"1714","PACS2",14
"1715","CYFIP1",12
"1716","TUBGCP5",6
"1717","OCA2",13
"1718","HERC2",17
"1719","APBA2",10
"1720","TJP1",12
"1721","ARHGAP11A",6
"1722","RYR3",19
"1723","NUTM1",5
"1724","DPH6",7
"1725","MEIS2",6
"1726","FAM98B",7
"1727","EIF2AK4",11
"1728","PAK6",6
"1729","DLL4",6
"1730","EXD1",3
"1731","NUSAP1",6
"1732","TYRO3",13
"1733","MGA",9
"1734","JMJD7-PLA2G4B",6
"1735","TMEM87A",5
"1736","GANC",4
"1737","STRC",8
"1738","CKMT1A",6
"1739","FBN1",18
"1740","GALK2",5
"1741","GABPB1",3
"1742","DMXL2",9
"1743","UNC13C",19
"1744","DNAAF4",5
"1745","NEDD4",9
"1746","USP31",4
"1747","GGA2",7
"1748","POLR2M",3
"1749","ALDH1A2",7
"1750","MINDY2",6
"1751","MYO1E",13
"1752","VPS13C",9
"1753","TLN2",14
"1754","CA12",8
"1755","IGDCC4",7
"1756","RPL3L",7
"1757","PKD1",17
"1758","PGP",2
"1759","RNPS1",7
"1760","ABCA3",12
"1761","CCNF",7
"1762","SEC14L5",5
"1763","ALG1",6
"1764","RBFOX1",24
"1765","PMM2",5
"1766","USP7",8
"1767","EMP2",4
"1768","CIITA",9
"1769","RMI2",5
"1770","PDXDC1",15
"1771","MARF1",16
"1772","MYH11",9
"1773","SMG1",16
"1774","ACSM2A",9
"1775","ACSM3",6
"1776","POLR3E",8
"1777","RFWD3",8
"1778","MLKL",4
"1779","DCTN5",3
"1780","SLC5A11",8
"1781","HS3ST4",11
"1782","IL21R",4
"1783","SEZ6L2",6
"1784","CCDC78",5
"1785","CIAO3",10
"1786","CHTF18",7
"1787","TPSD1",8
"1788","UNKL",7
"1789","CRAMP1",8
"1790","MYLK3",6
"1791","LONP2",2
"1792","NOD2",6
"1793","CHD9",9
"1794","FTO",5
"1795","ADGRG3",7
"1796","CDH8",7
"1797","RRAD",1
"1798","CES3",2
"1799","FHOD1",10
"1800","CDH3",6
"1801","TANGO6",10
"1802","SF3B3",8
"1803","IL34",4
"1804","MTSS2",5
"1805","VAC14",7
"1806","HYDIN",13
"1807","AP1G1",3
"1808","PKD1L3",17
"1809","HPR",2
"1810","FUS",6
"1811","ITGAX",11
"1812","ZNRF1",6
"1813","ZFP1",8
"1814","ADAMTS18",14
"1815","VAT1L",5
"1816","WWOX",17
"1817","ASPHD1",2
"1818","DOC2A",4
"1819","GDPD3",3
"1820","MAPK3",4
"1821","FBRS",9
"1822","ACTR8",6
"1823","IKZF3",8
"1824","DPY19L1",10
"1825","PLIN1",7
"1826","KIF7",7
"1827","KRT15",4
"1828","SEMA4B",9
"1829","GAST",2
"1830","MESP2",2
"1831","TTLL13",7
"1832","VPS33B",7
"1833","PBRM1",7
"1834","RHCG",5
"1835","KCNH4",6
"1836","FLNB",9
"1837","RAPGEFL1",6
"1838","EIF3F",4
"1839","SLMAP",6
"1840","TRPM6",9
"1841","ANPEP",8
"1842","CNTNAP3",8
"1843","POU6F2",9
"1844","RAB40C",2
"1845","BRCA1",9
"1846","TTC23",3
"1847","ATP6V0A1",7
"1848","GNL3",2
"1849","DKK3",3
"1850","ANKRD18A",10
"1851","FXN",3
"1852","NT5C3A",4
"1853","HECW1",10
"1854","HDAC5",4
"1855","OR13F1",2
"1856","IFT140",10
"1857","MIR9-3",1
"1858","MESP1",3
"1859","ADCY2",12
"1860","TMEM82",3
"1861","FRMPD1",6
"1862","BAAT",8
"1863","ZNF215",7
"1864","BPIFB6",7
"1865","COL15A1",10
"1866","HAGH",8
"1867","SLFN12L",10
"1868","HRH3",3
"1869","SMARCA1",5
"1870","TMCC2",1
"1871","AOPEP",14
"1872","TPTEP2-CSNK1E",11
"1873","POLG",6
"1874","ORMDL3",3
"1875","KIF6",11
"1876","ZCCHC7",6
"1877","EDN3",7
"1878","TMEM98",6
"1879","DPYSL2",5
"1880","PITHD1",2
"1881","PREX1",15
"1882","CBARP",3
"1883","SS18L1",7
"1884","VNN1",6
"1885","NCOA3",8
"1886","HYAL1",3
"1887","NSRP1",7
"1888","PLXNA2",14
"1889","CIDEC",6
"1890","FAM3D",6
"1891","CASC3",11
"1892","ZFP64",13
"1893","RRP9",1
"1894","ILRUN",3
"1895","YWHAB",6
"1896","DNAH8",15
"1897","JOSD1",3
"1898","APLN",3
"1899","CRB1",10
"1900","E2F2",5
"1901","WDR82",1
"1902","PTGIS",5
"1903","GOPC",3
"1904","CSNK1E",11
"1905","KCTD20",4
"1906","BCL2L1",3
"1907","NUCKS1",3
"1908","FURIN",6
"1909","STX16",9
"1910","SPTLC3",7
"1911","ERCC6L2",10
"1912","CNTLN",8
"1913","PTPRG",17
"1914","HSD17B7",5
"1915","CR2",5
"1916","STPG1",8
"1917","PTCH1",14
"1918","ARFGEF2",8
"1919","RECK",11
"1920","ACAP2",6
"1921","KIAA0408",5
"1922","MARCHF11",8
"1923","CD93",4
"1924","ACER2",3
"1925","CDK13",9
"1926","APOL2",2
"1927","NGRN",7
"1928","NRG4",3
"1929","SNX21",7
"1930","SRRM1",8
"1931","PRG4",7
"1932","HM13",5
"1933","STX12",6
"1934","KIF17",8
"1935","KIF27",8
"1936","PCDHB1",4
"1937","TOM1",8
"1938","E2F3",6
"1939","ATP1A4",13
"1940","APOD",3
"1941","FGF13",7
"1942","EYA4",9
"1943","MAGI1",18
"1944","TTLL9",8
"1945","HSPG2",20
"1946","GLYCTK",5
"1947","CENPP",10
"1948","PLCB1",14
"1949","NINJ1",1
"1950","TRIO",21
"1951","DCAF8",10
"1952","DGKQ",7
"1953","TCF21",2
"1954","AVL9",4
"1955","COMMD9",6
"1956","BLVRA",7
"1957","CREBBP",17
"1958","HLA-DQB2",4
"1959","IQCF5",3
"1960","CADPS",11
"1961","APOBEC3F",4
"1962","BPIFB2",8
"1963","LACTBL1",2
"1964","ACSBG1",4
"1965","ST6GAL1",6
"1966","PCDHA8",16
"1967","NIPSNAP3B",3
"1968","ANKRD18B",7
"1969","SYNGAP1",10
"1970","IQCF3",2
"1971","LRRC37B",9
"1972","TNNT2",10
"1973","RNU6-599P",8
"1974","HIPK3",9
"1975","LIPC",6
"1976","LARGE1",14
"1977","CCT5",6
"1978","AEBP1",7
"1979","CD1C",4
"1980","PCDHA9",8
"1981","ITPR3",12
"1982","ZPBP2",3
"1983","ANKS1A",7
"1984","ENOX2",6
"1985","XKR8",1
"1986","HLA-DRB1",17
"1987","COMMD4",7
"1988","MLLT3",6
"1989","CNR2",2
"1990","FYB1",14
"1991","COL3A1",11
"1992","PTPRK",11
"1993","SRSF6",3
"1994","OR52M1",3
"1995","SEMA3G",6
"1996","LAMA5",16
"1997","AIM2",8
"1998","LAMB3",10
"1999","FAM8A1",1
"2000","RORA",10
"2001","LAMA2",18
"2002","LILRB1",19
"2003","CEP85L",11
"2004","MAP4",5
"2005","FBXL6",3
"2006","CA6",5
"2007","SNX10",5
"2008","UBR1",18
"2009","CASP10",6
"2010","GMPR",5
"2011","NIPSNAP3A",4
"2012","ABCC8",13
"2013","CEP78",12
"2014","MEGF6",10
"2015","TRIM51G",5
"2016","RARB",8
"2017","POLDIP3",5
"2018","GPC4",6
"2019","ZNF717",7
"2020","ABHD12B",7
"2021","PYGL",12
"2022","RFX7",4
"2023","USP8",10
"2024","NTSR1",8
"2025","NELL1",14
"2026","ADAMTS7",8
"2027","MSI2",10
"2028","ATF6",6
"2029","CLTC",7
"2030","PDZRN3",5
"2031","PDLIM3",5
"2032","EPHA2",8
"2033","ZMAT1",3
"2034","ABCA7",9
"2035","CEP104",7
"2036","PEX7",7
"2037","PRAMEF17",8
"2038","UFSP2",5
"2039","PXDN",8
"2040","RALA",2
"2041","MAK16",4
"2042","SMG6",11
"2043","MPP7",7
"2044","MRPS23",5
"2045","RNU6-1108P",1
"2046","EOMES",1
"2047","BEX2",2
"2048","C2orf50",3
"2049","NUP153",8
"2050","RPSA",3
"2051","TAF1L",2
"2052","DNAJA4",3
"2053","CHL1",10
"2054","NCOA4",4
"2055","LAMB2",5
"2056","WDR44",4
"2057","APOL4",6
"2058","FCRL2",8
"2059","KIF9",6
"2060","CDK19",7
"2061","RFPL4B",3
"2062","NT5M",3
"2063","SNORD115-34",1
"2064","RANGAP1",10
"2065","MACO1",4
"2066","CEP85",3
"2067","GJE1",3
"2068","RNU1-61P",13
"2069","COP1",8
"2070","GYS1",8
"2071","ASAH1",9
"2072","MMEL1",8
"2073","FAM199X",4
"2074","MEAK7",9
"2075","LRRFIP2",10
"2076","BMP6",6
"2077","EPB41",9
"2078","RBBP8NL",8
"2079","LRRFIP1",12
"2080","HERC1",11
"2081","PTH2",2
"2082","SERINC1",2
"2083","ATF6B",6
"2084","PPT2",3
"2085","PCDH11X",9
"2086","LARS2",9
"2087","MGRN1",9
"2088","ALS2CL",8
"2089","SETD2",6
"2090","SULT1A1",7
"2091","GABRG3",13
"2092","TNS1",13
"2093","MTHFSD",9
"2094","NHSL1",6
"2095","RRM1",6
"2096","EHD2",4
"2097","MAP7D3",7
"2098","GPR101",5
"2099","ZNF629",7
"2100","ARIH2",2
"2101","TONSL",7
"2102","TAF11L14",5
"2103","PIGB",6
"2104","SLC26A9",12
"2105","SLC17A9",7
"2106","GPR132",2
"2107","JAG2",5
"2108","TCEAL5",2
"2109","HLA-B",12
"2110","ARHGEF2",7
"2111","CDYL2",7
"2112","PKD1L2",12
"2113","KNG1",5
"2114","PRKAG2",12
"2115","TRIM29",6
"2116","ANK1",14
"2117","KIF1B",19
"2118","SSH2",11
"2119","TOLLIP",10
"2120","PCDH15",21
"2121","PNMA2",3
"2122","SEC16B",4
"2123","SAMHD1",6
"2124","SPANXN2",5
"2125","PRRG3",4
"2126","ZPBP",3
"2127","TOP2B",7
"2128","F13A1",9
"2129","EGFR",12
"2130","CDH12",15
"2131","SECISBP2L",8
"2132","MOBP",4
"2133","PRSS3",14
"2134","MROH8",8
"2135","AEN",4
"2136","ATP7A",7
"2137","SCIN",10
"2138","CDS2",9
"2139","CCR9",1
"2140","TBC1D26",6
"2141","FLII",5
"2142","ACTR3B",6
"2143","WASHC2A",9
"2144","PRAMEF15",1
"2145","TRAPPC11",10
"2146","CPNE7",9
"2147","LTV1",1
"2148","FANCA",12
"2149","DOC2B",4
"2150","SERPINF2",7
"2151","PLXNB2",16
"2152","LBP",5
"2153","LAMC2",8
"2154","COBL",14
"2155","DKC1",3
"2156","CLIC2",6
"2157","PDZD2",14
"2158","ROBO1",9
"2159","FOCAD",10
"2160","EQTN",6
"2161","ARID3C",5
"2162","TBC1D32",11
"2163","UBAP2",7
"2164","SLC23A2",16
"2165","DACH2",7
"2166","TGM3",8
"2167","SUSD1",6
"2168","MYT1",9
"2169","ERCC4",5
"2170","SLC5A3",12
"2171","PALLD",11
"2172","FBXW12",5
"2173","DISP3",7
"2174","MRRF",3
"2175","ADAM28",9
"2176","POU2F1",6
"2177","RTN2",4
"2178","EPM2A",6
"2179","KAT2B",7
"2180","GK5",5
"2181","SUCNR1",4
"2182","NIPA2",3
"2183","HELLS",7
"2184","HSF5",4
"2185","CHRFAM7A",1
"2186","OR9Q1",9
"2187","ZNF160",4
"2188","DAAM2",12
"2189","ABCA1",9
"2190","MAP2K5",7
"2191","AGBL1",12
"2192","CENPB",3
"2193","TMEM79",5
"2194","KCNH1",12
"2195","MAGEB2",2
"2196","ZFHX3",19
"2197","SEC14L3",4
"2198","SRP54",2
"2199","MDGA2",14
"2200","STRIP1",8
"2201","RANBP6",3
"2202","BRD7",5
"2203","VSTM4",7
"2204","C10orf71",3
"2205","DNA2",8
"2206","WNT7B",6
"2207","DLGAP2",11
"2208","ABR",6
"2209","CD14",3
"2210","H2AZ2",4
"2211","SIGLEC5",4
"2212","CTNND1",5
"2213","HCFC1",12
"2214","DNPEP",9
"2215","EFCAB3",9
"2216","MRC2",15
"2217","RAB17",5
"2218","VCP",10
"2219","SYTL4",6
"2220","KLF4",1
"2221","YTHDF1",1
"2222","RPL5",3
"2223","FARP2",9
"2224","ENTREP3",8
"2225","TGM7",17
"2226","ETV1",7
"2227","SCO1",2
"2228","MEOX2",5
"2229","MPRIP",10
"2230","AGR3",9
"2231","RYR1",16
"2232","NME6",5
"2233","BLTP2",8
"2234","RGS4",4
"2235","GPA33",5
"2236","CEACAM1",14
"2237","LRRC20",5
"2238","KIFAP3",8
"2239","TEX15",8
"2240","SLC1A5",5
"2241","XKR5",9
"2242","NOC3L",7
"2243","MAML1",6
"2244","ATG7",10
"2245","PABPC1",22
"2246","SPEG",10
"2247","ADAP1",13
"2248","MECR",2
"2249","PTPRU",10
"2250","RIGI",5
"2251","ZNF311",3
"2252","TGM6",6
"2253","WDR59",10
"2254","AQP12A",2
"2255","DCBLD2",5
"2256","UBR2",12
"2257","COL20A1",9
"2258","PTBP3",6
"2259","JAM2",5
"2260","ABAT",9
"2261","KCNJ6",8
"2262","PSD3",13
"2263","OTOA",10
"2264","B3GALT9",2
"2265","DSCAM",11
"2266","CYLD",4
"2267","TMEM117",6
"2268","SAMD5",6
"2269","USP17L4",2
"2270","IZUMO2",4
"2271","SMG7",13
"2272","DPH3",4
"2273","CDYL",7
"2274","CAPN11",12
"2275","ZNF813",8
"2276","OARD1",1
"2277","ELAVL2",4
"2278","H2AC15",2
"2279","H2AC11",1
"2280","GABRR3",6
"2281","IL1RAPL1",8
"2282","MYH7",14
"2283","THOC5",6
"2284","SCFD1",6
"2285","ARMC2",9
"2286","SESN1",3
"2287","NSUN6",6
"2288","SSPOP",16
"2289","KIAA1217",13
"2290","DDX6",7
"2291","RNF32",4
"2292","MNX1",3
"2293","TCF3",9
"2294","SLC16A9",3
"2295","RAPGEF3",6
"2296","NTMT2",4
"2297","FMO2",6
"2298","CEP170B",4
"2299","CLBA1",2
"2300","CREB1",5
"2301","SLC17A7",6
"2302","MIR892C",3
"2303","GRM6",12
"2304","GTSF1",2
"2305","PAN2",1
"2306","SUN1",13
"2307","TTYH1",6
"2308","USP49",5
"2309","SLC17A3",7
"2310","BIRC7",4
"2311","TRAF3IP3",4
"2312","SEC24A",5
"2313","NRAP",10
"2314","CCDC186",5
"2315","FAM167A",4
"2316","GAS7",13
"2317","MYH1",10
"2318","SGCZ",10
"2319","MICU3",4
"2320","FGL1",6
"2321","ATE1",6
"2322","MAP2K3",6
"2323","FBXO8",2
"2324","TWF1",4
"2325","DYNC2I1",9
"2326","HLA-DQA1",4
"2327","PLEKHM3",6
"2328","CPT1C",10
"2329","RTN4RL2",4
"2330","ADAMTS2",9
"2331","INTS3",15
"2332","MUC21",10
"2333","STAT2",8
"2334","ACSL3",6
"2335","WRAP53",1
"2336","IFNA21",2
"2337","C4BPB",4
"2338","ITIH6",6
"2339","EIF2S3",4
"2340","BTRC",7
"2341","TMC6",6
"2342","OR5K4",4
"2343","USH2A",20
"2344","APP",10
"2345","ADGRF5",12
"2346","MRTFB",6
"2347","MEGF9",4
"2348","PKHD1",17
"2349","GFRAL",4
"2350","WDR38",3
"2351","LTBP4",14
"2352","DBX2",2
"2353","KIF13B",8
"2354","PACSIN2",9
"2355","STX6",5
"2356","LANCL1",6
"2357","TAGAP",5
"2358","BTBD18",1
"2359","TMX2",2
"2360","NKIRAS1",3
"2361","MAPK9",3
"2362","OR10Q1",4
"2363","OR10W1",3
"2364","SHC4",7
"2365","MSN",3
"2366","TMEM106B",5
"2367","SDK1",23
"2368","SNORA15B-1",4
"2369","COG4",6
"2370","DDX46",9
"2371","CFD",1
"2372","SF3A1",5
"2373","MED16",11
"2374","ZNF777",2
"2375","ATXN7L2",2
"2376","IFT46",4
"2377","ARAP3",9
"2378","ADAMTSL5",3
"2379","MIR146A",1
"2380","CES1",18
"2381","ADAMTS14",7
"2382","POU6F1",4
"2383","DAZAP2",3
"2384","BIN2",3
"2385","GLUL",2
"2386","OR5T3",3
"2387","ITGAE",10
"2388","ARRB2",3
"2389","MRNIP",3
"2390","IRF4",6
"2391","KIR2DL3",20
"2392","GBA1",7
"2393","EPHA6",16
"2394","LAPTM5",5
"2395","GPR63",1
"2396","C12orf60",1
"2397","CFAP43",11
"2398","ACSL5",3
"2399","CPSF6",6
"2400","PIK3R5",5
"2401","DLC1",11
"2402","TVP23C-CDRT4",6
"2403","PCM1",12
"2404","SKI",4
"2405","TENM3",13
"2406","SLC25A37",5
"2407","IRAK4",5
"2408","DYRK1B",5
"2409","LRRC8A",6
"2410","NCAPD3",11
"2411","IQSEC3",13
"2412","KBTBD11",1
"2413","CNKSR3",6
"2414","ADAM32",10
"2415","NUP88",6
"2416","ITGA5",8
"2417","ASGR2",5
"2418","RIPK1",5
"2419","SLC45A2",5
"2420","SPEF2",15
"2421","ARHGEF9",5
"2422","SAR1B",2
"2423","MLPH",10
"2424","TOGARAM2",8
"2425","NKAIN1",3
"2426","SERINC2",8
"2427","GUCA1A",6
"2428","DTL",5
"2429","CAPN8",7
"2430","RSPH9",7
"2431","HSDL2",4
"2432","WDR31",4
"2433","GOLGA1",9
"2434","CYP2B6",7
"2435","ESYT2",11
"2436","DMPK",4
"2437","ANP32D",4
"2438","CALM3",4
"2439","PRKD2",7
"2440","PARD3B",13
"2441","IFFO1",6
"2442","USP17L1",2
"2443","RARG",1
"2444","NLRP1",13
"2445","SNTG1",10
"2446","KDM6B",7
"2447","GNA12",5
"2448","CCZ1",4
"2449","ABCA6",10
"2450","ATP9B",13
"2451","ADGRL2",14
"2452","HP",3
"2453","COL24A1",17
"2454","OSBPL6",6
"2455","DHRS4",2
"2456","DHRS1",1
"2457","CD3E",4
"2458","COL11A1",9
"2459","KMT2A",10
"2460","DAZAP1",9
"2461","STK32B",9
"2462","UBE3C",10
"2463","NCAPG2",9
"2464","RBL2",9
"2465","WDR20",11
"2466","CDC42BPB",11
"2467","TDRD9",12
"2468","SIVA1",1
"2469","PLEKHG4",8
"2470","ERLIN2",4
"2471","TEX56P",6
"2472","FIP1L1",6
"2473","ZNF705B",3
"2474","SERPINB6",1
"2475","TNRC6C",12
"2476","KLHL29",12
"2477","CABIN1",13
"2478","MTR",10
"2479","FAM234B",6
"2480","PINX1",4
"2481","PYROXD1",5
"2482","ABCC9",12
"2483","CFAP52",2
"2484","INTS13",3
"2485","BMAL2",5
"2486","DENND5B",12
"2487","YARS2",3
"2488","TACC2",11
"2489","CPE",8
"2490","B4GALNT4",6
"2491","TNFRSF10D",6
"2492","SARS2",5
"2493","KHDRBS2",12
"2494","MPDZ",12
"2495","KY",7
"2496","DOLPP1",1
"2497","ADGRG5",9
"2498","PPP5D1P",5
"2499","DYTN",5
"2500","RMND5B",3
"2501","BDNF",3
"2502","COL23A1",15
"2503","POGZ",3
"2504","ERI1",3
"2505","DCST2",9
"2506","ATXN1",9
"2507","WDR55",7
"2508","ATP8B2",10
"2509","PTPRB",15
"2510","ZNF680",3
"2511","OR5B2",3
"2512","ABI3BP",14
"2513","KPNA6",7
"2514","MYH15",14
"2515","PPP2R5A",7
"2516","ZNF80",2
"2517","SUPT3H",6
"2518","PSEN2",7
"2519","CD2AP",9
"2520","TLR4",6
"2521","ZNF148",5
"2522","SLC41A3",6
"2523","SLC36A3",6
"2524","TARBP1",11
"2525","NTM",9
"2526","CCDC149",7
"2527","KRT79",6
"2528","MAGI3",12
"2529","CSDE1",7
"2530","CRTC2",2
"2531","XKR4",12
"2532","SLF2",9
"2533","MDM2",3
"2534","JADE2",3
"2535","RARS2",6
"2536","SAMD13",5
"2537","KIAA1671",9
"2538","CHEK2",10
"2539","EWSR1",12
"2540","TMEM236",8
"2541","MRC1",12
"2542","NOBOX",6
"2543","ELAPOR1",11
"2544","CD3G",4
"2545","CFAP74",7
"2546","PTPRM",12
"2547","ROBO4",6
"2548","MX1",6
"2549","TMPRSS2",8
"2550","MVB12B",6
"2551","SLC14A2",8
"2552","TBC1D19",6
"2553","COL6A1",8
"2554","PANK1",5
"2555","KRT6C",9
"2556","CDC37",5
"2557","NEURL4",7
"2558","PRSS55",5
"2559","RRP12",10
"2560","PIGO",8
"2561","GABRR2",4
"2562","DUSP10",4
"2563","UBAP2L",7
"2564","RASGEF1B",10
"2565","PTEN",11
"2566","FIBP",1
"2567","ZNF43",8
"2568","ZNF723",11
"2569","USP17L7",5
"2570","PEPD",9
"2571","GRK5",9
"2572","GNAI1",5
"2573","ADGRF4",7
"2574","PIWIL2",4
"2575","ATP5F1A",12
"2576","SLC38A6",6
"2577","GPR107",8
"2578","CATSPERD",10
"2579","CENPT",4
"2580","TRAPPC5",4
"2581","B4GALT7",4
"2582","NBPF12",15
"2583","KLRF1",2
"2584","TPM3",7
"2585","LCOR",8
"2586","PRAG1",5
"2587","PTPRR",10
"2588","CRYBG2",7
"2589","CRIM1",11
"2590","LMBRD2",8
"2591","TRIM50",6
"2592","DZIP3",10
"2593","CFAP44",12
"2594","GSAP",9
"2595","ITPKB",10
"2596","ZNF829",6
"2597","PKP2",10
"2598","ADAMTS20",10
"2599","ARID4B",10
"2600","FHOD3",15
"2601","PLIN3",4
"2602","LAMC3",12
"2603","KHSRP",8
"2604","DENND1C",7
"2605","CARMIL2",8
"2606","NTNG2",9
"2607","SLC12A4",4
"2608","CHD1L",11
"2609","USP41P",5
"2610","MID1",2
"2611","ESS2",8
"2612","PREP",5
"2613","FSTL3",2
"2614","PRSS57",5
"2615","HTR3E",2
"2616","CTAGE8",1
"2617","ZNF425",4
"2618","CLCC1",4
"2619","DMKN",6
"2620","MAJIN",5
"2621","GUK1",3
"2622","VPS11",9
"2623","PTPRD",21
"2624","KCNJ1",4
"2625","TTF2",7
"2626","RGS7",13
"2627","ADGRG1",10
"2628","AGRP",1
"2629","ULBP2",1
"2630","KLRD1",6
"2631","PRH1",3
"2632","BORCS5",4
"2633","GPRC5A",6
"2634","PKN3",4
"2635","PDE4C",3
"2636","CILP2",5
"2637","PTPRO",11
"2638","SKP2",6
"2639","FAM13A",9
"2640","ZNF681",4
"2641","TET2",6
"2642","LRP3",5
"2643","NOC2L",9
"2644","GRAMD1A",8
"2645","SCN2B",3
"2646","ATAD3C",6
"2647","CCDC30",3
"2648","PARP15",6
"2649","CFAP46",11
"2650","COMMD5",2
"2651","LAMA1",16
"2652","AKAP9",16
"2653","PLXNA1",8
"2654","RUVBL1",3
"2655","TMEM108",4
"2656","CPSF4",10
"2657","REG4",5
"2658","TMPRSS3",3
"2659","CASP8",3
"2660","DRC7",8
"2661","AK8",8
"2662","KLRC3",9
"2663","PI4KA",12
"2664","TRAF2",11
"2665","MICAL3",10
"2666","GJB7",3
"2667","VOPP1",7
"2668","KMT5C",4
"2669","OR5B21",2
"2670","ADGRB2",7
"2671","TMC8",3
"2672","C17orf99",3
"2673","SYNGR2",4
"2674","ZC3H3",10
"2675","SMARCE1",2
"2676","PEX1",7
"2677","LRRC27",3
"2678","PPP2R2B",7
"2679","GAREM1",6
"2680","CEP70",4
"2681","USP54",5
"2682","CCDC85C",6
"2683","CCND2",5
"2684","AZIN2",6
"2685","PRPF3",7
"2686","DEFB4A",2
"2687","PIP5K1A",8
"2688","OR7A10",8
"2689","ETV6",12
"2690","GK2",1
"2691","METTL3",2
"2692","ABCG2",4
"2693","REM2",1
"2694","SLC25A48",11
"2695","ABCA4",14
"2696","ARHGEF5",6
"2697","DLGAP3",6
"2698","SNX15",2
"2699","ZBTB20",11
"2700","TEX36",7
"2701","IQCB1",5
"2702","CERT1",6
"2703","CDK14",10
"2704","EIF2B3",7
"2705","SMURF1",14
"2706","ARHGAP28",12
"2707","GNG7",5
"2708","MAPRE2",6
"2709","ARRDC5",3
"2710","ST8SIA5",9
"2711","ANO2",15
"2712","MYOF",11
"2713","PDPR",7
"2714","OR2T3",1
"2715","DIPK1B",6
"2716","BCL2L13",2
"2717","MBP",7
"2718","CCDC148",5
"2719","ANO8",2
"2720","KLHL8",4
"2721","LPXN",7
"2722","ZFP91",6
"2723","ADH1C",5
"2724","NNT",7
"2725","TK1",1
"2726","SYNPO2",6
"2727","PDE5A",7
"2728","FAT4",10
"2729","ST3GAL3",6
"2730","RASGRP4",6
"2731","GRIA2",8
"2732","EIF3K",8
"2733","PRR11",7
"2734","AIP",3
"2735","ALDH3B2",7
"2736","IL18BP",4
"2737","TLE2",9
"2738","ELP2",7
"2739","STXBP1",6
"2740","RAB28",5
"2741","LYSET",1
"2742","KDM4B",8
"2743","ERICH3",10
"2744","PRUNE1",6
"2745","MAN2B1",11
"2746","CLOCK",7
"2747","NPFFR2",7
"2748","CYP4F22",7
"2749","ARHGEF26",7
"2750","RBM17",6
"2751","AMELX",1
"2752","TLR8",2
"2753","NUP155",11
"2754","MINDY3",4
"2755","STAM",6
"2756","ZBTB16",7
"2757","CYP11B1",8
"2758","CCL26",1
"2759","MARK2",13
"2760","ZMYM4",11
"2761","SIPA1L3",19
"2762","ELAPOR2",11
"2763","GCNT4",4
"2764","CACNA2D1",12
"2765","ERI3",5
"2766","FSTL5",10
"2767","POC5",5
"2768","FZR1",7
"2769","BBOF1",4
"2770","PLD5",7
"2771","PDE9A",8
"2772","CTIF",7
"2773","GRK6",3
"2774","RNVU1-6",1
"2775","RBM47",4
"2776","AARS1",6
"2777","DUS2",6
"2778","INPP5E",3
"2779","ZNF516",10
"2780","NMI",5
"2781","OR4N2",10
"2782","MTHFD2L",4
"2783","LIN54",6
"2784","WDFY3",13
"2785","RAB2A",2
"2786","MAP3K15",9
"2787","STX3",3
"2788","STX1A",4
"2789","METTL27",3
"2790","ELN",11
"2791","TMED5",4
"2792","MTREX",8
"2793","ATAD3B",12
"2794","C4orf51",4
"2795","DCLK2",8
"2796","ABCB4",10
"2797","GUCY1B1",5
"2798","WDR41",8
"2799","DSC1",5
"2800","ZAN",17
"2801","HTRA3",4
"2802","THG1L",4
"2803","PROM1",9
"2804","AKT3",8
"2805","PCBP3",8
"2806","ZNF136",9
"2807","CAMSAP1",6
"2808","NETO1",7
"2809","GAB4",7
"2810","MED12L",12
"2811","RBMS1",4
"2812","POLRMT",8
"2813","NMD3",5
"2814","LAMP3",6
"2815","IFT56",7
"2816","MGAM",20
"2817","AGO2",12
"2818","ISL1",6
"2819","MTA2",6
"2820","SLC22A9",7
"2821","SLC22A12",6
"2822","PGS1",5
"2823","MAP3K11",6
"2824","MSH6",12
"2825","FSHR",7
"2826","SBSPON",4
"2827","CRISPLD1",6
"2828","ZBTB14",1
"2829","LRRC9",8
"2830","AZGP1",9
"2831","SRRT",11
"2832","EFCAB9",4
"2833","KIAA1191",3
"2834","ADAMTSL2",10
"2835","ZNF653",6
"2836","OR2T4",19
"2837","PCOLCE2",4
"2838","ZNF292",7
"2839","MINDY4B",3
"2840","POT1",5
"2841","FLNC",10
"2842","CDKL3",8
"2843","RPL22L1",2
"2844","PDE7A",5
"2845","DIXDC1",7
"2846","MS4A2",2
"2847","HCFC2",2
"2848","FAM222A",4
"2849","THUMPD2",5
"2850","FEZ2",4
"2851","RMDN2",7
"2852","TNPO1",7
"2853","PDS5A",10
"2854","SLC25A10",2
"2855","EEFSEC",6
"2856","TTC39C",4
"2857","MAN2B2",11
"2858","PHTF1",5
"2859","ABLIM2",10
"2860","ARAP1",9
"2861","EPHB1",12
"2862","STIM2",6
"2863","BMPR1A",5
"2864","DCAF17",3
"2865","C12orf57",5
"2866","SERPINB10",4
"2867","LAMB1",10
"2868","SELENOT",8
"2869","ATR",11
"2870","RASA3",10
"2871","ADAMTS19",11
"2872","SLC22A5",7
"2873","HSPA4",7
"2874","GRB14",5
"2875","G6PC2",2
"2876","CBLIF",6
"2877","GNPTAB",10
"2878","PHF20L1",9
"2879","TRMT12",1
"2880","TENM2",18
"2881","MAP4K3",11
"2882","SRGAP2B",2
"2883","GFI1B",8
"2884","UBE3D",9
"2885","NPC1",8
"2886","SERINC5",6
"2887","RASA1",4
"2888","LCP2",13
"2889","ADPRHL1",8
"2890","PTTG1IP",3
"2891","PITRM1",12
"2892","CRYBG1",9
"2893","PPP1R12A",7
"2894","OR2L3",2
"2895","PHLPP1",10
"2896","TRIM42",4
"2897","LAMB4",14
"2898","DIP2C",14
"2899","NPAT",7
"2900","RBM26",10
"2901","FABP6",4
"2902","EYA1",10
"2903","ASPH",14
"2904","PPP2R1B",6
"2905","DDX10",10
"2906","ASAP1",14
"2907","ENPP2",13
"2908","FCHSD2",11
"2909","MUC12",13
"2910","ATM",16
"2911","PCNT",12
"2912","IBTK",7
"2913","FAM86C1P",8
"2914","AACS",8
"2915","ACYP2",6
"2916","CADPS2",14
"2917","THSD7B",13
"2918","NOTCH2",6
"2919","ITGA10",9
"2920","SEC63",5
"2921","OR2B11",6
"2922","SMAP1",6
"2923","HNRNPU",6
"2924","MRPS9",3
"2925","ANKRD36C",21
"2926","TMEM163",9
"2927","KCND2",7
"2928","CASP4",5
"2929","DGAT2",5
"2930","RNF115",7
"2931","AFG1L",8
"2932","KIAA1549",11
"2933","PSKH2",5
"2934","MYO6",8
"2935","ANAPC7",5
"2936","HPDL",2
"2937","PITPNM2",10
"2938","KSR2",11
"2939","BRAP",3
"2940","EFCAB7",3
"2941","MMP10",5
"2942","ALPK2",9
"2943","CCDC112",3
"2944","EPB41L4A",9
"2945","FAHD2B",10
"2946","PROM2",8
"2947","MAN2A1",7
"2948","RNU6-617P",1
"2949","LHFPL3",13
"2950","ATP6V0A4",15
"2951","SLA",3
"2952","PFKFB3",7
"2953","CPA1",6
"2954","TRIB1",7
"2955","SAMD12",18
"2956","RGS22",12
"2957","RNU6-73P",1
"2958","PPIP5K2",4
"2959","GCC2",9
"2960","C1orf141",2
"2961","FANCL",7
"2962","HNF4G",3
"2963","ACTN3",10
"2964","CCDC63",7
"2965","HVCN1",4
"2966","RUNX1T1",8
"2967","FBRSL1",7
"2968","MKNK1",6
"2969","PDZK1IP1",4
"2970","KLHL35",6
"2971","TEP1",17
"2972","OSGEP",4
"2973","SYTL2",9
"2974","WDR7",8
"2975","SLC26A4",13
"2976","KIAA0825",8
"2977","RNF19A",7
"2978","ARRDC3",3
"2979","MCTP1",5
"2980","PDE4B",9
"2981","TMEM161B",4
"2982","ADGRL4",12
"2983","C11orf65",5
"2984","LRRIQ3",10
"2985","UBAC2",5
"2986","CDK8",3
"2987","RSPO2",8
"2988","YWHAZ",6
"2989","FAAH",3
"2990","MBNL2",4
"2991","TMEM255B",6
"2992","CD109",7
"2993","TRPV4",12
"2994","KAT5",1
"2995","IL31",4
"2996","OASL",4
"2997","PKHD1L1",18
"2998","ERICH6B",4
"2999","TEKT4",7
"3000","TRIM64B",6
"3001","VIRMA",12
"3002","SFSWAP",9
"3003","KCNQ3",13
"3004","MYO7A",14
"3005","NCALD",13
"3006","USP34",18
"3007","EPSTI1",5
"3008","SMIM30",1
"3009","CCDC115",1
"3010","SGIP1",13
"3011","RTKN",8
"3012","LRRC7",10
"3013","CARS2",11
"3014","CCDC169",6
"3015","ANTXR1",10
"3016","CDO1",7
"3017","REG3A",5
"3018","SUCLA2",5
"3019","SERBP1",2
"3020","SLC15A1",9
"3021","CEP120",8
"3022","SNCAIP",8
"3023","VPS13B",20
"3024","FREM2",11
"3025","MRPS5",4
"3026","RMND5A",1
"3027","EP400",16
"3028","MEIS1",4
"3029","SNRNP27",4
"3030","MAP4K4",7
"3031","UCHL3",4
"3032","SPART",2
"3033","BORA",3
"3034","RAD21",6
"3035","CLN5",6
"3036","UBE2U",6
"3037","SNX2",2
"3038","MUTYH",4
"3039","LAPTM4B",6
"3040","ACOT11",8
"3041","SGCG",4
"3042","NBPF11",11
"3043","COL27A1",14
"3044","FHAD1",12
"3045","PIERCE1",2
"3046","STKLD1",10
"3047","ABLIM1",7
"3048","PTPN1",4
"3049","PADI1",5
"3050","MUSK",8
"3051","SURF1",5
"3052","RBM20",4
"3053","PSMC2",6
"3054","CT45A3",1
"3055","MIGA1",12
"3056","SLC9A2",10
"3057","UBN2",11
"3058","ADCK2",8
"3059","SCART1",7
"3060","CIMAP1A",3
"3061","OR2M5",5
"3062","FMO5",6
"3063","NR4A3",4
"3064","PHF3",5
"3065","TUBGCP2",8
"3066","OR4C11",2
"3067","OR5L1",8
"3068","MIGA2",5
"3069","VTI1A",1
"3070","CELF3",6
"3071","MAB21L4",4
"3072","LYSMD1",3
"3073","SPMIP5",2
"3074","DNAH1",11
"3075","CEP164",9
"3076","TLE1",9
"3077","CNKSR1",6
"3078","MXI1",4
"3079","PCED1A",2
"3080","POMT2",5
"3081","SLC7A2",6
"3082","SPATA21",6
"3083","WDR3",9
"3084","DAPK1",13
"3085","TERB2",3
"3086","CYP3A7-CYP3A51P",8
"3087","TGFBR3",8
"3088","GBP3",4
"3089","RBM39",10
"3090","FRRS1",7
"3091","TBCD",12
"3092","EPHA10",12
"3093","PCSK4",7
"3094","CAST",5
"3095","MROH7",10
"3096","ZYX",3
"3097","DNAJC6",10
"3098","LEPR",6
"3099","PDZK1",4
"3100","MIER1",5
"3101","NDUFV2",10
"3102","EIF2B5",6
"3103","PRAMEF20",4
"3104","DCHS1",11
"3105","TSLP",2
"3106","SZRD1",2
"3107","FCGRT",3
"3108","HRAS",3
"3109","RTN4RL1",5
"3110","KRT39",3
"3111","CD58",5
"3112","FBP1",3
"3113","MECP2",4
"3114","KCNN2",5
"3115","CDCP2",3
"3116","OR2M3",3
"3117","TSPAN4",6
"3118","DPYD",12
"3119","NBPF20",10
"3120","CPSF1",13
"3121","CCDC178",8
"3122","HCAR1",3
"3123","PRAMEF1",5
"3124","JPH3",10
"3125","HS2ST1",3
"3126","FAT1",16
"3127","PILRA",3
"3128","BCL9",8
"3129","PRR5-ARHGAP8",7
"3130","SLC16A1",4
"3131","TC2N",5
"3132","SSBP1",2
"3133","CHRNA1",6
"3134","SYDE2",6
"3135","FBLIM1",2
"3136","LMNTD2",3
"3137","CCDC18",15
"3138","NBPF15",7
"3139","TRIM40",1
"3140","SDHB",2
"3141","EXO1",9
"3142","ZNF556",5
"3143","ALPK1",8
"3144","MIPEP",10
"3145","XKR9",5
"3146","PLEKHG7",5
"3147","KCND3",7
"3148","SORBS2",12
"3149","CYP4V2",5
"3150","ARCN1",5
"3151","FOXM1",8
"3152","TEAD4",7
"3153","ADA2",6
"3154","HIVEP1",8
"3155","MTBP",11
"3156","FAM91A1",10
"3157","MTSS1",12
"3158","PMP2",1
"3159","PNCK",4
"3160","FAM168B",4
"3161","DNAI3",13
"3162","DEFB4B",6
"3163","CHRM3",9
"3164","CLCNKA",10
"3165","ZNF517",4
"3166","SMARCA2",13
"3167","FRG2B",1
"3168","VAV3",12
"3169","OTOP1",13
"3170","WASHC5",11
"3171","WDR17",13
"3172","SPATA1",5
"3173","PKN2",6
"3174","UTP23",6
"3175","ZDHHC17",4
"3176","VPS13D",15
"3177","DDX20",6
"3178","PPP3CC",2
"3179","DGAT1",4
"3180","SLC25A13",9
"3181","TRRAP",16
"3182","TH",5
"3183","TEAD2",12
"3184","HUWE1",12
"3185","TMEM53",3
"3186","AP2A2",9
"3187","LRP2",13
"3188","EXTL2",3
"3189","RLN2",4
"3190","TAF10",5
"3191","TMEM167B",3
"3192","FNIP2",5
"3193","SLC36A1",4
"3194","IL9R",5
"3195","NAP1L1",8
"3196","FAM219A",4
"3197","RFLNA",6
"3198","MTOR",12
"3199","PDGFRA",9
"3200","RER1",4
"3201","STYXL1",10
"3202","AP4M1",8
"3203","NME8",14
"3204","DNAH2",16
"3205","ABCF2",8
"3206","CLEC4E",5
"3207","CNGA2",5
"3208","CHGA",2
"3209","GALC",9
"3210","ASMTL",9
"3211","PLEKHN1",2
"3212","SCN9A",14
"3213","CEPT1",2
"3214","ASXL1",7
"3215","TSPAN17",6
"3216","SP4",4
"3217","JAK2",12
"3218","PEX3",3
"3219","KDM4C",13
"3220","AMPD2",4
"3221","EPS8L3",7
"3222","ATRX",11
"3223","SLC1A7",6
"3224","DBF4",5
"3225","MIR7162",7
"3226","SLC13A1",6
"3227","EBF2",5
"3228","ANGPTL3",3
"3229","BCAP29",8
"3230","DNM1L",10
"3231","ZNF211",5
"3232","CYP11B2",7
"3233","ITGB8",3
"3234","NFE2L3",7
"3235","SNAPC3",9
"3236","CAAP1",1
"3237","GTF2IRD1",13
"3238","PCLO",15
"3239","CENPS-CORT",9
"3240","GBA2",5
"3241","PNPLA6",8
"3242","BMP5",4
"3243","PPAN",8
"3244","SLC12A3",12
"3245","ZCWPW1",7
"3246","OR51I2",2
"3247","TRIM5",6
"3248","MAST1",9
"3249","TCHH",11
"3250","ZNF432",4
"3251","CACNA1A",17
"3252","DCAF15",3
"3253","IFI44",5
"3254","WDR47",4
"3255","CD1E",7
"3256","PALS2",10
"3257","KIF15",8
"3258","TEK",10
"3259","HNF1A",3
"3260","PIAS4",5
"3261","ANKRD24",5
"3262","TRABD2B",5
"3263","UBA6",11
"3264","DAAM1",8
"3265","VWF",15
"3266","IP6K3",5
"3267","BBS1",5
"3268","P4HA3",4
"3269","DDIAS",4
"3270","APBA1",10
"3271","PLAG1",6
"3272","MAGEB10",2
"3273","GREM1",2
"3274","SLC66A1",5
"3275","RAP1GAP",12
"3276","OR10R2",5
"3277","ZNF436",2
"3278","MAP3K6",7
"3279","ATP8B3",11
"3280","SCAMP4",4
"3281","FNBP1L",7
"3282","CLVS1",10
"3283","ARPC3",2
"3284","GATA2",3
"3285","TMIGD2",3
"3286","PLIN5",4
"3287","RAB3B",5
"3288","CHST9",4
"3289","MOB3A",4
"3290","TIMM44",6
"3291","BRD4",11
"3292","MSL3",6
"3293","RNU6-120P",2
"3294","MYBPC3",10
"3295","B3GAT1",4
"3296","SQLE",4
"3297","ESF1",6
"3298","ST3GAL1",8
"3299","FAM135B",14
"3300","GRK7",6
"3301","MAPRE3",7
"3302","XDH",12
"3303","NLRC4",4
"3304","RASGRP3",10
"3305","FAT2",16
"3306","DIRAS1",4
"3307","RUBCN",10
"3308","MIR217",1
"3309","VRK2",2
"3310","ACSS3",8
"3311","ABCC4",13
"3312","MYO16",11
"3313","STRN3",8
"3314","FKBP3",2
"3315","SEL1L",6
"3316","CARM1",10
"3317","RGL3",8
"3318","SMIM2",5
"3319","CALR",6
"3320","PRKACA",10
"3321","BIRC6",17
"3322","RASAL2",9
"3323","DHX57",8
"3324","DOHH",3
"3325","TTC7A",7
"3326","DRD3",4
"3327","CLHC1",10
"3328","COL9A2",10
"3329","TIMM21",1
"3330","CDK11B",4
"3331","ARHGAP10",12
"3332","AFF1",10
"3333","LIN9",7
"3334","HECTD2",7
"3335","AGTPBP1",5
"3336","FRMPD3",9
"3337","FANCM",10
"3338","COL14A1",17
"3339","RGS1",4
"3340","TMCO5A",3
"3341","OPN3",2
"3342","PLA2G4D",3
"3343","CEP170",9
"3344","THADA",17
"3345","RNF220",7
"3346","SLC6A9",7
"3347","B4GALT2",5
"3348","PDXK",3
"3349","SYN2",7
"3350","CD96",7
"3351","CHGB",5
"3352","PRKAA1",7
"3353","DIAPH3",6
"3354","SUPT16H",8
"3355","MICALL2",9
"3356","UNC93A",4
"3357","NOM1",6
"3358","PLVAP",1
"3359","COMMD7",2
"3360","MTCL2",8
"3361","RPN2",7
"3362","CTNNBL1",8
"3363","SYS1",5
"3364","DNTTIP1",7
"3365","STAU1",8
"3366","B4GALT5",7
"3367","SMYD3",8
"3368","EPAS1",10
"3369","KLKB1",3
"3370","GRIFIN",3
"3371","MAGI2",17
"3372","ZDHHC2",4
"3373","HR",5
"3374","ERN2",8
"3375","KRTAP19-4",1
"3376","TMEM50B",3
"3377","ITGAL",8
"3378","REST",3
"3379","ZNF69",6
"3380","DHPS",2
"3381","WWP2",10
"3382","FLG2",6
"3383","SPRR2E",1
"3384","UBE2Q1",2
"3385","AHCYL2",5
"3386","NRF1",7
"3387","MKLN1",12
"3388","PI4K2A",5
"3389","AGAP4",6
"3390","RLIG1",1
"3391","DVL1",6
"3392","LOXHD1",10
"3393","GCH1",3
"3394","LRRC56",4
"3395","MS4A7",7
"3396","KDM2A",7
"3397","ZNF202",3
"3398","PCNX2",11
"3399","RDH12",3
"3400","SIPA1L1",4
"3401","DLST",4
"3402","SLC29A2",2
"3403","URB2",4
"3404","GRTP1",7
"3405","TRAF3",5
"3406","SNORD115-11",2
"3407","WDR72",13
"3408","STUB1",9
"3409","PLCB2",12
"3410","RPAP1",5
"3411","LDLRAP1",4
"3412","MTFR1",7
"3413","ZMYND12",6
"3414","SNX5",4
"3415","GAD2",10
"3416","FAM83F",5
"3417","PIK3R4",7
"3418","NAA15",4
"3419","TERT",10
"3420","LARS1",5
"3421","C6orf62",6
"3422","KIFC1",10
"3423","BAG2",2
"3424","MDN1",16
"3425","NIPAL3",3
"3426","CHRNA7",5
"3427","FBXO22",2
"3428","RAB34",5
"3429","LINC02210-CRHR1",8
"3430","GTF3A",6
"3431","HEG1",7
"3432","ALG1L1P",5
"3433","MAU2",9
"3434","GMIP",6
"3435","ZNF492",7
"3436","ACSBG2",3
"3437","PSG4",11
"3438","ZNF329",5
"3439","FHL2",6
"3440","CARF",5
"3441","MAPRE1",8
"3442","SLC49A4",5
"3443","CDS1",4
"3444","CES2",6
"3445","SLC30A9",4
"3446","EDNRA",6
"3447","RNU6-582P",1
"3448","PCDHB12",4
"3449","NFIX",10
"3450","IER2",2
"3451","ADAMDEC1",7
"3452","GOT1L1",4
"3453","NUP205",16
"3454","STYXL2",6
"3455","DCAF6",10
"3456","MSANTD2",3
"3457","GPALPP1",3
"3458","ZNF839",4
"3459","PCNP",2
"3460","PSG9",11
"3461","ITPRID2",8
"3462","SNX31",8
"3463","MYL10",4
"3464","PDCD10",6
"3465","BTC",3
"3466","RCHY1",3
"3467","SDAD1",4
"3468","SEC31A",9
"3469","NLGN2",2
"3470","ALKAL1",5
"3471","CCDC40",8
"3472","PSG7",12
"3473","SZT2",15
"3474","FLACC1",6
"3475","ADI1",2
"3476","RHOT2",7
"3477","VIM",6
"3478","SEC14L1",7
"3479","CEP131",8
"3480","TMC4",7
"3481","ROCK2",8
"3482","UBXN2A",4
"3483","LOXL3",9
"3484","NCKAP1",6
"3485","INPP5D",8
"3486","CDC25B",11
"3487","ZNF217",8
"3488","PPP1R3D",1
"3489","PATZ1",5
"3490","CMBL",4
"3491","GABRA4",5
"3492","DAP",6
"3493","CDH9",9
"3494","PRLR",9
"3495","CPLANE1",15
"3496","RICTOR",11
"3497","MAST4",13
"3498","IQGAP2",9
"3499","JMY",5
"3500","MEF2C",5
"3501","GALNT9",5
"3502","MICU2",4
"3503","HSD17B4",5
"3504","LRRK1",11
"3505","ZNF213",2
"3506","CNTROB",7
"3507","ULK2",4
"3508","KRT38",4
"3509","CDC27",6
"3510","RPL4",3
"3511","CEACAM6",3
"3512","TRIP12",12
"3513","NWD1",10
"3514","USHBP1",6
"3515","IL12RB1",8
"3516","SERPING1",2
"3517","ZNF415",3
"3518","KCNIP3",7
"3519","ANKRD36B",9
"3520","CNTNAP5",14
"3521","PDE11A",10
"3522","COL11A2",10
"3523","MALSU1",1
"3524","ZNF735",5
"3525","HOXD1",2
"3526","C6orf89",6
"3527","CMTR1",6
"3528","ZFAND3",7
"3529","GLP1R",10
"3530","ABCC6",9
"3531","FBXO34",7
"3532","PLA2G4E",7
"3533","KAT2A",4
"3534","ZNF611",7
"3535","CNOT3",3
"3536","PTPN9",5
"3537","KDM5B",12
"3538","SLC30A10",8
"3539","ATG5",5
"3540","FOXO3",3
"3541","RSPH4A",3
"3542","BCLAF1",3
"3543","ADGRF1",12
"3544","GET4",7
"3545","GGTLC1",6
"3546","IQCE",13
"3547","COL28A1",11
"3548","ICA1",9
"3549","RBFA",8
"3550","NFATC2",14
"3551","NUDCD3",5
"3552","SPDYE21",5
"3553","CALN1",13
"3554","RAE1",6
"3555","PTK6",6
"3556","RBM11",4
"3557","KIF22",3
"3558","TBX6",3
"3559","UBXN7",6
"3560","IGSF5",6
"3561","HSF2BP",3
"3562","PRMT2",5
"3563","LMOD2",5
"3564","ADAM15",6
"3565","APOA2",1
"3566","ZNF888",8
"3567","COL17A1",10
"3568","VAMP4",3
"3569","PARP12",8
"3570","IER5",2
"3571","CACNB4",7
"3572","PDC",2
"3573","GGT1",8
"3574","NAV1",15
"3575","CR1L",12
"3576","C1orf74",3
"3577","HOXD10",3
"3578","PEBP4",3
"3579","WRN",7
"3580","BAG4",4
"3581","NUP210",10
"3582","GOLGA4",14
"3583","GXYLT2",5
"3584","CCNL1",6
"3585","DGKG",11
"3586","SLC51A",5
"3587","PPARGC1A",6
"3588","KIF5C",11
"3589","DIS3L2",9
"3590","ANKRD46",3
"3591","NUDCD1",9
"3592","SYBU",9
"3593","KCNV1",1
"3594","PRKG1",8
"3595","CABCOCO1",5
"3596","JMJD1C",11
"3597","TBATA",6
"3598","ECD",2
"3599","C10orf55",1
"3600","TSPAN14",6
"3601","SLIT1",12
"3602","TAF5",1
"3603","BLTP3B",6
"3604","GAS2L3",6
"3605","PLPP4",3
"3606","OAT",1
"3607","C10orf90",8
"3608","C10orf143",5
"3609","ADGRA1",8
"3610","CEMIP2",8
"3611","PRUNE2",15
"3612","SLC28A3",6
"3613","CCDC180",12
"3614","ANKS6",6
"3615","MSANTD3",2
"3616","SVEP1",14
"3617","MAST3",10
"3618","HOMER3",5
"3619","MYH6",9
"3620","MTFMT",4
"3621","NUBP1",5
"3622","NEIL1",6
"3623","ZC3H18",10
"3624","CAPNS1",5
"3625","IGFL2",2
"3626","CARD8",6
"3627","ZSCAN5A",9
"3628","TMC2",5
"3629","NCF2",8
"3630","NCAM2",12
"3631","PLCD1",1
"3632","FRMPD4",8
"3633","RAI2",4
"3634","ARX",1
"3635","DCAF8L1",2
"3636","CCSER1",14
"3637","CDX2",1
"3638","METTL17",7
"3639","TRPV1",7
"3640","GCM2",5
"3641","DDX60L",11
"3642","CLCN3",7
"3643","CASP3",5
"3644","F11",5
"3645","GYS2",13
"3646","SLC12A7",17
"3647","NDUFS6",7
"3648","SEMA5A",15
"3649","FKBP1B",1
"3650","RASSF3",7
"3651","HELB",4
"3652","TMEM175",3
"3653","HSP90B1",11
"3654","CASS4",6
"3655","CRNKL1",5
"3656","NKAIN4",7
"3657","B3GNT2",4
"3658","VPS54",5
"3659","DNAAF10",4
"3660","PARP4",12
"3661","ATP12A",10
"3662","TAF1C",6
"3663","SERPINF1",2
"3664","AKAP11",8
"3665","TMEM131",14
"3666","MIR19B1",3
"3667","DOCK9",16
"3668","ING1",5
"3669","ATP4B",5
"3670","TRIM32",1
"3671","RBM23",12
"3672","DCAF11",5
"3673","NEMF",11
"3674","NIN",13
"3675","PELI2",3
"3676","SIX1",3
"3677","TRPM2",10
"3678","SPTB",8
"3679","MYO3B",12
"3680","PARP1",9
"3681","PLCD3",7
"3682","MAPT",9
"3683","ASXL3",5
"3684","CLASRP",6
"3685","C1QB",3
"3686","BID",2
"3687","HIC2",3
"3688","RAB36",3
"3689","TOM1L2",4
"3690","COL9A1",15
"3691","PADI4",8
"3692","LAMC1",9
"3693","SIPA1L2",10
"3694","ADAT2",7
"3695","UTRN",15
"3696","ISLR2",3
"3697","ARID3B",2
"3698","CHD2",14
"3699","TBX2",4
"3700","MKS1",8
"3701","CLUL1",5
"3702","NAPG",6
"3703","ADA",5
"3704","KCNJ4",2
"3705","TMEM40",6
"3706","XIRP1",6
"3707","QRICH1",5
"3708","GMPS",8
"3709","ZNF205",3
"3710","SIGLEC11",5
"3711","MRPS22",4
"3712","CDC45",8
"3713","CARD10",7
"3714","RNU2-61P",2
"3715","SASH1",9
"3716","SH3BGR",8
"3717","MYOM2",10
"3718","WASL",7
"3719","IRF8",4
"3720","ZFPM1",5
"3721","SH2D1B",5
"3722","TRAPPC2L",3
"3723","SVOPL",8
"3724","ZC3HAV1L",7
"3725","SLC22A6",2
"3726","CFH",8
"3727","ZNF467",6
"3728","IQCA1L",7
"3729","SIX4",3
"3730","INTS7",7
"3731","LBR",7
"3732","LHX3",2
"3733","PNPLA7",15
"3734","GOSR1",2
"3735","NRP2",6
"3736","CD44",12
"3737","NRIP2",5
"3738","AAGAB",4
"3739","MYBBP1A",11
"3740","C4orf17",4
"3741","RGL2",9
"3742","CNBD1",12
"3743","NBN",6
"3744","RAD54L2",5
"3745","ANKRD30B",13
"3746","PSMD6",4
"3747","PRICKLE2",14
"3748","ARHGEF10",10
"3749","OTUD7A",8
"3750","ZNF532",3
"3751","CDH20",9
"3752","PWWP3A",7
"3753","ARPC5L",2
"3754","TBL3",9
"3755","ZNF79",5
"3756","CYP2S1",5
"3757","VAMP8",1
"3758","KIF1A",17
"3759","COMMD2",5
"3760","CERS4",7
"3761","SIAH2",5
"3762","AADAC",5
"3763","DHX36",8
"3764","TNIK",15
"3765","SPATA16",7
"3766","NLGN1",12
"3767","CCDC39",10
"3768","TP63",7
"3769","LRRC15",3
"3770","VCX",10
"3771","STRBP",5
"3772","CRB2",7
"3773","GARNL3",8
"3774","NOL12",4
"3775","XYLT1",10
"3776","ITPRIPL2",1
"3777","ABL1",7
"3778","PRRC2B",14
"3779","SETX",8
"3780","CFAP77",10
"3781","SFXN5",6
"3782","IL36RN",5
"3783","TUBA3E",6
"3784","FAM86B2",2
"3785","GNG8",2
"3786","TAB3",5
"3787","MAGED2",7
"3788","SLC7A9",3
"3789","IMMT",5
"3790","GGA1",8
"3791","RRP7A",5
"3792","SBF1",10
"3793","GTF2E1",3
"3794","KIR2DL1",21
"3795","KIR3DL1",14
"3796","SHISA7",3
"3797","ZNF749",5
"3798","ZSCAN1",10
"3799","MBOAT2",6
"3800","NBAS",13
"3801","AQP6",5
"3802","ZNF263",3
"3803","ALDH1A3",7
"3804","AP1B1",8
"3805","MRTFA",11
"3806","APBB2",10
"3807","ADGRL3",13
"3808","SNX29",13
"3809","OR2J3",4
"3810","TUBGCP6",10
"3811","TRNT1",2
"3812","CTNNB1",4
"3813","GFPT1",4
"3814","C2orf42",4
"3815","DNAH6",14
"3816","FLT1",9
"3817","VWA3B",9
"3818","ANAPC1",10
"3819","PIWIL3",7
"3820","UIMC1",5
"3821","TSBP1",14
"3822","TBC1D14",6
"3823","SPMAP2L",7
"3824","OTUD4",10
"3825","SPINK7",6
"3826","TUSC3",6
"3827","RALGAPA1",13
"3828","ABI2",5
"3829","FAM118A",7
"3830","LPO",5
"3831","WNT10A",2
"3832","TAMM41",6
"3833","WNT11",3
"3834","PLCB4",12
"3835","ANKEF1",6
"3836","KAT14",6
"3837","SEC23B",7
"3838","KRTAP1-3",4
"3839","RASIP1",5
"3840","LILRB2",14
"3841","HIRA",5
"3842","GRID2IP",7
"3843","LRRC28",8
"3844","OR1F1",3
"3845","SHISA9",7
"3846","SPOCK1",11
"3847","HLA-DOB",3
"3848","ARHGAP33",4
"3849","CCDC191",7
"3850","ATP2C2",17
"3851","ZNF398",6
"3852","EPX",6
"3853","CLCN1",8
"3854","CNTNAP2",17
"3855","EEF2K",11
"3856","ATP2A3",10
"3857","MCPH1",9
"3858","DNASE1L3",4
"3859","TBC1D22A",10
"3860","TUBA8",4
"3861","PPM1F",5
"3862","ZNF729",9
"3863","ODF2",5
"3864","NSUN5",4
"3865","CDC25A",6
"3866","MYH2",3
"3867","TMEM273",7
"3868","BPNT2",1
"3869","H1-5",4
"3870","TRIM27",5
"3871","ZDHHC5",4
"3872","RPS3",4
"3873","KBTBD3",4
"3874","PARN",11
"3875","TGFB1",5
"3876","USP39",4
"3877","AGAP6",5
"3878","RIN1",7
"3879","POLD3",7
"3880","SIK3",7
"3881","SHF",4
"3882","PARP16",2
"3883","PSTPIP1",7
"3884","NHERF2",4
"3885","MED12",8
"3886","MIR325",2
"3887","GCLC",6
"3888","DDX25",4
"3889","PRDM5",8
"3890","HHIP",3
"3891","ATP2B3",11
"3892","ZNF283",4
"3893","ZNF224",3
"3894","MYBL1",7
"3895","DIPK2B",4
"3896","SSX5",2
"3897","CACNA1F",7
"3898","USP51",3
"3899","ZNF528",8
"3900","VRK3",9
"3901","BRD2",6
"3902","HLA-DPB1",5
"3903","MECOM",12
"3904","UBE2D4",4
"3905","SNX9",11
"3906","PGAM4",3
"3907","KIF21A",8
"3908","MCRS1",1
"3909","MIR133B",1
"3910","KCNJ3",1
"3911","FBXL13",9
"3912","WDR46",1
"3913","GP2",3
"3914","ZNF141",5
"3915","PRMT3",6
"3916","GOLGA8O",2
"3917","DHX40",2
"3918","RAC2",5
"3919","TEX52",1
"3920","PIWIL4",5
"3921","STXBP5",8
"3922","NF1",9
"3923","PDE1A",11
"3924","SETMAR",4
"3925","SPIB",6
"3926","PIGX",7
"3927","PTRH2",8
"3928","SCN4A",8
"3929","HELZ",7
"3930","KIR3DL3",19
"3931","NRP1",5
"3932","TNRC6B",12
"3933","TSPAN9",10
"3934","WDR27",8
"3935","FAM20C",8
"3936","CPEB1",5
"3937","TMPRSS7",6
"3938","GPLD1",12
"3939","RAB31",8
"3940","ITGB4",8
"3941","CARD14",8
"3942","TPD52L2",7
"3943","RET",6
"3944","FXYD4",1
"3945","PCDHB15",5
"3946","CECR2",8
"3947","GLI3",9
"3948","DGCR6",2
"3949","SPAG16",13
"3950","WDR33",10
"3951","POLR2D",4
"3952","CENPI",7
"3953","IL1RAPL2",10
"3954","COL4A5",10
"3955","KIAA1210",6
"3956","SEPTIN6",6
"3957","PRR32",3
"3958","MTERF4",4
"3959","PDCD7",3
"3960","ELP5",5
"3961","MAPK11",3
"3962","SLC6A5",12
"3963","XRCC5",10
"3964","ARHGEF4",8
"3965","PLEKHB2",13
"3966","THOC2",5
"3967","IGSF1",7
"3968","ADISSP",4
"3969","SIRPD",4
"3970","TRPC6",7
"3971","ALCAM",6
"3972","MORC1",8
"3973","CD200",6
"3974","RPL13A",7
"3975","RUNDC3A",6
"3976","QSER1",7
"3977","CCNB2",2
"3978","GBA3",9
"3979","SEPTIN3",4
"3980","A4GALT",2
"3981","TRPV2",8
"3982","UBXN11",10
"3983","H3C13",9
"3984","MRGPRX4",5
"3985","BCR",13
"3986","SMARCB1",4
"3987","PLCXD1",5
"3988","LIF",1
"3989","AP4E1",5
"3990","IFT27",4
"3991","BOK",2
"3992","RGS12",10
"3993","FBXL5",5
"3994","PIF1",7
"3995","IREB2",6
"3996","FAH",4
"3997","TIGAR",6
"3998","FAT3",14
"3999","GPR83",4
"4000","CEP57",3
"4001","ARHGAP42",10
"4002","ZNF845",9
"4003","ZNF765",7
"4004","APOL5",1
"4005","ELMOD1",6
"4006","PAFAH1B2",5
"4007","ANO10",8
"4008","RNF167",2
"4009","PRDM10",10
"4010","SLIT2",12
"4011","CEP135",8
"4012","PPFIBP1",17
"4013","AMPD3",10
"4014","SPDYE4",10
"4015","MIR548I2",5
"4016","GAL",1
"4017","KRTAP5-7",11
"4018","TRIM77",2
"4019","GMPPA",2
"4020","GLP2R",3
"4021","C2CD4B",1
"4022","SNORA70I",1
"4023","ANKMY1",8
"4024","ZFYVE28",8
"4025","ABHD17C",4
"4026","L3MBTL4",14
"4027","RPL23",6
"4028","HIGD2B",2
"4029","TAS1R2",8
"4030","TBCK",11
"4031","IQCA1",12
"4032","AGFG1",9
"4033","FABP2",3
"4034","FADS2",3
"4035","NEO1",3
"4036","RASGRF1",10
"4037","CCDC42",2
"4038","OR1D2",1
"4039","FAM81A",6
"4040","TBCEL",3
"4041","NRGN",4
"4042","GIGYF2",10
"4043","CRTC3",5
"4044","INTS8",9
"4045","ZFC3H1",7
"4046","KCNMB4",4
"4047","ACAN",11
"4048","KLHL25",3
"4049","SLC28A1",10
"4050","FBXO43",2
"4051","DPY19L4",8
"4052","EGLN3",8
"4053","CDH17",6
"4054","PRC1",9
"4055","AKAP13",11
"4056","ITGBL1",7
"4057","INF2",12
"4058","SNORD116-1",3
"4059","DYRK2",4
"4060","LRP12",6
"4061","ALPK3",8
"4062","ADGRE1",11
"4063","AHNAK2",15
"4064","TARS3",8
"4065","MPG",1
"4066","RNU6-741P",1
"4067","MAGEL2",4
"4068","NECAB1",9
"4069","WDR73",5
"4070","CNGB3",12
"4071","ANGPT1",6
"4072","FNDC3A",10
"4073","SLC7A8",8
"4074","TRIQK",5
"4075","PCSK6",11
"4076","ZNF592",5
"4077","ZFPM2",10
"4078","PNPLA8",2
"4079","TSC2",14
"4080","FGF14",13
"4081","DECR2",8
"4082","CTHRC1",2
"4083","PDGFC",5
"4084","MIPOL1",6
"4085","CAMSAP3",6
"4086","TF",14
"4087","SLCO2A1",8
"4088","FZD6",4
"4089","TM9SF1",4
"4090","KRIT1",5
"4091","RXFP1",10
"4092","ACIN1",7
"4093","CELSR1",10
"4094","RGMA",4
"4095","CPNE3",8
"4096","KIF1C",9
"4097","ADCY4",5
"4098","XCL2",2
"4099","CARMIL3",12
"4100","DENND6B",7
"4101","CPNE6",3
"4102","CPT1B",10
"4103","SNORD116-4",8
"4104","NDEL1",1
"4105","NMRAL1",1
"4106","MOK",6
"4107","FAM177A1",5
"4108","PPP2R3C",4
"4109","NAXD",6
"4110","CDK6",5
"4111","CASD1",8
"4112","RB1",13
"4113","DHRS2",8
"4114","TAFA5",10
"4115","CD36",12
"4116","ZNF706",1
"4117","SNORD115-24",1
"4118","VPS39",9
"4119","CDHR3",12
"4120","THAP5",3
"4121","ZNF277",8
"4122","TELO2",9
"4123","PER1",8
"4124","ZNF423",10
"4125","ANKS3",4
"4126","PRORP",5
"4127","POM121",10
"4128","GRM3",4
"4129","ABCB1",11
"4130","SRGAP1",9
"4131","ARHGEF7",11
"4132","TYK2",9
"4133","ENTREP2",10
"4134","CCDC154",4
"4135","KANK3",4
"4136","PKDREJ",9
"4137","PLA2G4F",7
"4138","PCK2",4
"4139","RNU6-955P",1
"4140","COG5",9
"4141","LUM",3
"4142","LMO7",12
"4143","DOCK4",13
"4144","PTX4",2
"4145","CCDC196",2
"4146","LSMEM1",4
"4147","NUP58",5
"4148","GPR12",2
"4149","MARK3",7
"4150","CAND2",7
"4151","CDKL1",8
"4152","BAIAP2L2",5
"4153","FAM227A",8
"4154","OR2Z1",8
"4155","TXNDC16",2
"4156","CYSLTR2",2
"4157","LMF1",6
"4158","SLC7A7",7
"4159","U2SURP",7
"4160","UBE2G1",4
"4161","ATXN7L1",9
"4162","P2RX1",8
"4163","UPP1",5
"4164","FGD6",9
"4165","WSCD1",4
"4166","APAF1",10
"4167","ANO4",11
"4168","SYCP3",7
"4169","CENPJ",7
"4170","LRRCC1",5
"4171","SETD5",7
"4172","LONP1",6
"4173","RFX2",11
"4174","HRH1",5
"4175","VGLL4",8
"4176","SNAP25",5
"4177","FKBP6",3
"4178","LIMK1",7
"4179","CACNA1I",9
"4180","POGLUT2",4
"4181","ITM2B",3
"4182","GNG13",4
"4183","PDAP1",5
"4184","CYP3A5",7
"4185","ZNF627",6
"4186","SPNS2",8
"4187","KATNIP",11
"4188","SPDYE2",3
"4189","CDADC1",6
"4190","CFAP54",14
"4191","NAA38",2
"4192","NTHL1",1
"4193","PDPK1",3
"4194","MEFV",8
"4195","NLRC3",10
"4196","HHLA1",8
"4197","VAV1",11
"4198","TRIM73",1
"4199","BIVM",5
"4200","GNG2",5
"4201","TNP2",1
"4202","ASB4",6
"4203","ACP5",4
"4204","RNASE3",1
"4205","PLOD2",2
"4206","PPFIA2",11
"4207","GSG1L",4
"4208","DSCC1",7
"4209","DEPTOR",10
"4210","ITGAM",10
"4211","KRBOX5",5
"4212","MYCBP2",14
"4213","USP12",5
"4214","N4BP2L2",6
"4215","STARD13",5
"4216","HDAC11",3
"4217","FBLN2",4
"4218","MED4",4
"4219","SMOC1",9
"4220","MAP3K9",5
"4221","SAMD4A",11
"4222","PTPN18",6
"4223","NCKAP5",12
"4224","GRK1",4
"4225","DYNC1I1",10
"4226","PLPPR2",4
"4227","SDHAF3",5
"4228","CNN1",7
"4229","EBAG9",2
"4230","EDEM2",6
"4231","MGAT4C",7
"4232","EPB41L1",14
"4233","SLC38A2",5
"4234","RPAP3",3
"4235","ENDOU",4
"4236","AQP2",4
"4237","SYNE3",9
"4238","TCL1B",3
"4239","EML1",8
"4240","WWP1",6
"4241","OXGR1",2
"4242","CCDC157",2
"4243","OSBP2",7
"4244","IL2RB",5
"4245","CDT1",4
"4246","CCDC159",2
"4247","KCNC2",6
"4248","RNU6-1271P",4
"4249","LPAR6",1
"4250","SYT1",8
"4251","RIBC2",3
"4252","COG7",8
"4253","GTF3C1",10
"4254","HASPIN",1
"4255","TMPRSS13",4
"4256","SCN4B",3
"4257","KCNH3",4
"4258","BCL9L",5
"4259","UPK2",4
"4260","TRAPPC4",5
"4261","PIK3R6",6
"4262","PTGES3L-AARSD1",7
"4263","JAGN1",2
"4264","NTN1",9
"4265","GCAT",5
"4266","EIF3L",7
"4267","MYH3",6
"4268","TMEM43",9
"4269","CYP2D7",5
"4270","TCF20",11
"4271","PHF21B",6
"4272","PHF20",11
"4273","ASPA",3
"4274","TBC1D4",9
"4275","PYCARD",3
"4276","BHLHE23",5
"4277","RAB15",6
"4278","ENTPD3",6
"4279","PALS1",6
"4280","RXFP2",6
"4281","BRCA2",13
"4282","TOX3",5
"4283","RFC3",5
"4284","MYH13",11
"4285","MYH4",7
"4286","RAD51B",13
"4287","GALNT16",11
"4288","GSG1",4
"4289","NOMO1",7
"4290","RCBTB2",6
"4291","CCNB1IP1",3
"4292","PDZRN4",7
"4293","NSMAF",10
"4294","TOX",4
"4295","CHD7",11
"4296","C12orf54",6
"4297","ADCY6",8
"4298","ARFGEF1",15
"4299","CPA6",10
"4300","SEMA6B",5
"4301","SLC25A29",7
"4302","PLA1A",3
"4303","MYLK",14
"4304","SLC12A8",8
"4305","ABTB1",7
"4306","MBD4",3
"4307","PRKCH",9
"4308","SYT16",7
"4309","CLSTN2",13
"4310","PIBF1",4
"4311","PXYLP1",4
"4312","PLS1",8
"4313","PARP8",7
"4314","FST",2
"4315","CCNO",3
"4316","ANKRD55",6
"4317","STAB2",15
"4318","CPED1",8
"4319","ASB15",1
"4320","GRM8",7
"4321","KCP",8
"4322","MCM2",4
"4323","PLXNA4",15
"4324","EXOC4",12
"4325","CALD1",7
"4326","GPR137C",4
"4327","PRDM9",7
"4328","ZFR",6
"4329","TARS1",7
"4330","H1-3",3
"4331","CLDN18",3
"4332","PIK3CB",8
"4333","NMNAT3",2
"4334","DNAH3",16
"4335","SPSB4",3
"4336","GADL1",6
"4337","KLF5",4
"4338","KCNH5",7
"4339","SULT1A2",6
"4340","TCFL5",8
"4341","PLEKHG3",7
"4342","SLC11A1",6
"4343","PLCD4",6
"4344","STK36",7
"4345","CFAP65",9
"4346","CEP41",6
"4347","DCLK1",8
"4348","RFXAP",4
"4349","SMAD9",9
"4350","GUCY2C",10
"4351","FERMT2",6
"4352","DDHD1",10
"4353","ADAMTS12",18
"4354","PRR23C",2
"4355","ZDHHC22",5
"4356","RPS20",6
"4357","SDCBP",4
"4358","TSHR",8
"4359","KCNK10",6
"4360","EML5",9
"4361","EPHA3",7
"4362","OR5H6",5
"4363","CEP97",6
"4364","LCP1",3
"4365","LRCH1",9
"4366","ESD",1
"4367","HOMER2",7
"4368","BTBD1",2
"4369","ZSCAN2",4
"4370","NBPF1",11
"4371","PADI3",5
"4372","PADI6",9
"4373","ARHGEF10L",9
"4374","IGSF21",9
"4375","PLA2G2C",2
"4376","ABCC1",10
"4377","IGF1R",10
"4378","EIF4G3",11
"4379","ZBTB40",6
"4380","EPHB2",7
"4381","TRNAU1AP",3
"4382","ZCCHC17",6
"4383","TMEM39B",5
"4384","FER1L6",14
"4385","MYC",3
"4386","GSDMC",7
"4387","ADCY8",14
"4388","CDCA8",3
"4389","TEKT5",5
"4390","PTPRF",10
"4391","HECTD3",4
"4392","FAM43B",2
"4393","KTN1",11
"4394","OXSM",2
"4395","NEK10",12
"4396","C8A",7
"4397","C1orf87",3
"4398","ZRANB2",4
"4399","MSH4",7
"4400","USP33",6
"4401","COL9A3",6
"4402","ZBTB1",2
"4403","ODF2L",6
"4404","HEATR3",5
"4405","NKD1",4
"4406","SLC6A2",6
"4407","PAX3",3
"4408","CNGB1",9
"4409","TRPC4",6
"4410","COLQ",6
"4411","MIDEAS",6
"4412","PCNX4",11
"4413","RPS6KL1",3
"4414","DDX11",11
"4415","UBXN2B",7
"4416","SLC25A30",4
"4417","COG3",6
"4418","STON2",7
"4419","FOXF1",2
"4420","FBXO31",7
"4421","TRIOBP",15
"4422","CYBA",5
"4423","PAPPA",9
"4424","SPATA2L",4
"4425","WBP2NL",4
"4426","SLC2A8",3
"4427","EEIG1",6
"4428","POTEM",2
"4429","OR1E2",5
"4430","TBX18",7
"4431","SLC35A1",2
"4432","ANKRD6",7
"4433","BACH2",7
"4434","PNISR",3
"4435","WASF1",2
"4436","METTL24",5
"4437","SLC16A10",7
"4438","RPS25",1
"4439","HYOU1",6
"4440","DPAGT1",3
"4441","ABCG4",4
"4442","NLRX1",8
"4443","CBL",5
"4444","MFRP",5
"4445","SHISA6",6
"4446","ARHGAP44",10
"4447","C3orf20",6
"4448","NR2C2",6
"4449","CCDC17",2
"4450","CYP4Z1",7
"4451","NRDC",10
"4452","YIPF1",6
"4453","TTC4",2
"4454","DHCR24",11
"4455","FYB2",10
"4456","FAM118B",2
"4457","ST3GAL4",8
"4458","STT3B",5
"4459","KIRREL3",10
"4460","OSBPL10",9
"4461","GLB1",4
"4462","ESR2",8
"4463","ITGA9",12
"4464","VILL",7
"4465","SCN11A",10
"4466","CX3CR1",2
"4467","CCL11",1
"4468","RAD51D",6
"4469","ATP6V1D",6
"4470","ZFYVE26",11
"4471","MST1R",6
"4472","HYAL2",2
"4473","DERA",6
"4474","PIK3C2G",13
"4475","PDE3A",11
"4476","CACNA1D",20
"4477","ENOX1",10
"4478","ENTPD5",8
"4479","VRTN",2
"4480","IPO8",7
"4481","PDE1C",11
"4482","ANLN",9
"4483","HEATR6",6
"4484","CHCT1",7
"4485","INTS2",7
"4486","POM121L12",3
"4487","ZNF713",3
"4488","TYW1",8
"4489","GALNT17",9
"4490","AICDA",2
"4491","RECQL",4
"4492","CHD5",11
"4493","ZNF695",5
"4494","KRTAP5-5",4
"4495","OR5J2",1
"4496","SMTNL1",6
"4497","DTX4",3
"4498","MAP1A",10
"4499","ECI1",4
"4500","CMTR2",2
"4501","WDR81",5
"4502","KRTAP1-1",3
"4503","TTR",4
"4504","ZNF493",3
"4505","FASTKD1",4
"4506","C20orf141",5
"4507","PPDPF",2
"4508","PAK2",12
"4509","SMR3B",1
"4510","GYPB",2
"4511","FUCA2",4
"4512","PON2",4
"4513","PREX2",15
"4514","ZNF251",7
"4515","DNAI1",8
"4516","SPATA31G1",6
"4517","ZNF169",6
"4518","CT47B1",7
"4519","MIR424",1
"4520","CREB3L2",6
"4521","RBSN",6
"4522","SH3BP5",4
"4523","CLMP",3
"4524","MIR563",3
"4525","TBC1D5",10
"4526","NR1D2",5
"4527","EPHB6",7
"4528","TRPV6",3
"4529","TCAF2",2
"4530","CUL1",9
"4531","GNG5",1
"4532","ATG9B",9
"4533","WDR86",7
"4534","GALNT11",7
"4535","RBM33",7
"4536","PDGFRL",10
"4537","INTS10",5
"4538","GFRA2",7
"4539","LGI3",3
"4540","LEPROTL1",2
"4541","UBXN8",2
"4542","UNC5D",10
"4543","ZNF703",2
"4544","ITIH1",5
"4545","SFMBT1",9
"4546","TKT",4
"4547","MED21",3
"4548","TPT1",3
"4549","CFAP20DC",10
"4550","ELMO1",11
"4551","TRIM37",8
"4552","SFR1",2
"4553","SORCS1",9
"4554","PDCD4",3
"4555","TECTB",4
"4556","ATRNL1",6
"4557","FAM24A",1
"4558","C10orf88",2
"4559","ACADSB",2
"4560","CHST15",5
"4561","LHPP",6
"4562","FANK1",5
"4563","ADAM12",6
"4564","NOL4L",10
"4565","TCERG1L",7
"4566","JAKMIP3",8
"4567","DPYSL4",7
"4568","STK32C",5
"4569","INPP5A",7
"4570","ANO9",8
"4571","TRIR",2
"4572","HOOK2",6
"4573","MRI1",7
"4574","PODNL1",5
"4575","HPCA",2
"4576","ASB5",4
"4577","GJB3",5
"4578","ZMYM6",5
"4579","ADGRE3",9
"4580","MANEAL",1
"4581","INPP5B",6
"4582","POU3F1",3
"4583","BMP8B",5
"4584","MYCL",2
"4585","DDA1",1
"4586","SLC27A1",7
"4587","ISYNA1",5
"4588","ELL",7
"4589","SUGP1",4
"4590","ATP13A1",8
"4591","ZNF90",7
"4592","ZNF738",5
"4593","ZNF429",5
"4594","CLASP2",5
"4595","TSHZ3",6
"4596","MELK",5
"4597","VWA7",5
"4598","CFB",7
"4599","SKIC2",6
"4600","STK19",2
"4601","RNU6-156P",4
"4602","HLA-DOA",2
"4603","ASH2L",6
"4604","ADAM9",6
"4605","CCDC66",7
"4606","DENND6A",7
"4607","HPSE2",9
"4608","DCT",3
"4609","WBP1L",2
"4610","CALHM3",1
"4611","TGDS",2
"4612","GPR180",2
"4613","DZIP1",5
"4614","SNX30",3
"4615","CREBZF",3
"4616","TNFSF8",2
"4617","ZBTB6",4
"4618","TCF25",9
"4619","RPH3AL",8
"4620","VPS53",6
"4621","GLOD4",2
"4622","OR3A2",9
"4623","RAP1GAP2",11
"4624","FILIP1",6
"4625","MEI4",4
"4626","NLRP2",9
"4627","DNAAF3",6
"4628","PTPRH",9
"4629","NLRP11",8
"4630","NLRP4",6
"4631","NLRP8",7
"4632","NLRP5",13
"4633","ZNF667",8
"4634","LAMA4",17
"4635","ROS1",15
"4636","MAN1A1",9
"4637","HSF2",7
"4638","TRDN",10
"4639","HEY2",3
"4640","L3MBTL3",7
"4641","POU2F3",7
"4642","GRIK4",10
"4643","JHY",7
"4644","HSPA8",4
"4645","FBXW10B",4
"4646","OR4D5",4
"4647","OR10D3",2
"4648","STT3A",6
"4649","MYO15A",16
"4650","TOP3A",11
"4651","KCNJ5",6
"4652","WNK1",16
"4653","DCP1B",3
"4654","DYRK4",5
"4655","NDUFA9",5
"4656","PLEKHG6",6
"4657","UQCRC1",3
"4658","QARS1",1
"4659","IHO1",5
"4660","SLC2A14",5
"4661","PRR4",1
"4662","PRB4",5
"4663","CCT7",6
"4664","TET3",6
"4665","HK2",9
"4666","SPIDR",9
"4667","CTNNA2",17
"4668","TGOLN2",5
"4669","FABP1",6
"4670","KANSL3",12
"4671","CRACDL",10
"4672","EIF5B",7
"4673","IL1R2",4
"4674","IL1RL1",11
"4675","IL18R1",6
"4676","RGPD8",7
"4677","GLI2",11
"4678","CLASP1",14
"4679","MYO7B",11
"4680","PLXNB3",8
"4681","IDH3G",6
"4682","ZRANB3",9
"4683","UBXN4",3
"4684","LCT",5
"4685","LYPD6B",3
"4686","RIF1",9
"4687","POC1B",9
"4688","PRPF40A",4
"4689","BAZ2B",8
"4690","TANK",5
"4691","NT5DC3",4
"4692","TXNRD1",7
"4693","NUAK1",9
"4694","WSCD2",6
"4695","CMKLR1",2
"4696","USP30",3
"4697","TCHP",3
"4698","ATP2A2",5
"4699","NAA25",10
"4700","RPH3A",8
"4701","CCDC60",9
"4702","BICDL1",3
"4703","COQ5",6
"4704","C12orf43",6
"4705","ANAPC5",7
"4706","KNTC1",17
"4707","RILPL2",3
"4708","NCOR2",16
"4709","SLC15A4",6
"4710","CFLAR",4
"4711","FZD7",3
"4712","EPB42",8
"4713","TP53BP1",13
"4714","MOGAT1",5
"4715","WDFY1",3
"4716","DOCK10",13
"4717","COL4A4",8
"4718","COL4A3",9
"4719","LHFPL6",6
"4720","SLCO1A2",7
"4721","IRAG2",6
"4722","KRAS",4
"4723","RASSF8",6
"4724","GTF2F2",2
"4725","NDUFA10",7
"4726","GPC1",4
"4727","AGXT",2
"4728","THAP4",3
"4729","ATG4B",3
"4730","CSNK2A1",7
"4731","ANGPT4",8
"4732","RSPO4",4
"4733","ZNF343",1
"4734","DDRGK1",5
"4735","ITPA",4
"4736","PANK2",3
"4737","SHLD1",3
"4738","SLX4IP",2
"4739","KIF16B",11
"4740","REM1",4
"4741","NOCT",1
"4742","EFCAB8",10
"4743","BPIFB3",7
"4744","BPIFB4",6
"4745","BPIFA3",6
"4746","ASIP",5
"4747","MYH7B",7
"4748","KLHL2",5
"4749","TLL1",10
"4750","SPOCK3",3
"4751","SETDB2",6
"4752","KPNA3",7
"4753","PCDH9",7
"4754","ZNF333",8
"4755","AKAP8L",3
"4756","AP1M1",5
"4757","CHERP",12
"4758","DIS3",4
"4759","AURKA",5
"4760","RTF2",9
"4761","BMP7",10
"4762","NELFCD",10
"4763","PHACTR3",13
"4764","HLA-E",9
"4765","UNC13B",10
"4766","RTEL1",9
"4767","ZBTB46",5
"4768","TCEA2",6
"4769","SLITRK1",3
"4770","SLITRK6",2
"4771","SLITRK5",3
"4772","NOTCH4",7
"4773","USB1",3
"4774","CNOT1",11
"4775","CDH16",4
"4776","SLC25A15",2
"4777","UMODL1",10
"4778","AGPAT3",4
"4779","AIRE",5
"4780","POTEH",5
"4781","CLTCL1",14
"4782","KLHL22",10
"4783","MED15",6
"4784","UPB1",5
"4785","TPST2",9
"4786","CRYBA4",3
"4787","ZNRF3",7
"4788","NF2",2
"4789","MLIP",12
"4790","BEND6",4
"4791","CASTOR1",3
"4792","LGSN",4
"4793","ME3",7
"4794","TMEM135",8
"4795","GRM5",8
"4796","FAM135A",7
"4797","PANX1",3
"4798","MMP1",3
"4799","CASP1",3
"4800","GRIA4",10
"4801","CWF19L2",7
"4802","SMYD4",8
"4803","LAYN",1
"4804","CD247",9
"4805","FCN1",7
"4806","PPP1R26",7
"4807","SELP",9
"4808","ZNF71",4
"4809","PEG3",12
"4810","ZIM3",5
"4811","ZNF587",4
"4812","ZNF544",7
"4813","MZF1",6
"4814","KIDINS220",5
"4815","HPCAL1",4
"4816","GREB1",10
"4817","NTSR2",1
"4818","TAAR2",2
"4819","HS3ST3A1",1
"4820","COX10",6
"4821","CAPN13",7
"4822","ZNF286A",5
"4823","NCOR1",8
"4824","DRC3",7
"4825","HEATR5B",14
"4826","TMEM178A",3
"4827","KCNG3",5
"4828","LGALS9B",2
"4829","USP22",3
"4830","SEZ6",4
"4831","MYO18A",10
"4832","EFCAB5",12
"4833","SLC6A4",7
"4834","SPACA3",2
"4835","SLC22A2",2
"4836","AP2B1",6
"4837","MYO19",7
"4838","GPR162",1
"4839","PTPN6",9
"4840","EMG1",7
"4841","C1S",8
"4842","CD163L1",7
"4843","DPPA3",3
"4844","KRT23",3
"4845","KRT33A",5
"4846","KRT16",2
"4847","RAB5C",2
"4848","STAT3",7
"4849","CAVIN1",4
"4850","LSM12",2
"4851","ATXN7L3",4
"4852","ITGA2B",5
"4853","ZNF652",4
"4854","DLX4",3
"4855","LUC7L3",3
"4856","WFIKKN2",4
"4857","CA10",10
"4858","CPVL",3
"4859","C3orf49",6
"4860","LRIG1",5
"4861","FOXP1",12
"4862","CADM2",15
"4863","POU1F1",3
"4864","C3orf38",1
"4865","ZDHHC11",14
"4866","SLC6A3",12
"4867","ADAMTS16",15
"4868","SRD5A1",5
"4869","CFAP90",4
"4870","FBXL7",10
"4871","CFAP92",4
"4872","MGAT5B",10
"4873","RBFOX3",15
"4874","NIPBL",16
"4875","DAB2",6
"4876","TTC33",7
"4877","SLC17A5",5
"4878","C6",10
"4879","EPHB4",6
"4880","EPB41L3",12
"4881","AGTR1",6
"4882","SERP1",5
"4883","PLCH1",12
"4884","CAPN3",10
"4885","ZNF106",7
"4886","STARD9",12
"4887","CDAN1",6
"4888","TTBK2",9
"4889","CDHR1",9
"4890","MINPP1",3
"4891","ATAD1",1
"4892","CH25H",2
"4893","FFAR4",4
"4894","PLCE1",11
"4895","CATSPER2",7
"4896","PDIA3",6
"4897","SERF2",2
"4898","WDR76",8
"4899","DUOXA1",4
"4900","ATP8B4",9
"4901","TEX9",5
"4902","TCF12",13
"4903","CGNL1",10
"4904","RPS27L",5
"4905","IGDCC3",4
"4906","CLN6",1
"4907","ARIH1",5
"4908","TBC1D21",7
"4909","GOLGA6C",3
"4910","ETFA",5
"4911","SCAPER",10
"4912","MESD",5
"4913","CFAP161",5
"4914","TMC3",6
"4915","RPS17",4
"4916","AP3B2",6
"4917","MCUB",4
"4918","PLA2G12A",3
"4919","CAMK2D",7
"4920","CCNA2",2
"4921","ADAD1",3
"4922","NTRK1",8
"4923","ELMOD2",6
"4924","TMEM184C",2
"4925","PINK1",7
"4926","TMEM131L",9
"4927","TDO2",4
"4928","BAHCC1",10
"4929","RGS5",4
"4930","TMCO1",4
"4931","IFITM10",4
"4932","DDX60",7
"4933","SAP30",3
"4934","ADAM29",2
"4935","OR51M1",2
"4936","EXOC2",8
"4937","PSMG4",4
"4938","RPP40",6
"4939","RIOK1",10
"4940","C6orf52",6
"4941","PAK1IP1",7
"4942","TMEM14B",4
"4943","SYCP2L",13
"4944","KDM1B",7
"4945","CDKAL1",12
"4946","MRS2",6
"4947","H2BC1",2
"4948","BTN1A1",5
"4949","GPX5",4
"4950","MOG",6
"4951","ATOSB",10
"4952","CRY2",8
"4953","GTF2B",6
"4954","GBP1",5
"4955","MTF2",4
"4956","OLFM3",4
"4957","AMY2A",3
"4958","NTNG1",9
"4959","SLC25A24",3
"4960","NBPF4",2
"4961","CYB561D1",4
"4962","GNAI3",6
"4963","CHI3L2",5
"4964","LRIG2",6
"4965","ADARB1",6
"4966","SPATS1",5
"4967","TNFRSF21",8
"4968","RHAG",1
"4969","GSTA1",4
"4970","CILK1",8
"4971","AP2S1",3
"4972","FAM83E",7
"4973","LMNA",3
"4974","SEMA4A",7
"4975","PMF1",7
"4976","CETN2",2
"4977","FCRL1",7
"4978","OR6P1",6
"4979","OR10J5",3
"4980","RPTOR",14
"4981","PYCR1",5
"4982","NOTUM",2
"4983","ZNF750",3
"4984","ASS1",10
"4985","REXO4",2
"4986","PIEZO2",15
"4987","QSOX2",12
"4988","DNM3",7
"4989","SLC9C2",9
"4990","GPR52",1
"4991","BRINP2",5
"4992","ABL2",11
"4993","KIAA1614",3
"4994","RNASEL",4
"4995","THY1",3
"4996","SDC1",3
"4997","CAD",10
"4998","IFT172",12
"4999","ADGRG6",6
"5000","LTBP1",9
"5001","TAB2",6
"5002","RAET1G",3
"5003","SLC5A10",5
"5004","CAMKMT",11
"5005","FOXN2",2
"5006","NRXN1",12
"5007","ASB3",6
"5008","RTN4",5
"5009","PEX13",4
"5010","WDPCP",8
"5011","LTBR",5
"5012","PELI1",4
"5013","RAB1A",6
"5014","FIGLA",3
"5015","TAF1",9
"5016","RPS6KA6",4
"5017","POF1B",5
"5018","DIAPH2",11
"5019","LRRTM4",7
"5020","REG1A",1
"5021","IRS4",5
"5022","LUZP4",5
"5023","ADCYAP1R1",11
"5024","ANKFN1",15
"5025","TSPOAP1",9
"5026","RNF43",8
"5027","PPM1E",3
"5028","ZMIZ2",11
"5029","PURB",1
"5030","NID1",10
"5031","TEX2",7
"5032","LRRC37A3",8
"5033","C17orf58",1
"5034","ABCA5",12
"5035","SDK2",14
"5036","GPR142",5
"5037","CD300LB",3
"5038","CD300LF",5
"5039","NHERF1",2
"5040","ARMC7",3
"5041","TSEN54",1
"5042","RHBG",6
"5043","PNMA3",6
"5044","TUBB8",3
"5045","LILRA4",10
"5046","AVPR2",2
"5047","LILRB4",12
"5048","USP14",10
"5049","OPN1LW",4
"5050","CD81",4
"5051","OSBPL5",6
"5052","PGAP2",5
"5053","OR51D1",3
"5054","CIDEA",6
"5055","CABLES1",11
"5056","OSBPL1A",7
"5057","SS18",5
"5058","PSMA8",4
"5059","CDH2",6
"5060","DSC3",12
"5061","DSG4",9
"5062","TRAPPC8",11
"5063","RNF125",5
"5064","MEP1B",13
"5065","DENND2A",10
"5066","BRAF",7
"5067","PRSS2",13
"5068","SGMS1",7
"5069","UBE2D1",5
"5070","FAM13C",8
"5071","RHOBTB1",4
"5072","ZNF282",3
"5073","GIMAP6",4
"5074","GIMAP5",2
"5075","RPS24",4
"5076","CLK1",7
"5077","N4BP2",7
"5078","LIMCH1",11
"5079","CNGA1",4
"5080","SPATA18",2
"5081","KIT",6
"5082","TECRL",4
"5083","ACSM6",2
"5084","PDLIM1",3
"5085","ENTPD1",4
"5086","THOP1",5
"5087","GNA11",4
"5088","CELF5",5
"5089","NFIC",12
"5090","HMG20B",2
"5091","DAPK3",3
"5092","FSD1",6
"5093","STAP2",2
"5094","CHAF1A",5
"5095","PLIN4",8
"5096","COL25A1",15
"5097","TNFRSF8",7
"5098","CASP6",1
"5099","PTOV1",5
"5100","PNKP",5
"5101","POLD1",7
"5102","SMG5",7
"5103","ZNF614",3
"5104","ZNF600",10
"5105","ZNF320",7
"5106","L1CAM",8
"5107","ARHGAP4",6
"5108","RENBP",6
"5109","NET1",6
"5110","MYOM1",10
"5111","TGIF1",4
"5112","ITIH5",9
"5113","OR51B4",1
"5114","OR52H1",4
"5115","CNGA4",4
"5116","OR10A2",3
"5117","PPFIBP2",7
"5118","CYB5R2",3
"5119","RIC3",5
"5120","DENND2B",7
"5121","SIN3B",4
"5122","TOP1MT",10
"5123","EEF1D",5
"5124","RECQL4",12
"5125","ZNF34",5
"5126","WASHC1",5
"5127","TPD52L3",4
"5128","SAXO1",6
"5129","SLC24A2",4
"5130","ACO1",7
"5131","AQP3",4
"5132","BBOX1",1
"5133","IL11RA",2
"5134","ALKBH3",6
"5135","SIT1",6
"5136","TLN1",10
"5137","CREB3",1
"5138","CELF1",2
"5139","MIR4475",2
"5140","SLC25A51",2
"5141","PRG2",2
"5142","FAM111A",4
"5143","CELSR2",9
"5144","PCSK5",14
"5145","PSAT1",4
"5146","SPATA31D1",10
"5147","RASEF",10
"5148","OLFML3",1
"5149","SNRPC",2
"5150","SAYSD1",5
"5151","TSPO2",1
"5152","TREML1",5
"5153","NCR2",4
"5154","FRS3",4
"5155","TAF8",3
"5156","DPF2",5
"5157","PCNX3",8
"5158","OVOL1",4
"5159","ZNF318",8
"5160","CDC14B",5
"5161","PRXL2C",3
"5162","INVS",8
"5163","TMEFF1",6
"5164","OR13D1",3
"5165","NANOS2",1
"5166","SLC38A8",8
"5167","TDRD10",5
"5168","WHRN",11
"5169","OR6C68",3
"5170","SDR9C7",5
"5171","EEF1AKMT3",3
"5172","NSDHL",4
"5173","ADGRG2",10
"5174","ZNF468",11
"5175","ADGB",11
"5176","GTPBP4",9
"5177","LAIR2",4
"5178","NECTIN4",1
"5179","AKR1C4",5
"5180","TIAM2",10
"5181","ARID1B",12
"5182","IL15RA",4
"5183","C13orf42",2
"5184","GAB3",7
"5185","CCDC187",5
"5186","SNAPC4",6
"5187","SEC16A",9
"5188","ABCA2",9
"5189","ZNF419",2
"5190","FUT7",4
"5191","MAN1B1",14
"5192","NDOR1",7
"5193","CACNA1B",16
"5194","PPP2R3B",5
"5195","RGL1",10
"5196","HMCN1",20
"5197","TPR",14
"5198","ODR4",9
"5199","MTFR2",2
"5200","ARFGEF3",11
"5201","CYTH3",4
"5202","AIG1",7
"5203","ZC2HC1B",2
"5204","CRPPA",10
"5205","NR0B1",4
"5206","GK",5
"5207","MYCT1",5
"5208","OPRM1",6
"5209","IPCEF1",8
"5210","BCORL1",4
"5211","ELF4",2
"5212","BOLL",5
"5213","IGF2R",12
"5214","NUAK2",3
"5215","SLC45A3",6
"5216","PACRG",10
"5217","PLXDC1",8
"5218","MED24",10
"5219","RARA",2
"5220","KIF25",5
"5221","THBS2",11
"5222","PRKAR1B",12
"5223","EIF3B",11
"5224","TFPI",3
"5225","IQCM",6
"5226","FERD3L",2
"5227","HOXA7",3
"5228","DOCK11",11
"5229","STAT4",9
"5230","DHX37",11
"5231","RBMX2",3
"5232","PHF6",8
"5233","CT55",3
"5234","FHL1",5
"5235","TFCP2",7
"5236","SCN8A",10
"5237","KRT7",6
"5238","KRT84",3
"5239","KRT82",3
"5240","KRT74",6
"5241","NCKAP1L",10
"5242","HCN3",7
"5243","OR2M2",3
"5244","CLEC11A",2
"5245","ADAMTS3",7
"5246","ARHGAP24",7
"5247","PGAP1",8
"5248","CAMK1D",17
"5249","ATP7B",9
"5250","OLFM4",3
"5251","DPP4",6
"5252","FAP",10
"5253","SCN3A",13
"5254","BBS5",9
"5255","METTL8",3
"5256","CYBRD1",5
"5257","OLA1",3
"5258","ATF2",3
"5259","CWC22",7
"5260","ZNF804A",5
"5261","OR14C36",3
"5262","PSMD1",11
"5263","ECEL1",7
"5264","CCDC158",8
"5265","HNRNPD",1
"5266","COL5A2",13
"5267","C4orf36",3
"5268","HERC6",8
"5269","CFAP47",11
"5270","SPATS2L",4
"5271","BZW1",5
"5272","RFC1",8
"5273","RTTN",10
"5274","CNDP1",6
"5275","TMPRSS11D",2
"5276","UGT2B15",6
"5277","CSN1S1",6
"5278","HTN3",4
"5279","ODAM",4
"5280","UBE2V1",2
"5281","PEDS1",3
"5282","ATP9A",13
"5283","PSMG1",3
"5284","FGF5",4
"5285","DOK5",5
"5286","TWIST2",3
"5287","TMEM150C",3
"5288","ABRAXAS1",8
"5289","OSBPL2",9
"5290","PDLIM5",4
"5291","UNC5C",10
"5292","STPG2",7
"5293","ADH1A",5
"5294","NFKB1",10
"5295","UBE2D3",5
"5296","ARHGEF38",12
"5297","INTS12",4
"5298","FBXO44",4
"5299","PRAMEF4",5
"5300","CATSPERE",7
"5301","CSAG1",5
"5302","MAGEA12",6
"5303","NLRP3",7
"5304","RETREG1",7
"5305","MORC3",7
"5306","HLCS",7
"5307","VTCN1",4
"5308","ZNF721",8
"5309","BRWD1",10
"5310","ARHGAP30",7
"5311","PHLPP2",12
"5312","PRRX2",6
"5313","TXNL4B",2
"5314","SFMBT2",15
"5315","PHYH",2
"5316","RIMS4",4
"5317","KLHL1",9
"5318","DACH1",10
"5319","SULF2",12
"5320","DDX27",4
"5321","VCX2",3
"5322","REPS2",4
"5323","KCTD3",6
"5324","PCYT1B",3
"5325","APCDD1L",3
"5326","NUP188",12
"5327","GLG1",10
"5328","OTC",6
"5329","CREB3L1",6
"5330","PSMC3",1
"5331","CEBPA",1
"5332","CHST8",4
"5333","GPI",8
"5334","USP25",10
"5335","GABPA",5
"5336","DONSON",2
"5337","ITSN1",12
"5338","RUNX1",11
"5339","ARSL",7
"5340","NLGN3",4
"5341","PTPN14",13
"5342","HHIPL2",4
"5343","KLHL34",3
"5344","B3GALT5",6
"5345","DDX19A",5
"5346","ZBTB49",4
"5347","EVX1",3
"5348","KARS1",5
"5349","CNTNAP4",12
"5350","BCO1",6
"5351","PAK1",8
"5352","FMN2",14
"5353","TMEM126A",1
"5354","PASD1",6
"5355","MAMSTR",4
"5356","OPA1",7
"5357","CSAG3",1
"5358","LPIN1",11
"5359","TEX11",7
"5360","TNK2",5
"5361","SENP5",5
"5362","SBNO2",12
"5363","OTOG",11
"5364","AIDA",3
"5365","NXF3",6
"5366","SLC17A6",7
"5367","BOD1L1",12
"5368","KCNIP4",12
"5369","SRC",8
"5370","MED14",6
"5371","RNF180",6
"5372","RGS7BP",6
"5373","ADAMTS6",8
"5374","PEX5L",11
"5375","FXR1",7
"5376","ABCC5",9
"5377","RTP1",2
"5378","ALAS2",4
"5379","KIF4A",7
"5380","AZU1",1
"5381","POLR2E",5
"5382","PTH",2
"5383","CPLX1",4
"5384","PPEF2",5
"5385","IDUA",4
"5386","FGFRL1",4
"5387","ATG4A",2
"5388","STUM",8
"5389","LYAR",5
"5390","SORCS2",15
"5391","COG2",4
"5392","ATP6AP2",4
"5393","CXorf38",4
"5394","KCNAB2",6
"5395","RP2",1
"5396","RGN",3
"5397","UBA1",6
"5398","SLC38A5",2
"5399","WAS",2
"5400","HDAC6",3
"5401","WNK3",6
"5402","GNL3L",7
"5403","GABRA3",9
"5404","EFNB1",5
"5405","PTBP1",8
"5406","LYPD2",4
"5407","BTBD10",2
"5408","IFNL2",3
"5409","SERGEF",3
"5410","SCARB2",6
"5411","MAEA",4
"5412","HAUS3",4
"5413","FAM193A",9
"5414","CSNK1G2",2
"5415","KATNAL2",7
"5416","DYM",8
"5417","DCC",10
"5418","OR2Y1",3
"5419","BTNL3",5
"5420","WDR1",5
"5421","SYT2",8
"5422","TCF4",4
"5423","MT1HL1",1
"5424","RBM22",5
"5425","CTSA",3
"5426","PALM",9
"5427","CATSPERG",11
"5428","HNRNPL",2
"5429","LYZL2",6
"5430","TRIM33",8
"5431","PARD3",14
"5432","LGALS13",2
"5433","E2F8",8
"5434","MEX3D",4
"5435","ELOA2",6
"5436","PRMT7",6
"5437","SDF4",7
"5438","NADK",3
"5439","CHI3L1",4
"5440","RBPJ",9
"5441","CCDC27",7
"5442","DTHD1",4
"5443","SGK2",6
"5444","GDAP1L1",2
"5445","FITM2",1
"5446","HNF4A",8
"5447","CUBN",16
"5448","MATN4",6
"5449","HMGXB3",7
"5450","TCOF1",6
"5451","HCN2",5
"5452","ACBD5",7
"5453","RNU6-452P",2
"5454","SVIL",13
"5455","SPATA45",2
"5456","ZNF438",6
"5457","ATP1A1",9
"5458","MSH3",4
"5459","SPAG17",15
"5460","ATP6V0D1",2
"5461","STARD4",1
"5462","PSG2",7
"5463","CAPRIN1",7
"5464","PLEKHA6",12
"5465","APOE",1
"5466","CCDC102B",6
"5467","PCDHGC5",2
"5468","NDFIP1",3
"5469","ARHGAP26",12
"5470","SH3RF2",7
"5471","RBM27",3
"5472","SPINK5",14
"5473","MTMR1",10
"5474","ZNF781",3
"5475","HHAT",5
"5476","ZNF335",8
"5477","DHRSX",4
"5478","SGCD",11
"5479","ASPM",11
"5480","CBFB",2
"5481","PHAF1",3
"5482","FAM153A",4
"5483","REEP5",4
"5484","IGSF23",2
"5485","ACOT7",6
"5486","DFFA",4
"5487","FBXO2",3
"5488","KMT2B",7
"5489","RAD17",4
"5490","ZNF850",6
"5491","ANKRD31",10
"5492","PDE10A",12
"5493","IL20",7
"5494","ZNF300",6
"5495","ZEB1",9
"5496","ZBTB41",6
"5497","DENND1B",10
"5498","CNIH4",2
"5499","ZNF239",4
"5500","MARCHF8",2
"5501","HOXA13",3
"5502","TIMM17A",5
"5503","TEX101",3
"5504","ZNF155",8
"5505","TOMM40",4
"5506","NMT2",5
"5507","FAM171A1",8
"5508","RSU1",6
"5509","WDR49",10
"5510","AGBL2",3
"5511","PABPC1L",10
"5512","ZP4",10
"5513","C6orf118",10
"5514","IL19",5
"5515","CPLX2",3
"5516","PDE8B",11
"5517","MTX3",2
"5518","SDHAF2",3
"5519","SUPT5H",6
"5520","EDIL3",9
"5521","MIDN",1
"5522","NVL",10
"5523","UNC5A",13
"5524","PTPN20",1
"5525","NPY4R2",1
"5526","SNAP47",8
"5527","WNT3A",5
"5528","ADAMTSL4",8
"5529","TCF7",6
"5530","HORMAD1",6
"5531","GABPB2",5
"5532","VPS72",2
"5533","BNIP1",6
"5534","DSTYK",8
"5535","ERCC1",6
"5536","KRTDAP",3
"5537","TRIM48",8
"5538","TNKS1BP1",9
"5539","ZCCHC2",5
"5540","ZNF33B",3
"5541","MS4A3",3
"5542","DMGDH",3
"5543","PARVA",7
"5544","SELENOV",4
"5545","KIAA1328",7
"5546","ARK2N",2
"5547","MDH1",2
"5548","TRAPPC6A",4
"5549","CD79A",1
"5550","MEGF8",8
"5551","ANKRD34A",4
"5552","GRAMD2B",10
"5553","RAPGEF6",5
"5554","ENSA",4
"5555","BLVRB",6
"5556","LNPEP",7
"5557","BLOC1S3",3
"5558","SYMPK",6
"5559","SPANXN3",2
"5560","IKBKE",7
"5561","HNRNPK",3
"5562","OR9G4",12
"5563","SEMA6C",7
"5564","SERPINB11",4
"5565","CEACAM7",5
"5566","MS4A15",3
"5567","PRPF19",5
"5568","KIRREL2",6
"5569","GABRB2",5
"5570","CDH7",6
"5571","HARS2",9
"5572","ATP1A3",8
"5573","LMAN2",4
"5574","PDE4DIP",11
"5575","RPRD2",8
"5576","AFF2",10
"5577","CDCA5",6
"5578","MACROH2A1",5
"5579","HARS1",3
"5580","HTATSF1",4
"5581","MAGEC3",7
"5582","RORC",6
"5583","ASAH2",12
"5584","RASSF5",5
"5585","SAXO4",4
"5586","GPR137",3
"5587","EBF1",12
"5588","PTPDC1",6
"5589","GVQW3",1
"5590","LRTOMT",5
"5591","NRXN2",13
"5592","TMEM179B",3
"5593","TPCN2",14
"5594","WARS2",5
"5595","SUSD3",3
"5596","PLAAT5",4
"5597","BRD8",8
"5598","DAGLA",8
"5599","ZNF687",5
"5600","WNK2",11
"5601","FADD",4
"5602","SCGB2A1",3
"5603","LBHD1",3
"5604","TSGA10IP",4
"5605","FGD3",7
"5606","SCGB2A2",2
"5607","ROR2",10
"5608","EFEMP2",3
"5609","RNF121",2
"5610","ZBTB3",6
"5611","PACS1",10
"5612","RHOD",1
"5613","TSPAN15",2
"5614","TACR2",4
"5615","ACVRL1",2
"5616","NR4A1",6
"5617","SMAGP",1
"5618","ARHGEF40",3
"5619","TUBGCP3",7
"5620","F7",2
"5621","AGT",4
"5622","DLEU7",3
"5623","RNASE8",2
"5624","PTPN22",8
"5625","KRT81",2
"5626","BCL2L15",5
"5627","SERPINE3",3
"5628","TRMO",2
"5629","MAP10",7
"5630","FN1",10
"5631","EFR3B",5
"5632","SMARCAL1",5
"5633","DNMT3A",6
"5634","SLC35F6",2
"5635","SEC62",4
"5636","KHNYN",3
"5637","DHRS4L2",7
"5638","TDRD15",4
"5639","TRIM13",2
"5640","RCBTB1",2
"5641","SMC2",8
"5642","HAUS4",3
"5643","ERBB4",10
"5644","GRAMD4",9
"5645","KRT76",7
"5646","SUGT1",3
"5647","TAC3",2
"5648","OS9",5
"5649","TRDV1",2
"5650","KRT71",6
"5651","ALG12",5
"5652","UBQLN1",6
"5653","STAT6",7
"5654","GPD1",5
"5655","RFTN2",1
"5656","LAPTM4A",2
"5657","KRT2",6
"5658","KRT1",4
"5659","ZNF484",2
"5660","ADGRF3",9
"5661","EIF4ENIF1",7
"5662","TEX53",1
"5663","MINDY4",13
"5664","ZBBX",10
"5665","PEX16",3
"5666","ITSN2",8
"5667","NXF5",1
"5668","APLNR",4
"5669","TRPM3",15
"5670","LAIR1",5
"5671","OR4C5",2
"5672","B4GALNT1",5
"5673","HORMAD2",1
"5674","PEX14",5
"5675","LIMK2",10
"5676","TOX4",7
"5677","KRT4",6
"5678","LILRA1",8
"5679","OR4S2",2
"5680","ESYT1",2
"5681","TRAPPC12",6
"5682","CCNG2",5
"5683","EPS8",11
"5684","ITGA7",7
"5685","SUOX",2
"5686","PRIM1",3
"5687","NUP160",6
"5688","LRBA",14
"5689","OTULINL",6
"5690","BEX5",1
"5691","TRMT13",4
"5692","DBT",6
"5693","CDC14A",6
"5694","OR4C45",5
"5695","TMBIM6",7
"5696","SLC5A1",7
"5697","ALS2",9
"5698","PTPN3",8
"5699","PALM2AKAP2",8
"5700","GDAP2",2
"5701","CFAP276",2
"5702","IKZF4",3
"5703","ZFP42",1
"5704","CYLC1",6
"5705","MADD",11
"5706","GRHL1",6
"5707","HDX",2
"5708","AGAP2",5
"5709","DPYSL5",4
"5710","MDM1",4
"5711","SLC16A12",6
"5712","TRIM54",5
"5713","CPNE8",7
"5714","CAPN14",9
"5715","NBL1",5
"5716","GSTM2",8
"5717","TCERG1",8
"5718","KIR3DL2",11
"5719","ELP1",10
"5720","EIPR1",5
"5721","OPHN1",5
"5722","FOXD4",5
"5723","SLCO1B1",3
"5724","NSUN2",8
"5725","MTRR",6
"5726","PRKACB",5
"5727","LRRK2",12
"5728","NDST2",1
"5729","DRAXIN",8
"5730","TBC1D31",9
"5731","IFNK",1
"5732","PAX5",8
"5733","FBXO10",6
"5734","PLB1",12
"5735","SCLT1",7
"5736","SMARCA5",5
"5737","SUMO1",3
"5738","BCAS2",2
"5739","SYCP1",12
"5740","BSG",5
"5741","MYT1L",14
"5742","ARFGAP3",6
"5743","RAVER2",8
"5744","GPT",3
"5745","MIS18BP1",8
"5746","RPL10L",2
"5747","PPP6R2",7
"5748","SHANK3",6
"5749","CNTN6",11
"5750","MTHFD1",7
"5751","CHURC1",2
"5752","FANCD2",13
"5753","DSG3",6
"5754","SLC6A1",6
"5755","FAM98A",3
"5756","SQSTM1",6
"5757","TBC1D9B",5
"5758","OR2V1",2
"5759","APOL1",5
"5760","TMEM154",6
"5761","EP300",11
"5762","CSDC2",5
"5763","MISP",4
"5764","MAP2",8
"5765","FSCB",4
"5766","CSTF2T",7
"5767","HERC4",7
"5768","DDX21",8
"5769","SRGN",3
"5770","ZNF91",7
"5771","RERE",15
"5772","MRPL20",2
"5773","PLAC9",6
"5774","LIPF",3
"5775","KIF20B",10
"5776","TATDN2",4
"5777","CYP2C9",6
"5778","TM9SF3",3
"5779","FUCA1",3
"5780","ZCWPW2",6
"5781","PRMT9",5
"5782","OSCP1",7
"5783","AMPD1",7
"5784","ST13",5
"5785","MEI1",8
"5786","RERG",3
"5787","ENPP6",4
"5788","SMIM10L1",1
"5789","HMGB3",3
"5790","HAUS7",5
"5791","DMRT3",5
"5792","RFX3",13
"5793","CD274",4
"5794","GBP6",4
"5795","MYH9",13
"5796","DCAF1",12
"5797","ONECUT1",4
"5798","EIF2A",2
"5799","OR51E2",3
"5800","OR51A7",5
"5801","OR51Q1",2
"5802","OR56A1",1
"5803","WRNIP1",5
"5804","DNHD1",9
"5805","GLRB",2
"5806","GALP",5
"5807","OSBPL3",13
"5808","CSTF3",6
"5809","SLC35C1",2
"5810","AQP1",6
"5811","DBNL",10
"5812","NPC1L1",10
"5813","DDX56",2
"5814","CCM2",8
"5815","FIGNL1",6
"5816","NIPSNAP2",6
"5817","OR6Q1",3
"5818","MS4A1",1
"5819","KHK",3
"5820","SCGB1D4",3
"5821","AHNAK",10
"5822","POLR2G",4
"5823","ATL3",8
"5824","FERMT3",4
"5825","HPX",5
"5826","TRIM3",3
"5827","CAGE1",6
"5828","PLRG1",7
"5829","ELOVL2",7
"5830","TBL1X",3
"5831","FAM151A",1
"5832","ZNF619",1
"5833","USP19",6
"5834","PRICKLE3",3
"5835","PHF8",7
"5836","RFT1",6
"5837","ASCC1",6
"5838","MRPS16",5
"5839","ANKRD23",4
"5840","FNDC10",1
"5841","HES5",2
"5842","PPP4R4",5
"5843","SERPINA10",2
"5844","UGGT1",8
"5845","DARS1",4
"5846","SOS1",10
"5847","TRIM62",4
"5848","PPP1R12C",5
"5849","FIZ1",2
"5850","NT5C1A",5
"5851","KLRC2",7
"5852","PPP1R16A",5
"5853","LRGUK",10
"5854","CHRM2",3
"5855","DGKI",18
"5856","TMEM178B",6
"5857","DENND11",4
"5858","TTC39B",10
"5859","DENND4C",7
"5860","ZCRB1",1
"5861","RND1",2
"5862","ARF3",2
"5863","TROAP",6
"5864","FAM186B",5
"5865","FMNL3",10
"5866","BLTP1",17
"5867","BCL6B",3
"5868","ASMT",5
"5869","MYRIP",8
"5870","SH2D4A",3
"5871","CSGALNACT1",4
"5872","CCAR2",7
"5873","ESPL1",8
"5874","KCTD9",4
"5875","HMBOX1",2
"5876","RAB11FIP1",6
"5877","FNTA",3
"5878","RGS20",7
"5879","TRIM55",4
"5880","VCPIP1",2
"5881","RAP1B",6
"5882","NUP107",12
"5883","BEST3",7
"5884","TPH2",7
"5885","GLIPR1",3
"5886","BBS10",2
"5887","CNOT10",3
"5888","ACAP1",5
"5889","RETSAT",2
"5890","KDM3A",3
"5891","ZNF157",4
"5892","RBM3",3
"5893","SLC27A6",7
"5894","HINT1",2
"5895","SLC22A4",5
"5896","TMEM65",3
"5897","TATDN1",4
"5898","ZNF572",2
"5899","CCN4",5
"5900","AGO1",6
"5901","SLC2A1",7
"5902","MYD88",1
"5903","SLC52A2",4
"5904","ZC3HC1",6
"5905","FLT3",4
"5906","KATNAL1",7
"5907","LRRC8B",2
"5908","NUFIP1",1
"5909","ZC3H13",4
"5910","ELOA3P",2
"5911","C18orf32",3
"5912","MRO",3
"5913","MALT1",11
"5914","CPLX4",1
"5915","PIGN",4
"5916","LYST",12
"5917","WDHD1",9
"5918","HIF1A",3
"5919","PPP2R5E",9
"5920","NIBAN2",8
"5921","TTC16",3
"5922","PLEKHH1",12
"5923","EXD2",2
"5924","GRIP2",12
"5925","SATB1",9
"5926","GTF3C5",6
"5927","SURF6",3
"5928","RXRA",12
"5929","LCN8",4
"5930","C8G",2
"5931","LCNL1",6
"5932","PCBP4",5
"5933","FAM47A",2
"5934","ZNF708",9
"5935","SNIP1",4
"5936","ZNF254",4
"5937","URI1",7
"5938","DPY19L3",9
"5939","ESX1",4
"5940","NRK",10
"5941","PRPS1",3
"5942","NCBP2L",3
"5943","TMEM164",9
"5944","LOXL4",6
"5945","SND1",12
"5946","CCDC136",8
"5947","FUNDC2",5
"5948","BRCC3",2
"5949","PCDH11Y",2
"5950","NBEA",17
"5951","PRR14L",7
"5952","ZNF610",6
"5953","ZNF677",6
"5954","ZNF525",7
"5955","LSP1",6
"5956","USP3",3
"5957","ANKDD1A",5
"5958","DCDC2",7
"5959","HSP90AB1",8
"5960","EPN1",9
"5961","SLC35B4",5
"5962","KPNA4",6
"5963","B3GALNT1",2
"5964","LINGO1",8
"5965","CHRNA5",7
"5966","CTSH",5
"5967","CRCP",4
"5968","SSC4D",5
"5969","SCGB1D1",4
"5970","DMTF1",7
"5971","SAMD9L",3
"5972","HEPACAM2",6
"5973","RASGRP2",4
"5974","SF1",2
"5975","FBXO11",6
"5976","PDK4",4
"5977","EHBP1",9
"5978","LCN10",4
"5979","ETAA1",3
"5980","ACTG2",4
"5981","ZKSCAN5",3
"5982","CPAMD8",13
"5983","MYO9B",13
"5984","NCAPH",4
"5985","CEP126",4
"5986","MMP13",3
"5987","SLC5A7",3
"5988","SEPTIN10",5
"5989","LIAS",6
"5990","PHOX2B",3
"5991","ATP10D",12
"5992","ARF5",2
"5993","IL13RA1",5
"5994","IMPDH1",3
"5995","GARIN1B",6
"5996","PKP4",9
"5997","WDSUB1",6
"5998","SPATA13",12
"5999","LY75-CD302",5
"6000","ITGB6",5
"6001","PTGER3",6
"6002","TYW3",2
"6003","SLC44A5",12
"6004","DLX1",2
"6005","RAPGEF4",15
"6006","LNPK",2
"6007","HOXD13",3
"6008","HOXD3",1
"6009","AGPS",8
"6010","ITGA4",6
"6011","CERKL",8
"6012","OSGEPL1",3
"6013","MYBPHL",4
"6014","MYO1B",10
"6015","STK17B",7
"6016","ZNF232",4
"6017","MARK1",7
"6018","MIA3",11
"6019","PLA2G6",9
"6020","CYP20A1",3
"6021","MDH1B",5
"6022","C2orf80",4
"6023","PIKFYVE",8
"6024","ADAM7",7
"6025","HMGCS2",6
"6026","TXNIP",5
"6027","PPP1R42",6
"6028","NBPF14",9
"6029","OSMR",8
"6030","DHX29",7
"6031","CCNB1",2
"6032","NSA2",2
"6033","LIN7A",5
"6034","SLC6A15",8
"6035","XRCC4",7
"6036","VCAN",7
"6037","POLR3G",3
"6038","TRIM4",1
"6039","MAL",3
"6040","CHD1",7
"6041","DCP2",3
"6042","COMMD10",4
"6043","FTMT",2
"6044","SRFBP1",2
"6045","TLK2",11
"6046","DCAF7",6
"6047","STRADA",4
"6048","PSMC5",1
"6049","SMURF2",5
"6050","FAM20A",7
"6051","JRK",2
"6052","MAPK15",5
"6053","CBX8",2
"6054","FOXK2",4
"6055","FN3KRP",4
"6056","DLGAP1",11
"6057","SPIRE1",10
"6058","PTPN2",6
"6059","CEP192",11
"6060","IMPACT",6
"6061","KCTD1",3
"6062","SEZ6L",9
"6063","TFIP11",4
"6064","SPATA17",7
"6065","TGFB2",5
"6066","IARS2",3
"6067","RAB3GAP2",7
"6068","SYT9",5
"6069","CALCB",4
"6070","ZNRF2",10
"6071","RBM34",4
"6072","ANO5",4
"6073","CCDC73",7
"6074","RNF144B",2
"6075","MBOAT1",7
"6076","WDR64",10
"6077","ZMYND11",10
"6078","AKR1C2",7
"6079","PRKCQ",12
"6080","DHTKD1",6
"6081","SEC61A2",2
"6082","DCLRE1C",5
"6083","RAPGEF1",9
"6084","SLC39A12",7
"6085","MYO3A",13
"6086","BAMBI",2
"6087","JCAD",5
"6088","KCNK13",3
"6089","ZNF22",2
"6090","FRMPD2",8
"6091","ERCC6",8
"6092","PARG",9
"6093","CPLANE2",3
"6094","PAFAH2",2
"6095","KCNK5",4
"6096","ARF4",2
"6097","ATXN7",4
"6098","CHRDL1",5
"6099","TRPC5",10
"6100","LYPD4",2
"6101","ARHGEF1",8
"6102","TEX13C",2
"6103","ARHGAP36",2
"6104","MCF2",7
"6105","ZNF229",5
"6106","EML2",7
"6107","CYTH2",3
"6108","NUCB1",9
"6109","CGB5",7
"6110","FUZ",2
"6111","SIGLEC7",4
"6112","ZNF175",7
"6113","ZNF616",4
"6114","MUC2",5
"6115","KRTAP5-2",4
"6116","MYO5A",9
"6117","NUP43",4
"6118","VIP",6
"6119","ISY1-RAB43",4
"6120","ALG1L2",8
"6121","COL6A6",15
"6122","TOPBP1",8
"6123","PLD2",5
"6124","DNAAF5",9
"6125","CTR9",10
"6126","SPEM1",3
"6127","CD68",3
"6128","SMC4",5
"6129","SMCR8",5
"6130","LGALS9C",5
"6131","SLC47A1",6
"6132","CEMIP",9
"6133","IL16",9
"6134","BNC1",4
"6135","SH3GL3",2
"6136","ACTL6A",5
"6137","FAM131A",4
"6138","MAP3K13",8
"6139","ETV5",5
"6140","P3H2",12
"6141","CLDN1",2
"6142","CALCR",9
"6143","PON3",5
"6144","ATG2A",5
"6145","DLX5",4
"6146","ASNS",5
"6147","TECPR1",6
"6148","MEPCE",1
"6149","LRCH4",6
"6150","GIGYF1",12
"6151","ACHE",3
"6152","NAT16",3
"6153","PLOD3",9
"6154","IFT22",3
"6155","PRKRIP1",8
"6156","NPHP1",7
"6157","TMEM87B",8
"6158","CKAP2L",4
"6159","EFCAB10",7
"6160","IFRD1",4
"6161","GPR85",2
"6162","AASS",6
"6163","EPHA5",10
"6164","TMPRSS11B",3
"6165","RUFY3",7
"6166","ALB",4
"6167","PZP",8
"6168","ADAT1",4
"6169","MRPL1",5
"6170","FRAS1",17
"6171","BMP2K",7
"6172","GOLT1B",2
"6173","HSD17B11",4
"6174","RNU6-713P",6
"6175","LEF1",7
"6176","SEC24B",7
"6177","EGF",10
"6178","ELOVL6",5
"6179","ZGRF1",12
"6180","VIPR2",8
"6181","TBXT",2
"6182","PAPOLB",6
"6183","VWDE",12
"6184","AGMO",11
"6185","H1-2",3
"6186","SUPT6H",10
"6187","PIPOX",5
"6188","TAOK1",9
"6189","TRPA1",10
"6190","FABP4",2
"6191","IMPA1",2
"6192","CA13",2
"6193","RNU1-104P",4
"6194","BHMT2",3
"6195","VEZT",9
"6196","ANKS1B",15
"6197","UTP20",11
"6198","MYBPC1",9
"6199","PAH",7
"6200","SLC41A2",3
"6201","RGMB",2
"6202","CYFIP2",8
"6203","ATP10B",14
"6204","MYO1H",11
"6205","IFT81",6
"6206","FAM216A",1
"6207","OAS3",7
"6208","SDSL",3
"6209","TBX5",5
"6210","MED13L",11
"6211","TESC",3
"6212","RPLP0",1
"6213","CLIP1",14
"6214","KMT5A",6
"6215","CCDC92",3
"6216","SCARB1",5
"6217","TMEM132B",9
"6218","ZMYND15",6
"6219","TMEM132C",8
"6220","ADGRD1",13
"6221","ZNF10",3
"6222","IL17D",3
"6223","CNOT8",1
"6224","TIMD4",5
"6225","GOLGA6A",4
"6226","KCNIP1",10
"6227","STK10",8
"6228","ERGIC1",6
"6229","RPL26L1",5
"6230","PROX1",8
"6231","GPATCH2",7
"6232","MED6",5
"6233","PCNX1",7
"6234","ARMH3",8
"6235","VIPAS39",8
"6236","PLSCR2",3
"6237","HTATIP2",3
"6238","BTBD7",4
"6239","CDK5RAP2",8
"6240","C5",8
"6241","H4C8",3
"6242","H2BC13",1
"6243","H2AC17",1
"6244","STOM",4
"6245","OR2B3",3
"6246","RNF39",3
"6247","PRR3",2
"6248","ABCF1",11
"6249","ADAM20",3
"6250","ADAMTS9",5
"6251","UBA3",3
"6252","NOLC1",4
"6253","PTPN21",3
"6254","ZC3H14",6
"6255","TTC8",7
"6256","LHFPL5",4
"6257","GPR68",2
"6258","ITPK1",8
"6259","ZNF347",3
"6260","MTMR2",3
"6261","TNN",10
"6262","PRIMA1",7
"6263","FAM181A",4
"6264","SERPINA6",4
"6265","LINC02914",3
"6266","WARS1",1
"6267","PPP2R5C",8
"6268","NEMP2",3
"6269","ALOX15",7
"6270","CAPN1",5
"6271","RELA",3
"6272","FOSL1",3
"6273","MFSD13A",4
"6274","RTL8C",1
"6275","SAGE1",8
"6276","CADM4",6
"6277","SMG9",7
"6278","CD300A",3
"6279","PML",5
"6280","PUS10",6
"6281","NCL",10
"6282","TRPM7",8
"6283","GLDN",6
"6284","TMOD3",5
"6285","C3orf22",3
"6286","LCE1D",3
"6287","ZNF688",2
"6288","HSD3B7",1
"6289","PRSS36",2
"6290","BRMS1",3
"6291","RBM14",4
"6292","CORO1B",6
"6293","ANO1",14
"6294","UBE2I",7
"6295","HLTF",6
"6296","ZNF174",4
"6297","PRSS23",5
"6298","DPYS",4
"6299","USP37",4
"6300","GLB1L",3
"6301","EPHA4",7
"6302","NTRK3",13
"6303","ANKIB1",7
"6304","TECTA",8
"6305","SMCP",1
"6306","DCAF4L2",2
"6307","CMTM2",1
"6308","JPT2",4
"6309","MAPK8IP3",10
"6310","RNF151",2
"6311","FLYWCH1",9
"6312","NUP54",2
"6313","DUXB",4
"6314","NPTN",4
"6315","ATMIN",2
"6316","ADGRA3",7
"6317","CASP12",3
"6318","GUCY1A2",9
"6319","BCL2L11",4
"6320","RDX",5
"6321","ANKK1",5
"6322","SIDT2",5
"6323","SYNJ2",12
"6324","LCE3E",3
"6325","ZNF491",3
"6326","SMO",5
"6327","GRHL2",10
"6328","HAT1",1
"6329","OPTC",6
"6330","ATP2B4",9
"6331","ZNF862",6
"6332","ATP6V0E2",2
"6333","ASIC3",3
"6334","ASB10",4
"6335","CLUH",8
"6336","RALGPS2",5
"6337","MAP4K1",10
"6338","ZNF440",8
"6339","ZNF563",3
"6340","ZNF443",6
"6341","PTP4A3",10
"6342","GGA3",6
"6343","SLC26A7",7
"6344","SPAG1",8
"6345","LHX9",4
"6346","ATP6V1G3",5
"6347","PTPN7",4
"6348","CNTRL",12
"6349","RAB14",2
"6350","NMRK2",4
"6351","SLC19A4P",1
"6352","PLEKHO1",5
"6353","GOLPH3L",6
"6354","MLLT11",4
"6355","S100A10",2
"6356","TCHHL1",4
"6357","CLC",4
"6358","PRX",9
"6359","PKN1",5
"6360","UNK",6
"6361","CIB3",3
"6362","BABAM1",3
"6363","ANKLE1",5
"6364","LGR6",10
"6365","MROH9",9
"6366","PRRC2C",8
"6367","RC3H1",9
"6368","RABGAP1L",12
"6369","TNR",11
"6370","PALB2",3
"6371","CYP2A7",8
"6372","CEACAM5",7
"6373","CNTN3",5
"6374","CLPSL1",3
"6375","SMAD3",2
"6376","ADD3",4
"6377","GPAM",5
"6378","ZDHHC6",1
"6379","VWA2",4
"6380","FHIP2A",8
"6381","PYHIN1",4
"6382","HTRA1",5
"6383","SNRPE",4
"6384","ETNK2",6
"6385","CNTN2",12
"6386","SUSD2",3
"6387","GGT5",6
"6388","ACSF3",2
"6389","MYO18B",12
"6390","TNRC6A",7
"6391","LCMT1",7
"6392","CHSY1",3
"6393","PSG3",9
"6394","ADGRE2",13
"6395","GSTO2",2
"6396","ILVBL",4
"6397","TMEM128",2
"6398","EVC",6
"6399","USP35",7
"6400","ZNF500",5
"6401","PPL",9
"6402","EIF3A",6
"6403","IGSF9",6
"6404","COPA",14
"6405","PLK5",6
"6406","GNA15",7
"6407","TJP3",9
"6408","RC3H2",4
"6409","ARHGEF18",9
"6410","ENG",7
"6411","PIP5KL1",4
"6412","ZNF585A",6
"6413","ACLY",9
"6414","LRRTM2",4
"6415","VPS25",5
"6416","PYY",4
"6417","MAP3K14",3
"6418","PANX3",6
"6419","FERRY3",3
"6420","MIR6859-3",5
"6421","FBXL16",3
"6422","SORCS3",8
"6423","RIMKLB",7
"6424","LARP1",5
"6425","RCAN1",5
"6426","BACE2",5
"6427","CERS6",4
"6428","OR6K6",5
"6429","LRFN2",2
"6430","APOBEC2",3
"6431","GATA3",5
"6432","ZNF792",5
"6433","CD22",4
"6434","ATP4A",6
"6435","ZFP14",5
"6436","REXO5",3
"6437","HS3ST2",4
"6438","NGEF",5
"6439","SLC23A1",6
"6440","PCDHA10",3
"6441","SLC27A3",5
"6442","IL6R",7
"6443","NCAPD2",11
"6444","ACRBP",6
"6445","LAG3",4
"6446","TTC24",7
"6447","NES",9
"6448","METTL25B",5
"6449","OR10Z1",4
"6450","UBR3",8
"6451","TRMT44",6
"6452","MCM3AP",7
"6453","KNDC1",8
"6454","HSPBAP1",2
"6455","CCDC14",8
"6456","UMPS",3
"6457","STX11",1
"6458","LATS1",4
"6459","DET1",5
"6460","CLPB",7
"6461","UGT1A7",2
"6462","ACBD6",6
"6463","PBXIP1",4
"6464","FDPS",2
"6465","ASH1L",11
"6466","PEX5",6
"6467","F13B",4
"6468","SLC26A2",1
"6469","BVES",2
"6470","OR6K3",7
"6471","ZNF518B",4
"6472","NCSTN",6
"6473","TVP23A",7
"6474","RSL1D1",6
"6475","GTF2F1",7
"6476","TMEM132E",6
"6477","CCT6B",4
"6478","ERI2",4
"6479","SHROOM1",3
"6480","VARS1",9
"6481","EFNA1",3
"6482","TRMT1L",5
"6483","ACOT12",7
"6484","KAT7",9
"6485","ABCC3",11
"6486","KIF2B",3
"6487","SLC26A8",9
"6488","BNIP5",6
"6489","CDKN1A",6
"6490","MX2",5
"6491","SP5",2
"6492","ADAL",6
"6493","NPIPA1",3
"6494","GPRC5B",7
"6495","KMT2E",9
"6496","TADA2A",6
"6497","NWD2",6
"6498","TMEM156",5
"6499","UGT1A5",1
"6500","MOAP1",3
"6501","EDEM3",9
"6502","HMGA1",5
"6503","RGS21",2
"6504","PDCD11",8
"6505","SCAF4",4
"6506","CRYBG3",8
"6507","C2CD2",6
"6508","WDR4",5
"6509","NR2F1",3
"6510","TUBD1",5
"6511","CLNK",4
"6512","SLAMF6",9
"6513","FCGR3A",8
"6514","ALDH9A1",6
"6515","KLHL36",2
"6516","EMC8",6
"6517","PROS1",8
"6518","ZNFX1",8
"6519","PASK",9
"6520","MIR7159",1
"6521","BFAR",5
"6522","RNU6-873P",1
"6523","ANTXR2",7
"6524","SGCA",6
"6525","CFAP61",12
"6526","AKAP1",3
"6527","MDGA1",7
"6528","ILDR2",4
"6529","SHD",1
"6530","RPL7L1",4
"6531","CCKAR",4
"6532","RNF212",5
"6533","RIPOR3",10
"6534","PCDHA12",3
"6535","SGF29",3
"6536","GOSR2",5
"6537","MYL5",4
"6538","CMTM3",1
"6539","IST1",9
"6540","ARL13B",3
"6541","IVD",6
"6542","PPP1R14D",1
"6543","C4orf50",4
"6544","CPEB2",3
"6545","FAM227B",7
"6546","BRIP1",8
"6547","PCDHGA12",7
"6548","DIAPH1",5
"6549","SOD3",1
"6550","SEPSECS",3
"6551","DNM2",7
"6552","SH2B1",5
"6553","LMLN",7
"6554","RTF1",6
"6555","LCMT2",2
"6556","SLC9C1",10
"6557","CKMT2",4
"6558","XRN2",7
"6559","ALDH8A1",6
"6560","VNN2",4
"6561","HOXB7",1
"6562","TTLL6",5
"6563","CALHM6",2
"6564","CLRN2",1
"6565","LRRC74B",7
"6566","LCORL",5
"6567","PCDHGA9",2
"6568","CDK5RAP3",5
"6569","PIGU",4
"6570","SPOP",6
"6571","PRKCSH",5
"6572","VNN3P",5
"6573","ZNF778",3
"6574","RNF157",7
"6575","NKX2-2",3
"6576","PLAGL1",5
"6577","CASR",4
"6578","TENT2",7
"6579","NXPH3",3
"6580","NCAPG",3
"6581","CMSS1",4
"6582","TINAG",6
"6583","PAQR3",2
"6584","ATP10A",8
"6585","TEX14",11
"6586","ISM1",5
"6587","ABCA10",12
"6588","USP50",2
"6589","NMBR",2
"6590","CCP110",5
"6591","FAN1",4
"6592","DPPA2",3
"6593","CDH26",9
"6594","NIPA1",7
"6595","ELOVL4",6
"6596","SH3BGRL2",5
"6597","PFDN4",2
"6598","CSTF1",2
"6599","SPICE1",6
"6600","USP10",6
"6601","ARHGAP11B",7
"6602","CDK5RAP1",5
"6603","KLHL32",7
"6604","TECPR2",13
"6605","BCAS3",12
"6606","COA8",4
"6607","PLD4",4
"6608","TPTE",13
"6609","CYYR1",5
"6610","MIR4538",5
"6611","HCK",7
"6612","STXBP5L",9
"6613","AKAP7",3
"6614","RNU4ATAC7P",1
"6615","BTBD6",2
"6616","LCA5",4
"6617","SLC8A1",7
"6618","PRKCE",9
"6619","PKDCC",1
"6620","XPO1",8
"6621","PNPT1",3
"6622","PIK3IP1",3
"6623","DYNC2LI1",6
"6624","CDKL4",6
"6625","ABCG8",5
"6626","SLC3A1",7
"6627","OXER1",3
"6628","ABCG5",6
"6629","C2orf74",1
"6630","FAM178B",7
"6631","FAHD2A",3
"6632","INPP5J",7
"6633","TRIM43",1
"6634","CRIPT",4
"6635","STPG4",4
"6636","CCR2",1
"6637","LTF",7
"6638","RTP3",2
"6639","CCT4",6
"6640","EDA",3
"6641","DLG3",5
"6642","PSME4",11
"6643","STRN",5
"6644","EIF2AK2",4
"6645","GBE1",3
"6646","VGLL3",6
"6647","ZNF654",2
"6648","CSNKA2IP",1
"6649","NSUN3",7
"6650","KCNK12",2
"6651","ERLEC1",7
"6652","RNU1-56P",2
"6653","GCNA",1
"6654","CXorf49B",1
"6655","NHSL2",5
"6656","PHKA1",7
"6657","SLC16A2",4
"6658","RLIM",5
"6659","UPRT",3
"6660","ZDHHC15",5
"6661","MAGT1",4
"6662","GPR174",1
"6663","BRWD3",8
"6664","ZNF711",5
"6665","KLHL4",2
"6666","TSPAN6",1
"6667","ARL13A",2
"6668","TRMT2B",2
"6669","AAK1",10
"6670","GMCL1",6
"6671","RIOX2",2
"6672","NIT2",3
"6673","ADGRG7",4
"6674","PAIP2B",1
"6675","CYP26B1",2
"6676","FYCO1",6
"6677","RAB11FIP5",2
"6678","PRSS50",5
"6679","SMARCC1",10
"6680","SHISA5",2
"6681","TMEM89",2
"6682","BSN",6
"6683","APEH",2
"6684","GMPPB",4
"6685","UBA7",5
"6686","SLC38A3",3
"6687","SEMA3B",3
"6688","ZMYND10",2
"6689","ASPRV1",3
"6690","CLEC4F",7
"6691","CD207",2
"6692","NAGK",1
"6693","MPHOSPH10",4
"6694","PTCD3",4
"6695","REEP1",6
"6696","CD8B",4
"6697","RGPD1",6
"6698","FOXI3",4
"6699","EIF2AK3",5
"6700","CFAP73",3
"6701","DDX54",5
"6702","IQCD",3
"6703","TPCN1",14
"6704","SLC8B1",7
"6705","TBX3",5
"6706","SPRING1",2
"6707","RNFT2",8
"6708","RFC5",2
"6709","WSB2",7
"6710","VSIG10",4
"6711","SUDS3",3
"6712","CABP1",4
"6713","P2RX7",5
"6714","RNF34",1
"6715","MORN3",3
"6716","TMEM120B",6
"6717","SETD1B",4
"6718","HPD",7
"6719","HIP1R",7
"6720","ARL6IP4",5
"6721","RNU6-927P",1
"6722","RIMBP2",9
"6723","ULK1",6
"6724","POLE",11
"6725","PXMP2",4
"6726","GOLGA3",8
"6727","XPO4",4
"6728","SKA3",7
"6729","MRPL57",1
"6730","AMER2",4
"6731","LNX2",4
"6732","PAN3",9
"6733","SLC46A3",5
"6734","SLC7A1",4
"6735","UBE2L5",1
"6736","SERTM1",1
"6737","EXOSC8",1
"6738","CCDC122",2
"6739","CBY2",2
"6740","SIAH3",5
"6741","FAM124A",6
"6742","INTS6",2
"6743","UTP14C",1
"6744","VPS36",2
"6745","CKAP2",5
"6746","PCDH17",3
"6747","COMMD6",4
"6748","ACOD1",3
"6749","SCEL",7
"6750","OBI1",4
"6751","DNAJC3",3
"6752","CLYBL",11
"6753","PCCA",10
"6754","TPP2",10
"6755","CCDC168",1
"6756","PCID2",4
"6757","TFDP1",5
"6758","APEX1",2
"6759","RNASE13",3
"6760","TPPP2",2
"6761","RNF212B",4
"6762","GZMB",2
"6763","G2E3",9
"6764","HEATR5A",8
"6765","RNU6-7",1
"6766","SFTA3",1
"6767","KLHL28",4
"6768","PRPF39",6
"6769","SOS2",9
"6770","ATL1",6
"6771","TRIM9",8
"6772","TMX1",2
"6773","SLC35F4",9
"6774","GPR135",1
"6775","GPHB5",3
"6776","MAX",5
"6777","GARIN2",3
"6778","BAP1",4
"6779","PHF7",1
"6780","NISCH",5
"6781","STAB1",11
"6782","GLT8D1",2
"6783","NEK4",3
"6784","ITIH3",3
"6785","DNAH12",7
"6786","TMED9",3
"6787","RUFY1",9
"6788","RNF130",5
"6789","GFPT2",5
"6790","FLT4",6
"6791","DUSP22",5
"6792","BPHL",9
"6793","FARS2",7
"6794","SENP7",9
"6795","CCDC54",2
"6796","CD47",3
"6797","CIP2A",6
"6798","RETNLB",5
"6799","PHLDB2",8
"6800","TAGLN3",3
"6801","ATG3",6
"6802","CD200R1L",4
"6803","SIDT1",7
"6804","LSAMP",7
"6805","IGSF11",8
"6806","CFAP91",7
"6807","GPR156",4
"6808","LRRC58",3
"6809","FSTL1",3
"6810","ARMCX2",1
"6811","RAB40AL",1
"6812","GLRA4",2
"6813","RADX",5
"6814","RNF128",3
"6815","CLDN2",1
"6816","MORC4",5
"6817","TSC22D3",3
"6818","PAK3",9
"6819","CAPN6",6
"6820","HTR2C",4
"6821","RBMXL3",4
"6822","NKRF",1
"6823","UPF3B",5
"6824","RNF113A",3
"6825","C2orf78",5
"6826","STAMBP",3
"6827","MOB1A",3
"6828","SLC4A5",8
"6829","TACR1",5
"6830","EVA1A",5
"6831","REG3G",6
"6832","REG1B",5
"6833","KCMF1",3
"6834","SH2D6",2
"6835","ATOH8",3
"6836","POLR1A",8
"6837","ADORA2A",4
"6838","LRP5L",8
"6839","HPS4",6
"6840","SRRD",4
"6841","CRYBB1",5
"6842","EMID1",5
"6843","TCN2",5
"6844","MORC2",8
"6845","CXCL17",3
"6846","DEPDC5",9
"6847","RFPL2",6
"6848","SYN3",12
"6849","MB",2
"6850","RBFOX2",6
"6851","EIF3D",7
"6852","PVALB",2
"6853","TMPRSS6",7
"6854","CYTH4",6
"6855","LGALS2",3
"6856","MICALL1",7
"6857","SLC16A8",1
"6858","APOBEC3A",4
"6859","TAB1",2
"6860","RBX1",4
"6861","ZC3H7B",9
"6862","TOB2",3
"6863","POLR3H",6
"6864","SREBF2",12
"6865","SCUBE1",10
"6866","SULT4A1",4
"6867","SMC1B",7
"6868","FBLN1",8
"6869","ATXN10",3
"6870","IL17REL",4
"6871","MOV10L1",7
"6872","LMF2",3
"6873","SYCE3",3
"6874","ACR",2
"6875","SRGAP3",11
"6876","MTMR14",5
"6877","ARPC4",2
"6878","IL17RC",6
"6879","EMC3",5
"6880","IQSEC1",10
"6881","FGD5",8
"6882","RFTN1",9
"6883","PLCL2",3
"6884","KCNH8",4
"6885","ZNF385D",7
"6886","UBE2E2",4
"6887","RNU6-922P",1
"6888","CPSF3",5
"6889","ADAM17",6
"6890","DYNC1LI1",7
"6891","ACVR2B",6
"6892","ABHD5",3
"6893","TCAIM",2
"6894","ZDHHC3",5
"6895","LIMD1",3
"6896","KCNK3",2
"6897","CENPA",3
"6898","DNAJC5G",3
"6899","GTF3C2",6
"6900","EIF2B4",3
"6901","NRBP1",4
"6902","GCKR",8
"6903","ZNF512",5
"6904","SUPT7L",3
"6905","SPDYA",5
"6906","WDR43",4
"6907","CLIP4",4
"6908","LCLAT1",4
"6909","MEMO1",6
"6910","TTC27",6
"6911","ZFX",1
"6912","TMEM47",1
"6913","FAM47C",7
"6914","USP9X",9
"6915","CASK",8
"6916","EFHC2",5
"6917","ZNF41",6
"6918","ARAF",1
"6919","SSX3",5
"6920","KCND1",2
"6921","WDR45",3
"6922","SYP",1
"6923","DGKK",10
"6924","XAGE3",4
"6925","UBQLN2",1
"6926","NBDY",3
"6927","VSIG4",5
"6928","HEPH",10
"6929","AJAP1",9
"6930","NPHP4",12
"6931","NOL9",8
"6932","TAS1R1",3
"6933","ZBTB48",2
"6934","SLC45A1",5
"6935","ENO1",5
"6936","H6PD",6
"6937","PIK3CD",8
"6938","PGD",6
"6939","CASZ1",8
"6940","C1orf127",4
"6941","MAD2L2",5
"6942","C1orf167",3
"6943","MTHFR",4
"6944","CLCN6",6
"6945","MIIP",3
"6946","PRAMEF18",3
"6947","PRAMEF33",5
"6948","PRAMEF14",6
"6949","CELA2B",2
"6950","CASP9",5
"6951","LAMP2",7
"6952","CUL4B",7
"6953","GRIA3",8
"6954","STAG2",3
"6955","SASH3",4
"6956","UTP14A",5
"6957","RAP2C",1
"6958","MBNL3",6
"6959","HS6ST2",4
"6960","USP26",4
"6961","GPC3",6
"6962","PLAC1",3
"6963","ZNF75D",5
"6964","SMIM10L2A",1
"6965","CD40LG",2
"6966","F9",3
"6967","SPANXC",4
"6968","SPANXN4",1
"6969","SLITRK4",4
"6970","SLITRK2",5
"6971","MIR513A2",3
"6972","FMR1",6
"6973","EOLA1",2
"6974","MAGEA11",3
"6975","EOLA2",5
"6976","CD99L2",4
"6977","GABRE",3
"6978","GABRQ",4
"6979","BGN",1
"6980","SLC6A8",3
"6981","BCAP31",4
"6982","NAA10",2
"6983","EMD",1
"6984","DNASE1L1",4
"6985","ATP6AP1",1
"6986","GDI1",4
"6987","PLXNA3",5
"6988","SLC10A3",3
"6989","F8",4
"6990","SPRY3",2
"6991","COX5B",1
"6992","ACTR1B",2
"6993","ZAP70",5
"6994","MGAT4A",5
"6995","TSGA10",6
"6996","REV1",7
"6997","TBC1D8",8
"6998","UXS1",5
"6999","RGPD3",6
"7000","CD8B2",1
"7001","ST6GAL2",7
"7002","CCDC138",9
"7003","MTLN",1
"7004","BUB1",8
"7005","POLR1B",9
"7006","DDX18",5
"7007","CCDC93",8
"7008","C2orf76",4
"7009","PTPN4",3
"7010","TFCP2L1",8
"7011","ERCC3",4
"7012","LIMS2",2
"7013","CCDC74B",4
"7014","MGAT5",10
"7015","ACMSD",3
"7016","MAP3K19",5
"7017","RAB3GAP1",6
"7018","R3HDM1",7
"7019","MCM6",4
"7020","KYNU",6
"7021","GTDC1",8
"7022","ORC4",3
"7023","MBD5",9
"7024","RBM43",3
"7025","UPP2",7
"7026","LY75",7
"7027","KCNH7",12
"7028","FIGN",2
"7029","SCN2A",9
"7030","CSRNP3",3
"7031","TTC21B",5
"7032","SCN1A",8
"7033","SPC25",1
"7034","ABCB11",9
"7035","KLHL23",3
"7036","TLK1",6
"7037","METAP1D",5
"7038","PDK1",3
"7039","GPR155",6
"7040","RBM45",5
"7041","MIR548AE1",1
"7042","FSIP2",10
"7043","ITGAV",10
"7044","WDR75",4
"7045","MSTN",5
"7046","NAB1",2
"7047","GLS",3
"7048","STAT1",10
"7049","SLC39A10",6
"7050","HECW2",7
"7051","CCDC150",5
"7052","FTCDNL1",3
"7053","TYW5",1
"7054","KCTD18",1
"7055","C2CD6",3
"7056","TMEM237",8
"7057","KIAA2012",8
"7058","NBEAL1",10
"7059","RAPH1",7
"7060","INO80D",4
"7061","ADAM23",6
"7062","CPO",6
"7063","METTL21A",1
"7064","MYL1",4
"7065","VWC2L",3
"7066","BARD1",1
"7067","CATIP",1
"7068","VIL1",5
"7069","TTLL4",4
"7070","CYP27A1",2
"7071","NHEJ1",3
"7072","TUBA4B",1
"7073","PTPRN",6
"7074","DES",2
"7075","CHPF",2
"7076","OBSL1",7
"7077","SLC4A3",4
"7078","FARSB",3
"7079","FAM124B",2
"7080","RHBDD1",3
"7081","MFF",2
"7082","FBXO36",2
"7083","SP100",8
"7084","CAB39",6
"7085","SPATA3",5
"7086","ALPP",5
"7087","ALPI",8
"7088","ATG16L1",6
"7089","SAG",4
"7090","USP40",8
"7091","UGT1A1",1
"7092","AGAP1",9
"7093","COL6A3",13
"7094","KLHL30",4
"7095","OR6B3",4
"7096","SNED1",13
"7097","ANO7",5
"7098","HDLBP",7
"7099","D2HGDH",5
"7100","RBCK1",6
"7101","RAD21L1",5
"7102","NSFL1C",5
"7103","EBF4",6
"7104","GFRA4",2
"7105","ADAM33",5
"7106","HSPA12B",4
"7107","RASSF2",2
"7108","MCM8",8
"7109","CRLS1",3
"7110","LAMP5",5
"7111","RNU7-137P",2
"7112","DZANK1",11
"7113","RBBP9",5
"7114","DTD1",3
"7115","KIZ",5
"7116","GZF1",2
"7117","CST5",3
"7118","SYNDIG1",5
"7119","ACSS1",6
"7120","GINS1",7
"7121","NINL",8
"7122","TM9SF4",9
"7123","PLAGL2",2
"7124","SUN5",6
"7125","SNTA1",5
"7126","PXMP4",3
"7127","DYNLRB1",3
"7128","MAP1LC3A",3
"7129","PROCR",4
"7130","UQCC1",9
"7131","CEP250",8
"7132","ERGIC3",6
"7133","CNBD2",7
"7134","DSN1",4
"7135","GHRH",4
"7136","TGM2",6
"7137","BPI",9
"7138","ACTR5",1
"7139","TOP1",4
"7140","PLCG1",5
"7141","LPIN3",5
"7142","MYBL2",5
"7143","TOX2",6
"7144","JPH2",2
"7145","CCN5",7
"7146","KCNS1",4
"7147","RBPJL",6
"7148","PIGT",7
"7149","TNNC2",2
"7150","PLTP",16
"7151","MMP9",4
"7152","CD40",6
"7153","CDH22",12
"7154","RNF114",8
"7155","SNAI1",2
"7156","MC3R",4
"7157","FAM209B",5
"7158","SPO11",7
"7159","ZBP1",3
"7160","TUBB1",5
"7161","CABLES2",3
"7162","DNAJC5",6
"7163","NRIP1",3
"7164","RNU1-98P",1
"7165","CHODL",4
"7166","ADAMTS5",3
"7167","KRTAP24-1",1
"7168","KRTAP6-3",3
"7169","KRTAP7-1",1
"7170","MIS18A",2
"7171","EVA1C",3
"7172","IFNAR2",4
"7173","IL10RB",6
"7174","DNAJC28",3
"7175","CLIC6",5
"7176","CBR1",1
"7177","VPS26C",6
"7178","DYRK1A",5
"7179","PRDM15",8
"7180","ABCG1",5
"7181","UBASH3A",3
"7182","SLC37A1",5
"7183","NDUFV3",3
"7184","PKNOX1",3
"7185","RNU6-1150P",2
"7186","DNMT3L",4
"7187","KRTAP10-5",1
"7188","SLC19A1",3
"7189","FTCD",10
"7190","LSS",4
"7191","HDHD5",4
"7192","ATP6V1E1",1
"7193","PEX26",4
"7194","SLC25A1",1
"7195","MRPL40",1
"7196","C22orf39",3
"7197","UFD1",7
"7198","TANGO2",5
"7199","DGCR6L",2
"7200","LZTR1",7
"7201","MAPK1",5
"7202","PRAME",4
"7203","GGTLC2",2
"7204","GSTT2",1
"7205","GSTT4",3
"7206","SFTPD",7
"7207","ANXA11",9
"7208","SH2D4B",7
"7209","LRIT1",2
"7210","CCSER2",4
"7211","LDB3",7
"7212","SNCG",2
"7213","GLUD1",6
"7214","SHLD2",4
"7215","LIPA",4
"7216","RPP30",3
"7217","TBC1D12",6
"7218","CYP2C18",1
"7219","CYP2C8",4
"7220","TLL2",8
"7221","ZFYVE27",3
"7222","PYROXD2",4
"7223","SLC25A28",2
"7224","CPN1",4
"7225","PPRC1",3
"7226","SUFU",7
"7227","PSG5",10
"7228","PHLDB3",8
"7229","PLAUR",5
"7230","ZNF227",5
"7231","ZNF235",8
"7232","ZNF180",7
"7233","CEACAM20",5
"7234","NECTIN2",5
"7235","CLPTM1",5
"7236","RELB",6
"7237","MARK4",8
"7238","PPP1R13L",4
"7239","GIPR",7
"7240","SIX5",2
"7241","ARHGAP35",6
"7242","SAE1",3
"7243","C5AR2",5
"7244","NAPA",7
"7245","NOP53",7
"7246","CRX",7
"7247","PLA2G4C",10
"7248","TMEM143",5
"7249","GRWD1",8
"7250","SULT2B1",6
"7251","SPHK2",7
"7252","DHDH",9
"7253","TRPM4",8
"7254","ALDH16A1",6
"7255","FLT3LG",2
"7256","MED25",8
"7257","MYH14",13
"7258","MYBPC2",9
"7259","EMC10",5
"7260","KLK10",4
"7261","SIGLECL1",3
"7262","SIGLEC8",5
"7263","CEACAM18",6
"7264","SPACA6",3
"7265","ZNF613",5
"7266","ZNF350",6
"7267","ZNF615",4
"7268","PPP2R1A",4
"7269","ZNF534",4
"7270","ZNF808",10
"7271","ZNF28",11
"7272","ZNF816",7
"7273","ZNF665",2
"7274","VN1R2",1
"7275","TSEN34",1
"7276","RPS9",4
"7277","LILRA2",11
"7278","FCAR",5
"7279","NLRP7",8
"7280","EPS8L1",5
"7281","PPP6R1",11
"7282","COX6B2",3
"7283","C19orf85",1
"7284","ZNF628",2
"7285","SSC5D",7
"7286","ZNF835",4
"7287","DUXA",4
"7288","ZNF805",6
"7289","ZNF304",3
"7290","ZNF547",5
"7291","ZNF549",3
"7292","ZNF530",4
"7293","ZNF154",4
"7294","ZNF417",3
"7295","ZNF837",3
"7296","ZNF584",7
"7297","SLC27A5",5
"7298","COLEC11",4
"7299","DCDC2C",5
"7300","CMPK2",2
"7301","ID2",5
"7302","EXT2",5
"7303","ALX4",3
"7304","ODC1",5
"7305","NOL10",8
"7306","ATP6V1C2",5
"7307","PDIA6",5
"7308","CYRIA",2
"7309","APOB",9
"7310","MFSD2B",3
"7311","PFN4",1
"7312","FAM228B",4
"7313","DTNB",5
"7314","GAREM2",4
"7315","SELENOH",2
"7316","PATL1",8
"7317","MS4A14",5
"7318","CD5",4
"7319","PGA5",4
"7320","FTH1",1
"7321","INCENP",6
"7322","TUT1",2
"7323","EML3",6
"7324","B3GAT3",1
"7325","GANAB",5
"7326","STX5",5
"7327","PPP1R14B",2
"7328","KCNK4",2
"7329","ESRRA",3
"7330","ARL2",2
"7331","POLA2",7
"7332","EHBP1L1",4
"7333","MUS81",5
"7334","CATSPER1",6
"7335","GAL3ST3",2
"7336","SF3B2",8
"7337","KLC2",5
"7338","CNIH2",2
"7339","MRPL11",1
"7340","PELI3",4
"7341","DPP3",9
"7342","TOP6BL",6
"7343","SYT12",7
"7344","RAD9A",5
"7345","CABP2",3
"7346","ALDH3B1",5
"7347","CHKA",6
"7348","TESMIN",3
"7349","CPT1A",7
"7350","IGHMBP2",4
"7351","MYEOV",2
"7352","DHCR7",4
"7353","KRTAP5-11",4
"7354","NUMA1",9
"7355","FOLR1",3
"7356","ATG16L2",6
"7357","RELT",2
"7358","FAM168A",8
"7359","CHRDL2",9
"7360","OR2AT4",3
"7361","SLCO2B1",7
"7362","MOGAT2",7
"7363","GOLGB1",8
"7364","EAF2",1
"7365","CSTA",1
"7366","DTX3L",2
"7367","ROPN1",6
"7368","MUC13",6
"7369","ROPN1B",5
"7370","ZXDC",3
"7371","PODXL2",5
"7372","RAB7A",7
"7373","ACAD9",7
"7374","EFCC1",4
"7375","COPG1",4
"7376","IFT122",4
"7377","UBA5",3
"7378","CDV3",1
"7379","RYK",4
"7380","MIR4788",2
"7381","PCCB",3
"7382","SLC35G2",1
"7383","ESYT3",6
"7384","ZBTB38",5
"7385","RNF7",3
"7386","ATP1B3",3
"7387","PLSCR1",4
"7388","ZIC4",6
"7389","CP",6
"7390","WWTR1",7
"7391","RNF13",6
"7392","SERPINI1",4
"7393","LRRC34",2
"7394","SLC2A2",4
"7395","PLD1",7
"7396","HTR3C",7
"7397","IKBKG",2
"7398","MAGEF1",3
"7399","VPS8",12
"7400","MASP1",10
"7401","SST",1
"7402","GMNC",3
"7403","ZDHHC19",6
"7404","PIGG",3
"7405","PDE6B",8
"7406","SPON2",5
"7407","CTBP1",2
"7408","UVSSA",6
"7409","FAM53A",5
"7410","HGFAC",6
"7411","DOK7",3
"7412","LRPAP1",6
"7413","MSX1",2
"7414","CRMP1",5
"7415","AFAP1",4
"7416","GPR78",2
"7417","HMX1",3
"7418","DEFB131A",2
"7419","DRD5",1
"7420","SLC2A9",6
"7421","CD38",3
"7422","LAP3",6
"7423","FAM184B",7
"7424","ZCCHC4",5
"7425","SEL1L3",6
"7426","PCDH7",6
"7427","C4orf19",3
"7428","PGM2",2
"7429","TBC1D1",14
"7430","TLR10",2
"7431","NSUN7",4
"7432","GUF1",6
"7433","GABRG1",5
"7434","GABRA2",8
"7435","CORIN",9
"7436","FRYL",8
"7437","DCUN1D4",2
"7438","PDCL2",2
"7439","NMU",2
"7440","EXOC1",7
"7441","PPAT",5
"7442","TMPRSS11F",4
"7443","UGT2A3",5
"7444","UGT2B7",6
"7445","SULT1E1",4
"7446","FDCSP",1
"7447","ENAM",6
"7448","GC",5
"7449","ANKRD17",9
"7450","CXCL8",2
"7451","PARM1",2
"7452","CXCL9",3
"7453","SOWAHB",3
"7454","SEPTIN11",4
"7455","ANXA3",9
"7456","PRDM8",1
"7457","SCD5",9
"7458","HELQ",5
"7459","NKX6-1",1
"7460","PTPN13",13
"7461","HSD17B13",5
"7462","SPP1",3
"7463","ADH5",2
"7464","ADH7",5
"7465","DNAJB14",6
"7466","MANBA",7
"7467","CENPE",12
"7468","AIMP1",4
"7469","PAPSS1",9
"7470","LRIT3",3
"7471","NEUROG2",2
"7472","LARP7",3
"7473","PLK4",2
"7474","JADE1",3
"7475","TBC1D9",7
"7476","RNF150",6
"7477","ZNF330",3
"7478","IL15",2
"7479","INPP4B",13
"7480","GYPA",5
"7481","ZNF827",7
"7482","POU4F2",4
"7483","RPS3A",5
"7484","TIGD4",2
"7485","FHDC1",5
"7486","MND1",3
"7487","FGB",4
"7488","RBM46",3
"7489","RAPGEF2",7
"7490","SMIM31",4
"7491","ANXA10",3
"7492","AADAT",2
"7493","HPGD",6
"7494","GLRA3",3
"7495","ACSL1",3
"7496","FAM149A",2
"7497","PDCD6",7
"7498","MIR4456",3
"7499","TRIP13",7
"7500","NKD2",7
"7501","ICE1",11
"7502","MARCHF6",6
"7503","ANKRD33B",8
"7504","DNAH5",16
"7505","ANKH",9
"7506","TAF11L12",4
"7507","GOLPH3",3
"7508","AMACR",5
"7509","TTC23L",5
"7510","RAD1",3
"7511","BRIX1",1
"7512","RANBP3L",5
"7513","SLC1A3",4
"7514","LIFR",9
"7515","C9",8
"7516","PLCXD3",3
"7517","OXCT1",6
"7518","GHR",11
"7519","NIM1K",7
"7520","HMGCS1",4
"7521","MRPS30",3
"7522","HCN1",7
"7523","ARL15",9
"7524","ESM1",1
"7525","IL31RA",5
"7526","MAP3K1",4
"7527","PDE4D",9
"7528","TRIM23",4
"7529","ERBIN",7
"7530","MCCC2",3
"7531","PTCD2",1
"7532","FCHO2",8
"7533","TMEM171",3
"7534","ARHGEF28",12
"7535","TBCA",4
"7536","RNU6-183P",1
"7537","ARB2A",9
"7538","SPATA9",2
"7539","FAM174A",2
"7540","PAM",6
"7541","PJA2",6
"7542","FEM1C",5
"7543","ATG12",5
"7544","LVRN",8
"7545","SEMA6A",7
"7546","DTWD2",3
"7547","TNFAIP8",1
"7548","SNX24",2
"7549","CSNK1G3",2
"7550","CDC42SE2",3
"7551","SEPTIN8",6
"7552","PITX1",3
"7553","MYOT",3
"7554","ANKHD1-EIF4EBP3",8
"7555","PCDHB2",3
"7556","PCDHB3",3
"7557","PCDHGA3",2
"7558","RNF14",2
"7559","DPYSL3",5
"7560","FBXO38",6
"7561","ABLIM3",9
"7562","MYOZ3",2
"7563","ANXA6",9
"7564","ATOX1",5
"7565","GLRA1",6
"7566","IL12B",2
"7567","GABRA1",3
"7568","HMMR",2
"7569","WWC1",9
"7570","RARS1",7
"7571","GABRP",4
"7572","FGF18",2
"7573","ATP6V0E1",7
"7574","CPEB4",5
"7575","SIMC1",6
"7576","ARL10",4
"7577","RNF44",7
"7578","ZNF346",3
"7579","SLC34A1",5
"7580","DOK3",6
"7581","FOXN3",7
"7582","TTC7B",10
"7583","DGLUCY",6
"7584","PPP4R3A",5
"7585","TRIP11",5
"7586","SLC24A4",10
"7587","UBR7",2
"7588","ASB2",5
"7589","BDKRB2",4
"7590","BCL11B",2
"7591","SETD3",6
"7592","RREB1",8
"7593","SNRNP48",1
"7594","TFAP2A",6
"7595","MAK",5
"7596","SMIM13",1
"7597","MCUR1",6
"7598","CAP2",5
"7599","KIF13A",14
"7600","TDP2",4
"7601","ACOT13",4
"7602","SLC17A4",4
"7603","H1-1",5
"7604","H2BC7",3
"7605","BTN3A1",5
"7606","H2AC12",3
"7607","H4C11",1
"7608","TRIM10",5
"7609","TRIM15",5
"7610","MDC1",10
"7611","TCF19",2
"7612","HSPA1L",4
"7613","DXO",3
"7614","HLA-DQB1",3
"7615","ZBTB22",3
"7616","RPEL1",3
"7617","SMNDC1",2
"7618","ADRA2A",2
"7619","TCF7L2",7
"7620","CASP7",5
"7621","NHLRC2",3
"7622","TRUB1",4
"7623","CCDC172",2
"7624","RAB11FIP2",3
"7625","FAM204A",5
"7626","INPP5F",5
"7627","MCMBP",5
"7628","WDR11",8
"7629","FAM53B",4
"7630","CTBP2",6
"7631","ZNF511",1
"7632","MUC5AC",9
"7633","IGF2",6
"7634","NAP1L4",6
"7635","OR52D1",3
"7636","TMEM41B",4
"7637","ZNF143",6
"7638","SWAP70",6
"7639","USP47",6
"7640","PLEKHA7",8
"7641","NCR3LG1",5
"7642","SAAL1",5
"7643","LDHAL6A",6
"7644","SPTY2D1",5
"7645","ZDHHC13",4
"7646","TBC1D2B",5
"7647","SVIP",1
"7648","LUZP2",10
"7649","SLC5A12",4
"7650","FIBIN",1
"7651","LIN7C",2
"7652","RCN1",2
"7653","TCP11L1",10
"7654","NAT10",8
"7655","ABTB2",5
"7656","CAT",4
"7657","PDHX",2
"7658","SLC1A2",6
"7659","PAMR1",6
"7660","TRIM44",7
"7661","LDLRAD3",7
"7662","ACCS",4
"7663","ZNF774",1
"7664","IQGAP1",7
"7665","TSPAN18",8
"7666","CHST1",2
"7667","LARGE2",2
"7668","PHF21A",6
"7669","ARHGAP1",4
"7670","LRP4",9
"7671","CSTPP1",4
"7672","FNBP4",8
"7673","FOLH1",8
"7674","OR4C12",2
"7675","OR4C16",1
"7676","OR5L2",2
"7677","OR8U1",4
"7678","FAM234A",11
"7679","ARHGDIG",2
"7680","RAB11FIP3",6
"7681","CACNA1H",14
"7682","CLCN7",7
"7683","EME2",5
"7684","MEIOB",6
"7685","RPS2",3
"7686","TRAF7",6
"7687","IL32",4
"7688","ZNF597",4
"7689","C16orf90",1
"7690","CLUAP1",6
"7691","TRAP1",6
"7692","SRL",5
"7693","UBALD1",2
"7694","UBN1",6
"7695","EEF2KMT",4
"7696","LITAFD",2
"7697","GRIN2A",9
"7698","ZC3H7A",5
"7699","GSPT1",8
"7700","RRN3",10
"7701","TMC7",6
"7702","COQ7",3
"7703","SYT17",3
"7704","VPS35L",4
"7705","KNOP1",6
"7706","ANKS4B",4
"7707","METTL9",2
"7708","MOSMO",3
"7709","VWA3A",11
"7710","NDUFAB1",2
"7711","PRKCB",13
"7712","CACNG3",3
"7713","ZKSCAN2",8
"7714","KDM8",4
"7715","XPO6",12
"7716","APOBR",4
"7717","ATXN2L",7
"7718","NFATC2IP",4
"7719","SPNS1",4
"7720","MAZ",4
"7721","PRRT2",2
"7722","ALDOA",1
"7723","CORO1A",1
"7724","MYL11",3
"7725","ZNF768",1
"7726","ZNF785",2
"7727","SRCAP",14
"7728","BCL7C",5
"7729","SETD1A",6
"7730","STX1B",4
"7731","STX4",8
"7732","ITGAD",8
"7733","TGFB1I1",2
"7734","ZNF267",4
"7735","GPT2",5
"7736","ITFG1",5
"7737","PHKB",9
"7738","ABCC11",5
"7739","C16orf78",2
"7740","IRX3",3
"7741","MMP2",9
"7742","GNAO1",8
"7743","AMFR",5
"7744","BBS2",3
"7745","MT4",2
"7746","CETP",6
"7747","NLRC5",11
"7748","RSPRY1",4
"7749","CIAPIN1",5
"7750","KIFC3",9
"7751","TK2",4
"7752","NAE1",3
"7753","CES4A",4
"7754","TRADD",1
"7755","EDC4",7
"7756","SMPD3",2
"7757","CHTF8",4
"7758","TAT",5
"7759","PMFBP1",9
"7760","CENPN",5
"7761","MPHOSPH6",2
"7762","HSDL1",3
"7763","CRISPLD2",7
"7764","FOXL1",3
"7765","IL17C",1
"7766","RPL13",2
"7767","VPS9D1",3
"7768","TUBB3",3
"7769","GEMIN4",3
"7770","NXN",7
"7771","TRARG1",3
"7772","INPP5K",2
"7773","TSR1",7
"7774","NCBP3",6
"7775","CYB5D2",3
"7776","PELP1",5
"7777","SLC13A5",6
"7778","FBXO39",3
"7779","DVL2",6
"7780","GPS2",1
"7781","SHBG",5
"7782","TMEM88",3
"7783","ALOX15B",5
"7784","ALOX12B",7
"7785","TMEM107",7
"7786","CTC1",3
"7787","MYH8",8
"7788","TMEM220",4
"7789","ELAC2",2
"7790","PEMT",8
"7791","RAI1",7
"7792","LLGL1",7
"7793","SHMT1",5
"7794","PRPSAP2",5
"7795","ALDH3A2",2
"7796","SPECC1",9
"7797","CCDC144NL",3
"7798","KCNJ18",4
"7799","KSR1",9
"7800","POLDIP2",1
"7801","SARM1",9
"7802","SLC46A1",3
"7803","PIGS",3
"7804","SDF2",2
"7805","PROCA1",1
"7806","FLOT2",7
"7807","ATAD5",6
"7808","UTP6",7
"7809","RHBDL3",7
"7810","C17orf75",4
"7811","ZNF207",5
"7812","LIG3",6
"7813","HEATR9",3
"7814","CCL3",6
"7815","CCL4L2",5
"7816","C17orf78",1
"7817","MRPL45",3
"7818","GPR179",6
"7819","ARHGAP23",8
"7820","PSMB3",1
"7821","ARL5C",3
"7822","CACNB1",5
"7823","STARD3",5
"7824","THRA",5
"7825","GJD3",2
"7826","TOP2A",5
"7827","CCR7",2
"7828","KRT24",7
"7829","KRT26",1
"7830","KRTAP4-8",2
"7831","KRT32",3
"7832","KRT35",3
"7833","KRT36",6
"7834","JUP",4
"7835","STAT5B",4
"7836","NAGLU",6
"7837","MLX",5
"7838","CNTNAP1",7
"7839","WNK4",7
"7840","VAT1",2
"7841","NBR1",6
"7842","DHX8",8
"7843","ETV4",3
"7844","CD300LG",4
"7845","HROB",2
"7846","CCDC43",2
"7847","HEXIM1",1
"7848","KANSL1",7
"7849","WNT9B",2
"7850","SP2",4
"7851","SNF8",1
"7852","ITGA3",10
"7853","EME1",4
"7854","EPN3",5
"7855","DGKE",4
"7856","CUEDC1",3
"7857","VMP1",6
"7858","APPBP2",5
"7859","PPM1D",5
"7860","MED13",6
"7861","METTL2A",4
"7862","TANC2",7
"7863","MAP3K3",5
"7864","FTSJ3",6
"7865","GH2",4
"7866","CSH1",2
"7867","GH1",2
"7868","ERN1",7
"7869","RGS9",12
"7870","CEP112",10
"7871","PRKCA",10
"7872","CACNG5",5
"7873","PITPNC1",6
"7874","NOL11",5
"7875","BPTF",7
"7876","KPNA2",4
"7877","PRKAR1A",5
"7878","SLC39A11",12
"7879","DNAI2",9
"7880","GRIN2C",5
"7881","FDXR",3
"7882","OTOP3",4
"7883","NT5C",2
"7884","CASKIN2",2
"7885","RECQL5",10
"7886","H3-3B",1
"7887","WBP2",5
"7888","SRP68",6
"7889","UBE2O",9
"7890","AANAT",5
"7891","ST6GALNAC1",4
"7892","METTL23",2
"7893","SEPTIN9",13
"7894","BIRC5",1
"7895","C1QTNF1",4
"7896","ENGASE",5
"7897","SLC26A11",5
"7898","RNF213",14
"7899","BAIAP2",5
"7900","AATK",9
"7901","SLC38A10",7
"7902","HGS",6
"7903","FASN",9
"7904","SLC16A3",5
"7905","SECTM1",10
"7906","NARF",2
"7907","RAB40B",1
"7908","METRNL",4
"7909","THOC1",5
"7910","YES1",5
"7911","LPIN2",10
"7912","TMEM200C",2
"7913","MTCL1",13
"7914","RALBP1",5
"7915","PPP4R1",5
"7916","APCDD1",6
"7917","AFG3L2",7
"7918","PSMG2",5
"7919","GREB1L",8
"7920","ABHD3",3
"7921","MIB1",6
"7922","TMEM241",4
"7923","CABYR",4
"7924","ZNF521",5
"7925","DSG2",9
"7926","RPRD1A",4
"7927","PIK3C3",2
"7928","PSTPIP2",5
"7929","CFAP53",4
"7930","ME2",9
"7931","SMAD4",7
"7932","POLI",3
"7933","SERPINB5",5
"7934","SERPINB12",2
"7935","SERPINB7",4
"7936","CYB5A",3
"7937","CNDP2",5
"7938","NFATC1",10
"7939","SLC66A2",2
"7940","ELANE",3
"7941","FAM174C",2
"7942","APC2",9
"7943","REEP6",4
"7944","ZNF554",3
"7945","ZNF555",1
"7946","S1PR4",1
"7947","NCLN",2
"7948","CACTIN",4
"7949","MATK",8
"7950","MAP2K2",7
"7951","CREB3L3",6
"7952","SH3GL1",5
"7953","LRG1",6
"7954","DPP9",3
"7955","DUS3L",4
"7956","FUT6",6
"7957","RANBP3",9
"7958","TUBB4A",4
"7959","CD70",3
"7960","C3",5
"7961","GPR108",2
"7962","TRIP10",3
"7963","ZNF557",4
"7964","CLEC4M",3
"7965","EVI5L",6
"7966","SNAPC2",2
"7967","CCL25",2
"7968","RPS28",1
"7969","ADAMTS10",7
"7970","OR7G1",4
"7971","OR7G3",2
"7972","OR7D2",2
"7973","FBXL12",5
"7974","OLFM2",7
"7975","COL5A3",12
"7976","DNMT1",7
"7977","MRPL4",5
"7978","FDX2",2
"7979","KEAP1",2
"7980","KRI1",4
"7981","ELAVL3",8
"7982","ECSIT",7
"7983","ZNF700",3
"7984","ZNF433",3
"7985","ZNF791",3
"7986","BEST2",5
"7987","FARSA",7
"7988","ZSWIM4",10
"7989","ASF1B",3
"7990","CLEC17A",5
"7991","SLC1A6",3
"7992","TEKTL1",1
"7993","RNU6-782P",1
"7994","CYP4F3",11
"7995","OR10H5",4
"7996","CYP4F11",6
"7997","EPS15L1",8
"7998","C19orf44",6
"7999","OCEL1",2
"8000","GTPBP3",2
"8001","MVB12A",4
"8002","MAP1S",5
"8003","JAK3",7
"8004","FKBP8",6
"8005","MEF2B",4
"8006","NCAN",6
"8007","TM6SF2",3
"8008","GATAD2A",12
"8009","ZNF14",4
"8010","ZNF486",5
"8011","ZNF626",6
"8012","ZNF100",5
"8013","ZNF208",8
"8014","ZNF676",5
"8015","ZNF724",5
"8016","ZNF726",7
"8017","POP4",3
"8018","ZNF536",8
"8019","RHPN2",9
"8020","GPATCH1",10
"8021","MAG",4
"8022","HAUS5",7
"8023","UPK1A",4
"8024","HSPB6",3
"8025","NPHS1",6
"8026","THAP8",2
"8027","ZNF565",4
"8028","ZNF573",5
"8029","DPF1",4
"8030","PSMD8",1
"8031","MED29",1
"8032","FCGBP",7
"8033","ZNF780B",7
"8034","MAP3K10",3
"8035","SPTBN4",8
"8036","RAB4B-EGLN2",3
"8037","RAB4B",3
"8038","EGLN2",4
"8039","CYP2F1",3
"8040","BCKDHA",4
"8041","B3GNT8",3
"8042","CEACAM4",9
"8043","CEACAM3",3
"8044","GRIK5",4
"8045","CIC",8
"8046","ZNF483",2
"8047","RNF183",1
"8048","AMBP",4
"8049","ORM2",1
"8050","MIR147A",2
"8051","TRAF1",4
"8052","GSN",7
"8053","DAB2IP",8
"8054","TTLL11",8
"8055","LHX6",3
"8056","RBM18",1
"8057","OR1B1",1
"8058","LHX2",5
"8059","OLFML2A",6
"8060","PPP6C",5
"8061","RABEPK",4
"8062","MAPKAP1",5
"8063","LMX1B",6
"8064","SH2D3C",5
"8065","CDK9",3
"8066","SLC25A25",8
"8067","PTGES2",8
"8068","CIZ1",6
"8069","SWI5",4
"8070","COQ4",3
"8071","SLC27A4",4
"8072","URM1",2
"8073","ZER1",6
"8074","TBC1D13",3
"8075","SH3GLB2",2
"8076","CRAT",5
"8077","PTPA",2
"8078","NCS1",5
"8079","FIBCD1",3
"8080","MED27",10
"8081","TTF1",3
"8082","DDX31",8
"8083","CACFD1",4
"8084","SLC2A6",1
"8085","WDR5",6
"8086","LCN1",6
"8087","PAEP",2
"8088","GLT6D1",7
"8089","LCN9",5
"8090","GPSM1",3
"8091","NOTCH1",12
"8092","CCDC183",4
"8093","TMEM141",3
"8094","AJM1",3
"8095","MAMDC4",9
"8096","FBXW5",4
"8097","CLIC3",2
"8098","ENTPD2",7
"8099","UAP1L1",3
"8100","TUBB4B",2
"8101","NELFB",4
"8102","ZMYND19",2
"8103","ARRDC1",3
"8104","GYG2",4
"8105","ARSD",4
"8106","ARSF",5
"8107","FAM9A",4
"8108","WWC3",10
"8109","TCEANC",2
"8110","CA5B",1
"8111","PDHA1",7
"8112","SH3KBP1",10
"8113","BCLAF3",5
"8114","MAP7D2",2
"8115","EIF1AX",2
"8116","CNKSR2",6
"8117","CXorf58",5
"8118","OR4F5",1
"8119","AGRN",7
"8120","ACAP3",7
"8121","TAS1R3",5
"8122","SSU72",6
"8123","MIB2",5
"8124","PLCH2",8
"8125","PANK4",7
"8126","TNFRSF14",3
"8127","PRDM16",14
"8128","ARHGEF16",5
"8129","LRRC47",5
"8130","C1orf174",6
"8131","SHPRH",5
"8132","GRM1",7
"8133","RAB32",3
"8134","UST",2
"8135","ZC3H12D",4
"8136","PLEKHG1",5
"8137","AKAP12",7
"8138","CCDC170",4
"8139","MIR1202",1
"8140","SERAC1",5
"8141","CLNS1A",1
"8142","PCF11",4
"8143","CCDC90B",2
"8144","EED",4
"8145","TYR",4
"8146","NAALAD2",7
"8147","UQCRHL",2
"8148","HSPB7",4
"8149","FAM131C",4
"8150","FBXO42",3
"8151","CROCC",12
"8152","ATP13A2",3
"8153","PAX7",6
"8154","AKR7L",2
"8155","TMCO4",7
"8156","CDA",3
"8157","ECE1",3
"8158","ALPL",7
"8159","EPHA8",9
"8160","HTR1D",1
"8161","HMGCL",2
"8162","MYOM3",7
"8163","CLIC4",3
"8164","AUNIP",3
"8165","CATSPER4",3
"8166","LIN28A",2
"8167","RPS6KA1",6
"8168","PTAFR",3
"8169","PHACTR4",5
"8170","TAF12",2
"8171","SNRNP40",7
"8172","FABP3",2
"8173","LCK",5
"8174","BSDC1",4
"8175","NHSL3",4
"8176","PHC2",4
"8177","KIAA0319L",7
"8178","ADPRS",1
"8179","COL8A2",2
"8180","STK40",10
"8181","CSF3R",6
"8182","RSPO1",3
"8183","MTF1",5
"8184","UTP11",3
"8185","HEYL",4
"8186","PPT1",7
"8187","SLFNL1",1
"8188","HIVEP3",8
"8189","P3H1",5
"8190","TMEM269",1
"8191","ERMAP",6
"8192","ZNF691",2
"8193","CFAP57",10
"8194","KLF17",8
"8195","PLK3",2
"8196","ZSWIM5",11
"8197","TESK2",4
"8198","TOE1",2
"8199","CYP4B1",4
"8200","CYP4A11",4
"8201","STIL",6
"8202","C1orf185",3
"8203","RNF11",2
"8204","TTC39A",6
"8205","TXNDC12",3
"8206","KTI12",1
"8207","BTF3L4",4
"8208","SHISAL2A",3
"8209","PODN",7
"8210","LRP8",6
"8211","NDC1",8
"8212","BSND",4
"8213","PRKAA2",8
"8214","DAB1",8
"8215","FGGY",6
"8216","PATJ",15
"8217","ROR1",7
"8218","JAK1",9
"8219","DEPDC1",3
"8220","TNNI3K",13
"8221","LHX8",1
"8222","ST6GALNAC3",7
"8223","ZNHIT6",3
"8224","KYAT3",5
"8225","BTBD8",11
"8226","ABCD3",6
"8227","AKNAD1",7
"8228","GSTM4",4
"8229","KCNA2",4
"8230","OVGP1",6
"8231","MOV10",3
"8232","SYT6",5
"8233","VANGL1",5
"8234","PTGFRN",5
"8235","HSD3B2",6
"8236","ZNF697",2
"8237","ADAM30",4
"8238","GPR89A",4
"8239","LIX1L",5
"8240","POLR3GL",4
"8241","HJV",5
"8242","RNVU1-8",3
"8243","FCGR1A",2
"8244","OTUD7B",10
"8245","APH1A",3
"8246","CTSK",2
"8247","RFX5",3
"8248","LCE2A",6
"8249","KPRP",4
"8250","LELP1",2
"8251","S100A7L2",3
"8252","GATAD2B",7
"8253","CREB3L4",2
"8254","ADAR",10
"8255","SHC1",5
"8256","DCST1",4
"8257","EFNA3",4
"8258","MSTO1",5
"8259","DAP3",5
"8260","UBQLN4",6
"8261","MEF2D",9
"8262","CRABP2",5
"8263","ARHGEF11",14
"8264","FCRL4",11
"8265","FCRL6",5
"8266","CFAP45",11
"8267","PEX19",3
"8268","NHLH1",1
"8269","LY9",4
"8270","CD244",8
"8271","B4GALT3",4
"8272","HSPA6",3
"8273","FCGR2C",5
"8274","FCGR3B",5
"8275","NOS1AP",8
"8276","C1orf226",3
"8277","RXRG",6
"8278","MGST3",4
"8279","UCK2",3
"8280","SFT2D2",3
"8281","ATP1B1",3
"8282","MYOC",4
"8283","ANKRD45",4
"8284","DARS2",6
"8285","ZBTB37",3
"8286","MRPS14",2
"8287","TEX35",1
"8288","MR1",6
"8289","TSEN15",3
"8290","RNF2",2
"8291","PTGS2",6
"8292","UCHL5",3
"8293","CDC73",8
"8294","CFHR4",7
"8295","PTPRC",15
"8296","CAMSAP2",5
"8297","IGFN1",5
"8298","PHLDA3",2
"8299","IPO9",12
"8300","RNPEP",6
"8301","KLHL12",6
"8302","ADORA1",6
"8303","MYBPH",3
"8304","PRELP",7
"8305","ZBED6",6
"8306","PIK3C2B",11
"8307","CDK18",9
"8308","MFSD4A",8
"8309","SLC41A1",3
"8310","C1orf116",7
"8311","CD34",6
"8312","CAMK1G",6
"8313","G0S2",1
"8314","UTP25",4
"8315","SERTAD4",5
"8316","BATF3",1
"8317","KCNK2",6
"8318","EPRS1",9
"8319","BPNT1",5
"8320","MTARC1",3
"8321","WDR26",5
"8322","CNIH3",5
"8323","TMEM63A",8
"8324","LEFTY2",5
"8325","SDE2",5
"8326","COQ8A",4
"8327","ZNF678",7
"8328","GJC2",2
"8329","TRIM17",5
"8330","GNPAT",10
"8331","TBCE",6
"8332","GNG4",7
"8333","GREM2",1
"8334","FH",5
"8335","KIF26B",11
"8336","VN1R5",2
"8337","OR6F1",2
"8338","OR14K1",1
"8339","OR11L1",1
"8340","TRIM58",4
"8341","OR2L13",3
"8342","OR2M7",5
"8343","OR2T11",3
"8344","WDR37",5
"8345","KIN",4
"8346","ATP5F1C",4
"8347","TAF3",4
"8348","USP6NL",4
"8349","PRPF18",5
"8350","HSPA14",4
"8351","MLLT10",9
"8352","ARMC3",9
"8353","ENKUR",5
"8354","THNSL1",1
"8355","GPR158",7
"8356","PDSS1",6
"8357","ABI1",6
"8358","ANKRD26",12
"8359","YME1L1",6
"8360","MKX",3
"8361","ODAD2",12
"8362","KIF5B",4
"8363","EPC1",5
"8364","CCDC7",11
"8365","ITGB1",5
"8366","ZNF248",11
"8367","ZNF25",5
"8368","BMS1",6
"8369","CSGALNACT2",6
"8370","TMEM72",6
"8371","RASSF4",10
"8372","ZFAND4",4
"8373","ANXA8L1",2
"8374","SYT15",2
"8375","CHAT",4
"8376","OGDHL",6
"8377","MBL2",3
"8378","ZWINT",3
"8379","EGR2",2
"8380","DNAJC12",6
"8381","SIRT1",4
"8382","SLC25A16",4
"8383","SUPV3L1",4
"8384","COL13A1",9
"8385","NPFFR1",4
"8386","NODAL",4
"8387","PALD1",8
"8388","SLC29A3",4
"8389","SEC24C",7
"8390","ZSWIM8",3
"8391","CAMK2G",6
"8392","AP3M1",4
"8393","LRMDA",10
"8394","DLG5",7
"8395","NUTM2E",2
"8396","KNL1",6
"8397","INO80",5
"8398","CHP1",6
"8399","OIP5",2
"8400","LTK",5
"8401","MAPKBP1",8
"8402","SPTBN5",15
"8403","LEMD2",4
"8404","MLN",5
"8405","PACSIN1",6
"8406","SPDEF",5
"8407","BLTP3A",8
"8408","PPARD",3
"8409","BRPF3",2
"8410","RNU1-88P",1
"8411","CPNE5",6
"8412","FGD2",6
"8413","PIM1",4
"8414","TBC1D22B",8
"8415","RNF8",8
"8416","CCDC167",1
"8417","BTBD9",8
"8418","KCNK16",2
"8419","MOCS1",5
"8420","CCND3",6
"8421","TRERF1",8
"8422","TBCC",3
"8423","BICRAL",2
"8424","PPP2R5D",3
"8425","KLC4",2
"8426","SLC22A7",5
"8427","ABCC10",9
"8428","POLH",8
"8429","VEGFA",2
"8430","TMEM63B",5
"8431","CDC5L",4
"8432","PLA2G7",3
"8433","OPN5",5
"8434","CRISP2",5
"8435","TFAP2D",3
"8436","EFHC1",2
"8437","GSTA2",9
"8438","FBXO9",2
"8439","KLHL31",3
"8440","HCRTR2",2
"8441","PRIM2",4
"8442","ADGRB3",13
"8443","IMPG1",6
"8444","DOP1A",8
"8445","HTR1E",3
"8446","CFAP206",5
"8447","ORC3",7
"8448","MAP3K7",6
"8449","MTRES1",12
"8450","PDSS2",5
"8451","SOBP",4
"8452","SCML4",7
"8453","OSTM1",5
"8454","NR2E1",4
"8455","SNX3",1
"8456","CEP57L1",5
"8457","AK9",8
"8458","FIG4",7
"8459","CDC40",2
"8460","SLC22A16",4
"8461","RPF2",3
"8462","REV3L",12
"8463","TUBE1",3
"8464","HDAC2",5
"8465","HS3ST5",3
"8466","FRK",3
"8467","DSE",4
"8468","TRAPPC3L",4
"8469","KPNA5",5
"8470","RFX6",8
"8471","PKIB",4
"8472","CLVS2",4
"8473","NKAIN2",10
"8474","HDDC2",5
"8475","ECHDC1",6
"8476","ARHGAP18",3
"8477","TMEM244",3
"8478","TMEM200A",3
"8479","EPB41L2",5
"8480","ARG1",3
"8481","ENPP1",7
"8482","SGK1",6
"8483","HBS1L",5
"8484","MYB",8
"8485","AHI1",9
"8486","MAP3K5",9
"8487","IL22RA2",3
"8488","TNFAIP3",3
"8489","HEBP2",4
"8490","CCDC28A",4
"8491","ECT2L",6
"8492","REPS1",4
"8493","VTA1",2
"8494","HIVEP2",4
"8495","PHACTR2",6
"8496","CAND1",1
"8497","TSPAN8",6
"8498","TBC1D15",8
"8499","CAPS2",6
"8500","KRR1",6
"8501","CSRP2",2
"8502","E2F7",9
"8503","MYF6",4
"8504","ATP2B1",9
"8505","BTG1",2
"8506","TMCC3",3
"8507","CCDC38",8
"8508","RNASET2",2
"8509","CEP43",7
"8510","TCP10L2",2
"8511","TCP10L3",6
"8512","FRMD1",7
"8513","DACT2",4
"8514","SMOC2",8
"8515","C7orf50",7
"8516","MAFK",3
"8517","SMCO4",3
"8518","VSTM5",1
"8519","HEPHL1",7
"8520","IZUMO1R",2
"8521","MRE11",5
"8522","KDM4F",1
"8523","CCDC82",6
"8524","PGR",5
"8525","ANGPTL5",2
"8526","CUL5",3
"8527","SIK2",6
"8528","DRD2",9
"8529","HTR3A",1
"8530","NNMT",3
"8531","C11orf71",2
"8532","NXPE4",6
"8533","IL10RA",4
"8534","MPZL2",2
"8535","UBE4A",9
"8536","BSX",4
"8537","OR6X1",1
"8538","CCDC15",5
"8539","FEZ1",4
"8540","EI24",1
"8541","HYLS1",1
"8542","FLI1",8
"8543","ZBTB44",8
"8544","ADAMTS15",5
"8545","SNX19",4
"8546","KDM5A",5
"8547","CCDC77",3
"8548","CACNA1C",17
"8549","PRMT8",4
"8550","CRACR2A",10
"8551","GALNT8",12
"8552","KCNA5",2
"8553","NTF3",4
"8554","CHD4",9
"8555","ZNF384",3
"8556","CDCA3",2
"8557","USP5",7
"8558","LRRC23",3
"8559","ENO2",3
"8560","ATN1",11
"8561","LPCAT3",1
"8562","RBP5",5
"8563","CD163",9
"8564","GDF3",4
"8565","SLC2A3",5
"8566","CLEC4A",3
"8567","FAM90A1",6
"8568","MFAP5",8
"8569","PHC1",6
"8570","KLRG1",7
"8571","A2M",12
"8572","CLEC2D",5
"8573","CLEC9A",5
"8574","KLRK1",6
"8575","LRP6",6
"8576","GRIN2B",8
"8577","MIR3974",1
"8578","PLEKHA5",12
"8579","SLCO1B3",8
"8580","BCAT1",4
"8581","DNAI7",4
"8582","CAPRIN2",5
"8583","ETFBKMT",6
"8584","RESF1",7
"8585","BICD1",5
"8586","REDIC1",4
"8587","PPHLN1",9
"8588","PUS7L",6
"8589","NELL2",11
"8590","ANO6",10
"8591","HDAC7",8
"8592","KMT2D",13
"8593","DHH",4
"8594","SPATS2",5
"8595","AQP5",2
"8596","SMARCD1",4
"8597","CERS5",4
"8598","FAM186A",3
"8599","SLC11A2",7
"8600","GALNT6",4
"8601","KRT83",3
"8602","KRT75",4
"8603","KRT6B",3
"8604","KRT6A",3
"8605","KRT5",6
"8606","KRT72",5
"8607","KRT77",4
"8608","KRT8",7
"8609","SPRYD3",4
"8610","SOAT2",3
"8611","AAAS",4
"8612","SP7",2
"8613","ATP5MC2",1
"8614","CS",4
"8615","GLS2",2
"8616","NXPH4",2
"8617","STAC3",3
"8618","R3HDM2",5
"8619","LRIG3",9
"8620","PPM1H",7
"8621","DPY19L2",11
"8622","TBK1",6
"8623","GNS",3
"8624","TBC1D30",4
"8625","HMGA2",5
"8626","CCDC171",10
"8627","BNC2",11
"8628","CYP46A1",5
"8629","EVL",6
"8630","DEGS2",5
"8631","YY1",3
"8632","WDR25",5
"8633","SNORD114-20",1
"8634","MIR376B",2
"8635","HSP90AA1",7
"8636","ANKRD9",2
"8637","RCOR1",5
"8638","CDK17",6
"8639","IKBIP",4
"8640","ACTR6",4
"8641","NR1H4",6
"8642","ARL1",1
"8643","DRAM1",8
"8644","PARPBP",1
"8645","UQCC6",1
"8646","GLT8D2",8
"8647","NOPCHAP1",2
"8648","APPL2",7
"8649","TCP11L2",2
"8650","RFX4",2
"8651","GPN3",2
"8652","VPS29",1
"8653","RAD9B",3
"8654","CUX2",11
"8655","ACAD10",8
"8656","MAPKAPK5",7
"8657","HECTD4",17
"8658","RPL22",5
"8659","RSRP1",2
"8660","EXO5",3
"8661","BEND5",1
"8662","TTC22",2
"8663","DEUP1",6
"8664","SLC16A4",6
"8665","DENND4B",4
"8666","KRTCAP2",1
"8667","C1orf35",2
"8668","ADSS2",5
"8669","FAM149B1",6
"8670","KCNA4",4
"8671","FAM111B",3
"8672","VPS37C",3
"8673","RTN3",2
"8674","RNASEH2C",6
"8675","NDUFC2-KCTD14",3
"8676","BTG4",3
"8677","PHB2",2
"8678","MBD6",5
"8679","LGR5",3
"8680","ZMYM2",5
"8681","OR4E2",3
"8682","NFATC4",5
"8683","BAZ1A",7
"8684","MLH3",6
"8685","SLC24A1",4
"8686","C15orf39",4
"8687","CA7",1
"8688","ZNF19",3
"8689","NUDT7",2
"8690","SNORD3A",2
"8691","PSMD11",6
"8692","SOCS7",6
"8693","KRT25",3
"8694","GALNT3",4
"8695","AOC2",1
"8696","RPL27",2
"8697","HEXD",11
"8698","ZNF44",6
"8699","ZNF506",6
"8700","ZNF682",4
"8701","TDRD12",11
"8702","LSR",5
"8703","SNRNP70",6
"8704","GARIN5A",5
"8705","EML4",7
"8706","INO80B",4
"8707","HOXD12",2
"8708","GTF3C3",8
"8709","INHA",1
"8710","SON",9
"8711","LCA5L",3
"8712","CYP2D6",6
"8713","CELSR3",7
"8714","NT5DC2",1
"8715","COPB2",6
"8716","NPNT",5
"8717","BBS12",3
"8718","PCDHGA1",5
"8719","PCDH1",5
"8720","GCNT2",7
"8721","OR2J2",5
"8722","ATAT1",5
"8723","PGK2",1
"8724","MICAL1",6
"8725","CCDC146",9
"8726","TMEM60",1
"8727","GIMAP8",5
"8728","CYC1",3
"8729","WDR97",3
"8730","STPG3",1
"8731","TXLNG",2
"8732","TFE3",4
"8733","PGRMC1",3
"8734","HSFX1",7
"8735","SYNJ2BP",3
"8736","HEATR4",4
"8737","ABCD4",8
"8738","NEK9",4
"8739","GPATCH2L",6
"8740","ANGEL1",2
"8741","TMEM63C",11
"8742","SLC39A4",5
"8743","VPS28",3
"8744","INSL4",5
"8745","BRD10",7
"8746","ZDHHC21",5
"8747","CER1",3
"8748","SLC13A4",5
"8749","FAM180A",4
"8750","MIR4468",1
"8751","HIPK2",5
"8752","RAB19",3
"8753","TRPV5",7
"8754","KEL",7
"8755","CASP2",6
"8756","FAM131B",3
"8757","CTAGE6",2
"8758","TCAF1",2
"8759","OR2A25",1
"8760","ZNF212",3
"8761","TMEM176B",3
"8762","TMEM176A",2
"8763","EXOC3L4",3
"8764","PPP1R13B",9
"8765","ATP5MJ",4
"8766","ASPG",7
"8767","TMEM179",6
"8768","TEDC1",3
"8769","IGHD",7
"8770","SNORD115-1",7
"8771","MTMR10",7
"8772","TRPM1",11
"8773","KLF13",2
"8774","KATNBL1",3
"8775","SLC12A6",8
"8776","AQR",9
"8777","THBS1",5
"8778","BUB1B",7
"8779","SYK",8
"8780","MIR4291",2
"8781","MFSD14B",3
"8782","ZNF367",4
"8783","ZNF782",5
"8784","TBC1D2",5
"8785","TGFBR1",4
"8786","MSANTD3-TMEFF1",1
"8787","SLC44A1",4
"8788","TMEM245",5
"8789","EPB41L4B",7
"8790","TXNDC8",2
"8791","TMEM196",2
"8792","MACC1",4
"8793","TRIM69",4
"8794","DUOX1",9
"8795","SLC12A1",8
"8796","CEP152",6
"8797","LEO1",1
"8798","MYO5C",10
"8799","RAB27A",6
"8800","CCPG1",9
"8801","PRTG",6
"8802","ADAM10",7
"8803","SLTM",2
"8804","TPM1",4
"8805","ZNF609",6
"8806","UBAP1L",1
"8807","CLPX",4
"8808","HACD3",4
"8809","MEGF11",8
"8810","IQCH",9
"8811","CORO2B",7
"8812","PAQR5",6
"8813","TLE3",9
"8814","PARP6",5
"8815","CELF6",4
"8816","BBS4",5
"8817","ADPGK",3
"8818","LOXL1",3
"8819","UBL7",3
"8820","LMAN1L",3
"8821","SNX33",2
"8822","PSMA4",1
"8823","CHRNB4",4
"8824","MORF4L1",5
"8825","TMED3",3
"8826","MEX3B",2
"8827","ADAMTSL3",12
"8828","PDE8A",6
"8829","MAN2A2",9
"8830","SLCO3A1",6
"8831","MEF2A",9
"8832","LYSMD4",1
"8833","TSC22D4",3
"8834","NYAP1",3
"8835","CLDN15",4
"8836","NAPEPLD",6
"8837","DNAJC2",5
"8838","ORC5",7
"8839","RINT1",7
"8840","SLC26A3",9
"8841","NRCAM",13
"8842","IMMP2L",9
"8843","MDFIC",3
"8844","MET",6
"8845","CFTR",9
"8846","CTTNBP2",8
"8847","FEZF1",2
"8848","NDUFA5",7
"8849","HYAL4",3
"8850","PRRT4",2
"8851","TNPO3",7
"8852","TSPAN33",2
"8853","STRIP2",5
"8854","UBE2H",4
"8855","TMEM209",5
"8856","CPA5",4
"8857","MIR29B1",2
"8858","AKR1B1",3
"8859","AKR1B10",2
"8860","WDR91",1
"8861","CNOT4",4
"8862","ABCB5",9
"8863","IFNA4",3
"8864","IFNA7",3
"8865","IFNA10",8
"8866","IFNA16",3
"8867","IFNA17",5
"8868","CDKN2B",2
"8869","MOB3B",9
"8870","C9orf72",5
"8871","LINGO2",8
"8872","APTX",4
"8873","B4GALT1",3
"8874","CNTFR",5
"8875","NPR2",3
"8876","GLIPR2",2
"8877","TMUB1",3
"8878","HTR5A",7
"8879","DNAJB6",6
"8880","ELFN1",6
"8881","SNX8",14
"8882","CHST12",5
"8883","BRAT1",9
"8884","TTYH3",7
"8885","AMZ1",11
"8886","CARD11",8
"8887","AP5Z1",9
"8888","RBAK",5
"8889","TNRC18",13
"8890","RNF216",11
"8891","OCM",2
"8892","KDELR2",5
"8893","RSPH10B2",2
"8894","UMAD1",9
"8895","GLCCI1",8
"8896","LRRC72",7
"8897","TSPAN13",2
"8898","AGR2",4
"8899","AHR",5
"8900","POLR1F",2
"8901","ADGRA2",5
"8902","CLIP2",5
"8903","CDCA7L",5
"8904","RAPGEF5",13
"8905","KLHL7",6
"8906","NUP42",3
"8907","GPNMB",6
"8908","CCDC126",3
"8909","CBX3",5
"8910","HIBADH",6
"8911","SCRN1",6
"8912","MTURN",2
"8913","ITPRID1",7
"8914","RP9",4
"8915","BBS9",10
"8916","HERPUD2",6
"8917","SEPTIN7",6
"8918","MATCAP2",5
"8919","AOAH",8
"8920","EPDR1",5
"8921","TMED4",4
"8922","TBRG4",6
"8923","ADCY1",10
"8924","VWC2",4
"8925","ZNF716",6
"8926","SNORA22",3
"8927","GUSB",4
"8928","KCTD7",2
"8929","TAF2",8
"8930","TMEM270",3
"8931","TACC1",5
"8932","RSBN1L",7
"8933","PHTF2",6
"8934","SEMA3C",6
"8935","SEMA3A",11
"8936","SLC25A40",4
"8937","DNAAF11",3
"8938","STEAP4",2
"8939","ZNF804B",9
"8940","STEAP2",3
"8941","RBM48",2
"8942","BET1",3
"8943","PPP1R9A",11
"8944","LMTK2",6
"8945","BAIAP2L1",6
"8946","ARPC1B",1
"8947","CYP3A4",3
"8948","CASTOR3P",5
"8949","PPP1R35",2
"8950","SLC45A4",6
"8951","MIR1302-7",2
"8952","PSCA",3
"8953","LYNX1",4
"8954","GML",5
"8955","ZFP41",4
"8956","GLI4",2
"8957","RHPN1",5
"8958","GSDMD",2
"8959","MROH6",7
"8960","PYCR3",2
"8961","ZNF707",4
"8962","FAM83H",9
"8963","SCRIB",9
"8964","EPPK1",7
"8965","PARP10",5
"8966","OPLAH",5
"8967","NUGGC",4
"8968","FZD3",5
"8969","GSR",4
"8970","NRG1",7
"8971","RNU6-663P",1
"8972","FUT10",5
"8973","MRPL13",2
"8974","SNTB1",9
"8975","FAM83A",4
"8976","PLEKHA2",9
"8977","TM2D2",2
"8978","ADAM18",5
"8979","AP3M2",3
"8980","IKBKB",7
"8981","VDAC3",2
"8982","PCMTD1",4
"8983","RB1CC1",5
"8984","CYP7A1",6
"8985","TTPA",1
"8986","DNAJC5B",6
"8987","SGK3",8
"8988","SHB",6
"8989","CNTNAP3B",6
"8990","ANKRD20A3P",4
"8991","SPATA31A3",2
"8992","ANKRD20A1",5
"8993","TMEM252",2
"8994","PIP5K1B",8
"8995","TJP2",6
"8996","ENTREP1",4
"8997","MAMDC2",7
"8998","ZFAND5",4
"8999","FBXO25",3
"9000","SOX7",3
"9001","FDFT1",4
"9002","VPS37A",2
"9003","FGF17",5
"9004","EIF3E",8
"9005","TRPS1",11
"9006","ELOC",1
"9007","JPH1",5
"9008","RNF139",2
"9009","POU5F1B",5
"9010","MIR1204",1
"9011","CYRIB",8
"9012","EFR3A",8
"9013","NDUFAF6",6
"9014","NDRG1",6
"9015","ZNF704",9
"9016","ATP6V0D2",5
"9017","GEM",6
"9018","RAD54B",2
"9019","TLE4",4
"9020","PTDSS1",7
"9021","NIPAL2",2
"9022","STK3",10
"9023","KHDRBS3",6
"9024","AZIN1",3
"9025","ATP6V1C1",3
"9026","BAALC",7
"9027","ISCA1",3
"9028","DENND3",11
"9029","TUT7",9
"9030","CDK20",3
"9031","NTRK2",8
"9032","SHC3",8
"9033","GADD45G",2
"9034","TMEM59",3
"9035","PTCHD3",3
"9036","MKI67",7
"9037","OR2T33",8
"9038","MEN1",3
"9039","ICE2",5
"9040","MC1R",5
"9041","CCDC51",3
"9042","SPON1",4
"9043","AFG2A",5
"9044","STC2",1
"9045","TP53INP1",4
"9046","KIF24",6
"9047","ESPN",4
"9048","RBP7",1
"9049","PLOD1",6
"9050","PRAMEF6",3
"9051","PDPN",4
"9052","PLA2G5",4
"9053","CELA3A",2
"9054","A3GALT2",2
"9055","GJA9",1
"9056","IPO13",11
"9057","VBP1",2
"9058","NFIA",7
"9059","ANKRD13C",6
"9060","LMO4",3
"9061","RPAP2",7
"9062","F3",3
"9063","FNDC7",8
"9064","AP4B1",2
"9065","HAO2",3
"9066","ILF2",3
"9067","C1orf43",2
"9068","PKLR",6
"9069","IQGAP3",9
"9070","BCAN",9
"9071","FCRL3",7
"9072","IFI16",8
"9073","FCGR2A",5
"9074","CEP350",10
"9075","SHCBP1L",8
"9076","PLA2G4A",7
"9077","KCNT2",13
"9078","LRRN2",6
"9079","C1orf131",2
"9080","OR2T6",3
"9081","GDI2",2
"9082","SEPHS1",3
"9083","SKIDA1",2
"9084","PIP4K2A",4
"9085","CXCL12",4
"9086","PHYHIPL",2
"9087","CDK1",2
"9088","HK1",10
"9089","MSS51",2
"9090","MYOZ1",1
"9091","GPR15LG",3
"9092","LGI1",4
"9093","ENTPD7",3
"9094","DNMBP",6
"9095","PNLIPRP3",7
"9096","PWWP2B",6
"9097","PKP3",4
"9098","KRTAP5-4",1
"9099","FHIP1B",4
"9100","OVCH2",7
"9101","NLRP10",3
"9102","ASCL3",2
"9103","IPO7",9
"9104","TEAD1",6
"9105","COPB1",3
"9106","NUCB2",5
"9107","ANO3",13
"9108","CKAP5",7
"9109","DDB2",4
"9110","RAPSN",3
"9111","OR8J3",4
"9112","PLCB3",5
"9113","PRDX5",2
"9114","SYVN1",4
"9115","CD248",1
"9116","POLD4",4
"9117","LRP5",8
"9118","CAPN5",7
"9119","CTSC",5
"9120","POGLUT3",5
"9121","FXYD6-FXYD2",1
"9122","MPZL3",2
"9123","FKBP4",3
"9124","TAPBPL",3
"9125","MRPL51",4
"9126","NOP2",3
"9127","C1R",3
"9128","C1RL",6
"9129","FOXJ2",2
"9130","GPR19",6
"9131","LDHB",3
"9132","NCKAP5L",10
"9133","ANKRD33",4
"9134","YEATS4",6
"9135","UBE3B",7
"9136","ATXN2",6
"9137","LHX5",3
"9138","STOML3",3
"9139","TMTC4",4
"9140","DCUN1D2",3
"9141","RPGRIP1",8
"9142","SALL2",2
"9143","C14orf93",4
"9144","STXBP6",2
"9145","ERO1A",5
"9146","OTX2",4
"9147","COX16",3
"9148","ALDH6A1",8
"9149","NGB",1
"9150","SAMD15",3
"9151","GOLGA5",3
"9152","VRK1",7
"9153","SNORD116-13",4
"9154","SNORD116-26",4
"9155","NDUFAF1",3
"9156","DTWD1",2
"9157","SLC27A2",4
"9158","UNC45A",7
"9159","PRR35",1
"9160","WDR24",4
"9161","AMDHD2",4
"9162","PAQR4",2
"9163","ZNF75A",5
"9164","CDIP1",2
"9165","NOMO3",3
"9166","ACSM1",2
"9167","UQCRC2",9
"9168","TAOK2",9
"9169","PYDC1",2
"9170","ADCY7",8
"9171","CTU2",3
"9172","ANKRD11",6
"9173","SPG7",9
"9174","RILP",3
"9175","SHPK",5
"9176","SPNS3",5
"9177","CHRNE",2
"9178","MYH10",10
"9179","LRRC75A",3
"9180","SLC47A2",5
"9181","VTN",1
"9182","GIT1",8
"9183","SLFN11",7
"9184","SRCIN1",7
"9185","STAC2",5
"9186","TNS4",5
"9187","KRT20",5
"9188","KRTAP9-7",3
"9189","KRT34",3
"9190","ITGB3",5
"9191","OSBPL7",5
"9192","ABI3",3
"9193","CCDC47",3
"9194","JPT1",5
"9195","MIF4GD",1
"9196","TRIM47",5
"9197","EVPL",10
"9198","AFMID",6
"9199","ARL16",3
"9200","PPP1R27",1
"9201","ASPSCR1",7
"9202","RAC3",4
"9203","GPS1",5
"9204","OGFOD3",6
"9205","ANKRD12",7
"9206","SLC25A52",1
"9207","MOCOS",8
"9208","ACAA2",4
"9209","TSHZ1",3
"9210","TLE6",8
"9211","MFSD12",5
"9212","PIP5K1C",5
"9213","FUT5",1
"9214","SHFL",3
"9215","QTRT1",2
"9216","TMEM59L",4
"9217","ZNF181",5
"9218","ZNF607",4
"9219","CAPN12",5
"9220","ZNF780A",6
"9221","KCNN4",4
"9222","NPAS1",2
"9223","BCL2L12",6
"9224","ADM5",3
"9225","KCNC3",4
"9226","ZNF649",5
"9227","PRKCG",4
"9228","ZNF772",3
"9229","WDCP",1
"9230","EMILIN1",4
"9231","GALNT14",8
"9232","SLC30A6",5
"9233","TMEM182",4
"9234","ZC3H6",5
"9235","CHCHD5",1
"9236","NR4A2",12
"9237","ITGA6",9
"9238","FRZB",1
"9239","GULP1",5
"9240","PMS1",8
"9241","TMEFF2",9
"9242","HSPD1",5
"9243","ZDBF2",4
"9244","FAM237A",1
"9245","CRYGB",3
"9246","STK11IP",8
"9247","AP1S3",2
"9248","DAW1",6
"9249","PID1",4
"9250","PTMA",4
"9251","RTP5",4
"9252","RRBP1",9
"9253","SCP2D1",3
"9254","ZNF337",6
"9255","TAF4",10
"9256","UCKL1",6
"9257","KRTAP21-2",3
"9258","ARVCF",7
"9259","MIR650",4
"9260","MIF",1
"9261","SPECC1L",9
"9262","SEC14L6",3
"9263","FBXO7",3
"9264","HMGXB4",1
"9265","APOBEC3C",6
"9266","PNPLA3",4
"9267","SHISAL1",6
"9268","OGG1",5
"9269","SLC4A7",6
"9270","WDR48",7
"9271","HHATL",2
"9272","CLDND1",3
"9273","IFT57",3
"9274","DPPA4",2
"9275","BOC",8
"9276","TEX55",7
"9277","MSL2",4
"9278","SLC25A36",1
"9279","AHSG",5
"9280","LPP",8
"9281","RNU6-1109P",3
"9282","FGFR3",9
"9283","CRACD",3
"9284","SRP72",9
"9285","POLR2B",7
"9286","UGT2B11",8
"9287","PPA2",6
"9288","NDST3",5
"9289","LARP1B",6
"9290","SLC7A11",6
"9291","ABCE1",4
"9292","ASIC5",4
"9293","CTSO",5
"9294","HPF1",4
"9295","DCTD",4
"9296","SLC6A18",6
"9297","SELENOP",5
"9298","ITGA1",7
"9299","ERCC8",6
"9300","BTF3",2
"9301","HMGCR",5
"9302","POLK",5
"9303","ZNF474",4
"9304","FNIP1",7
"9305","SMAD5",4
"9306","PCDHA1",4
"9307","PCDHB11",5
"9308","AFAP1L1",5
"9309","SLC6A7",4
"9310","FBLL1",1
"9311","FAM153B",4
"9312","CDHR2",10
"9313","F12",7
"9314","TPMT",5
"9315","HFE",4
"9316","H2AC14",2
"9317","SNORD52",7
"9318","SLC29A1",4
"9319","BCKDHB",5
"9320","ASCC3",11
"9321","NUS1",3
"9322","MTCL3",5
"9323","MAP7",9
"9324","CCR6",4
"9325","USP42",8
"9326","TAX1BP1",4
"9327","GHRHR",6
"9328","TBX20",4
"9329","EEPD1",2
"9330","SFRP4",2
"9331","CAMK2B",10
"9332","PHKG1",9
"9333","EIF4H",8
"9334","VPS50",8
"9335","PILRB",7
"9336","FBXO24",8
"9337","WNT2",1
"9338","TSPAN12",2
"9339","IQUB",5
"9340","CHCHD3",6
"9341","TAS2R3",3
"9342","C7orf33",2
"9343","EZH2",9
"9344","FHIP2B",3
"9345","RHOBTB2",2
"9346","GPAT4",3
"9347","LYPLA1",7
"9348","ADHFE1",4
"9349","IL7",8
"9350","SLC10A5",6
"9351","MIR1207",2
"9352","LRRC14",5
"9353","SH3GL2",7
"9354","BAG1",5
"9355","TESK1",5
"9356","GNE",8
"9357","DCAF10",2
"9358","KLF9",1
"9359","GNAQ",1
"9360","PHF2",8
"9361","PRPF4",3
"9362","BRINP1",6
"9363","SPTAN1",9
"9364","DOLK",3
"9365","POMT1",7
"9366","ARSH",4
"9367","ARHGAP6",4
"9368","EGFL6",5
"9369","OFD1",3
"9370","PHKA2",9
"9371","RBM10",3
"9372","GAGE1",5
"9373","ARR3",2
"9374","ABCB7",6
"9375","PLS3",4
"9376","SLC9A6",5
"9377","ATP11C",7
"9378","CXorf66",2
"9379","MAGEC1",4
"9380","SSR4",2
"9381","LENG8",5
"9382","HID1",5
"9383","LSM14A",8
"9384","FGFR2",9
"9385","NSMCE4A",3
"9386","SAP30BP",2
"9387","LLGL2",8
"9388","TMEM104",6
"9389","MIR518C",4
"9390","OAZ1",3
"9391","SMAD2",4
"9392","NLRP12",6
"9393","BTBD16",3
"9394","PLEKHA1",2
"9395","CCBE1",5
"9396","SSH1",6
"9397","SF3A2",3
"9398","SUMO2",2
"9399","MYO15B",5
"9400","HAUS1",3
"9401","MIR498",2
"9402","MAP2K6",2
"9403","SFXN4",5
"9404","BAG3",3
"9405","SLC18A2",4
"9406","GALK1",1
"9407","GPR26",3
"9408","CACNG6",6
"9409","B3GNTL1",6
"9410","SVOP",4
"9411","TM4SF4",2
"9412","TNNT1",6
"9413","NDUFS7",4
"9414","APBA3",2
"9415","MYCBPAP",2
"9416","CACUL1",3
"9417","LILRA5",5
"9418","IKZF5",2
"9419","SALL3",3
"9420","ZNF420",7
"9421","ZNF540",2
"9422","ERICH6",7
"9423","KCNJ16",4
"9424","RPL17-C18orf32",6
"9425","VSTM2B",5
"9426","PTPRS",6
"9427","LORICRIN",1
"9428","ZNF345",3
"9429","HPS3",7
"9430","EDRF1",8
"9431","IFT80",7
"9432","BMPR2",3
"9433","MBOAT7",7
"9434","MAPK4",5
"9435","ZNF730",4
"9436","S100A12",4
"9437","FBXO15",4
"9438","KIR2DL4",8
"9439","WDR45B",4
"9440","SPTSSB",3
"9441","MILR1",3
"9442","MYNN",2
"9443","MBD1",6
"9444","UHRF1",6
"9445","ZNF76",3
"9446","S100A16",1
"9447","FXYD7",4
"9448","APLP1",3
"9449","RASA2",8
"9450","ZNF875",3
"9451","GIPC1",3
"9452","CLINT1",5
"9453","AKAP8",8
"9454","WDR35",9
"9455","ARK2C",5
"9456","ICA1L",6
"9457","TNFAIP8L1",1
"9458","FASTKD2",5
"9459","CLIP3",3
"9460","TBCB",5
"9461","P4HB",1
"9462","GJA1",6
"9463","TCP1",7
"9464","MIR1244-3",3
"9465","CCDC106",3
"9466","ACAD11",8
"9467","CRYGD",3
"9468","TBC1D16",8
"9469","ENDOV",4
"9470","ZBTB45",4
"9471","FSCN2",1
"9472","TMEM19",4
"9473","TARDBP",5
"9474","ZNF266",6
"9475","TMEM86B",3
"9476","RFPL4A",1
"9477","CHST11",5
"9478","DSEL",4
"9479","ADGRL1",4
"9480","ZNF430",6
"9481","ZNF257",7
"9482","ZNF264",7
"9483","ARMH1",3
"9484","ZNF571",6
"9485","VEZF1",3
"9486","MPO",5
"9487","MTMR4",3
"9488","BIN3",5
"9489","SH2B3",4
"9490","ALDH2",3
"9491","ERP29",2
"9492","NME1",2
"9493","UTP18",4
"9494","CPTP",1
"9495","FIRRM",3
"9496","SH3BP1",7
"9497","POLR2F",5
"9498","CEP95",8
"9499","GNA13",3
"9500","ZNF20",8
"9501","C1orf159",8
"9502","RFX1",12
"9503","MPP2",4
"9504","LRRC46",4
"9505","WIZ",7
"9506","PPARG",2
"9507","BTD",4
"9508","ANKRD28",6
"9509","OXNAD1",3
"9510","ZNF787",7
"9511","ZNF860",3
"9512","CMTM7",4
"9513","TRIM71",2
"9514","TRANK1",6
"9515","PMEL",3
"9516","MGMT",4
"9517","SYCE1",5
"9518","CDHR5",5
"9519","SBK3",4
"9520","ZNF784",3
"9521","EFHB",8
"9522","SAFB2",4
"9523","SAFB",4
"9524","GPD1L",5
"9525","CBX2",2
"9526","CCT2",5
"9527","MYRFL",4
"9528","MYO1F",7
"9529","TTC32",4
"9530","PUM2",7
"9531","HS1BP3",8
"9532","ADCY3",7
"9533","RCC2",6
"9534","PSMD12",3
"9535","TCEA3",5
"9536","HABP2",4
"9537","DCLRE1A",4
"9538","AFAP1L2",7
"9539","SYT4",3
"9540","ARNT",6
"9541","CHPT1",4
"9542","OR5AN1",2
"9543","CEP63",7
"9544","SERPINB3",5
"9545","C12orf75",3
"9546","BCAM",7
"9547","VXN",4
"9548","MCMDC2",4
"9549","COPS5",3
"9550","CSPP1",7
"9551","LY96",5
"9552","PKIA",1
"9553","TPD52",6
"9554","FABP12",5
"9555","E2F5",4
"9556","CA3",5
"9557","STIMATE",3
"9558","XAB2",6
"9559","MXRA8",4
"9560","CNOT2",4
"9561","DNAJC11",7
"9562","ICAM5",2
"9563","AP1M2",4
"9564","TMED1",1
"9565","KANK2",7
"9566","CACNG4",5
"9567","LUZP1",4
"9568","IL22RA1",6
"9569","IFNLR1",2
"9570","GPATCH3",3
"9571","GPN2",2
"9572","AHDC1",5
"9573","RCC1",2
"9574","CLSPN",5
"9575","ANAPC4",3
"9576","ZNF684",4
"9577","SCMH1",6
"9578","COX11",2
"9579","KCNK6",1
"9580","SKA2",3
"9581","GGN",5
"9582","RPS6KB1",9
"9583","RNFT1",2
"9584","KCNMB3",5
"9585","PXN",5
"9586","GATC",2
"9587","MARCHF10",4
"9588","PEX10",2
"9589","TTC34",4
"9590","TP73",4
"9591","SMARCD2",5
"9592","SLCO1C1",8
"9593","ST8SIA1",8
"9594","NPTXR",4
"9595","RPL3",5
"9596","KRT19",1
"9597","CNP",4
"9598","OTUD3",5
"9599","SH2D5",2
"9600","ARL4D",2
"9601","CC2D1A",10
"9602","SERHL2",9
"9603","PNPLA5",8
"9604","MAN1C1",5
"9605","GTSE1",6
"9606","NCAPH2",7
"9607","DDX23",3
"9608","ZNF761",6
"9609","DPRX",2
"9610","ISCA2",2
"9611","FOS",1
"9612","TTLL5",10
"9613","ESRRB",8
"9614","VASH1",3
"9615","NOXRED1",3
"9616","GLMP",2
"9617","SERPINA5",4
"9618","TCL1A",3
"9619","ATG2B",5
"9620","SNORD113-7",2
"9621","SNORD114-31",2
"9622","CINP",2
"9623","EIF5",6
"9624","C14orf180",1
"9625","AKT1",6
"9626","MTA1",6
"9627","TMEM121",2
"9628","SNRPN",9
"9629","SNORD116-18",2
"9630","GOLGA6L7",6
"9631","FMN1",12
"9632","C1orf105",4
"9633","TNFSF18",2
"9634","HP1BP3",5
"9635","CCDC200",1
"9636","NFAM1",7
"9637","SLC39A6",1
"9638","QPCT",3
"9639","C1GALT1C1L",2
"9640","OR2T27",7
"9641","LRPPRC",8
"9642","PPM1B",5
"9643","SRBD1",8
"9644","SKOR1",4
"9645","PPP4R3B",3
"9646","PAPOLG",2
"9647","SANBR",7
"9648","DECR1",3
"9649","USP13",9
"9650","KDM2B",7
"9651","B3GNT5",2
"9652","ORAI1",3
"9653","CFAP251",7
"9654","LRRC43",6
"9655","MRPL19",1
"9656","MPHOSPH9",4
"9657","SBNO1",8
"9658","TCTN2",5
"9659","TMEM207",2
"9660","ATP13A5",7
"9661","ATP13A4",9
"9662","GP5",3
"9663","ZNF595",2
"9664","ZNF732",3
"9665","C10orf67",8
"9666","RNF145",7
"9667","SLU7",6
"9668","GMEB1",3
"9669","SFXN1",5
"9670","NOP16",4
"9671","EIF4E1B",3
"9672","NSD1",9
"9673","ZFP62",1
"9674","TRIM41",6
"9675","GMDS",7
"9676","STK24",7
"9677","EDN1",2
"9678","TBC1D7",3
"9679","GFOD1",4
"9680","TRIM38",3
"9681","NACA2",1
"9682","PDE6C",5
"9683","DDX42",7
"9684","CC2D2B",7
"9685","BLNK",6
"9686","ARHGAP19",5
"9687","EXOSC1",2
"9688","ZDHHC16",2
"9689","CNNM1",5
"9690","PDZD7",5
"9691","FGF8",1
"9692","LDB1",1
"9693","WDR53",5
"9694","LTA",1
"9695","BAG6",3
"9696","ABHD16A",5
"9697","AGPAT1",4
"9698","PBX2",5
"9699","TAP1",6
"9700","HLA-DMA",3
"9701","HLA-DPA1",4
"9702","DAXX",2
"9703","CUTA",3
"9704","TAF11",1
"9705","TCP11",6
"9706","MAPK13",7
"9707","PECR",3
"9708","ARPC2",2
"9709","ZNF142",6
"9710","RETREG2",3
"9711","ATG9A",3
"9712","STK16",1
"9713","CCDC140",2
"9714","NYAP2",7
"9715","IRS1",3
"9716","C2orf72",3
"9717","RBM44",7
"9718","PER2",7
"9719","CEP83",5
"9720","LTA4H",5
"9721","ELK3",2
"9722","TMPO",8
"9723","DDO",2
"9724","RWDD1",1
"9725","TP53TG3D",1
"9726","DHRS7B",5
"9727","NLK",2
"9728","CPD",5
"9729","RNF135",3
"9730","RAB11FIP4",6
"9731","MIR365B",5
"9732","SPRED2",5
"9733","MYO1D",8
"9734","ZNF830",4
"9735","SLFN12",6
"9736","TAF15",4
"9737","CCL15-CCL14",2
"9738","CCL15",2
"9739","CCL18",3
"9740","CCL4",5
"9741","MLLT6",5
"9742","SPMAP1",1
"9743","RPL19",1
"9744","FBXL20",5
"9745","EIF4A2",7
"9746","GRB7",4
"9747","ZGPAT",1
"9748","PRPF6",11
"9749","HSD17B1",3
"9750","TUBG2",3
"9751","PSME3",6
"9752","CLDN17",1
"9753","EPCIP",2
"9754","CBR3",2
"9755","DOP1B",9
"9756","CHAF1B",4
"9757","KRTAP10-9",3
"9758","XKR3",3
"9759","VPS26B",4
"9760","ACAD8",6
"9761","CLDN5",1
"9762","SCARF2",3
"9763","P2RX6",4
"9764","RSPH14",6
"9765","GRK3",5
"9766","PITPNB",4
"9767","ASCC2",3
"9768","MTMR3",7
"9769","PISD",4
"9770","YWHAH",4
"9771","C22orf42",6
"9772","SLC5A4",6
"9773","MCM5",6
"9774","APOL3",2
"9775","RCC1L",4
"9776","FGFR1OP2",3
"9777","STK38L",3
"9778","DNAJB7",4
"9779","XPNPEP3",4
"9780","MRPS35",5
"9781","CCDC91",5
"9782","ERGIC2",5
"9783","TSPAN11",5
"9784","SINHCAF",3
"9785","FGD4",8
"9786","AMIGO2",1
"9787","CCNT1",5
"9788","WNT10B",1
"9789","LMBR1L",3
"9790","C1QL4",1
"9791","DNAJC22",4
"9792","KRT78",5
"9793","MYG1",1
"9794","AMHR2",4
"9795","ATF7",3
"9796","COPZ1",7
"9797","PAX4",2
"9798","TIMELESS",6
"9799","UBALD2",2
"9800","PRPSAP1",5
"9801","PTH1R",4
"9802","RHBDF2",4
"9803","IQCF1",2
"9804","ASB14",4
"9805","PDIA4",3
"9806","SUCLG2",5
"9807","MTRNR2L12",4
"9808","CCDC59",3
"9809","METTL25",5
"9810","TMEM214",4
"9811","ABHD1",2
"9812","LDLRAD4",7
"9813","FAM210A",3
"9814","ZNF519",4
"9815","NUDT4",3
"9816","CD80",5
"9817","ARGFX",2
"9818","SLC15A2",4
"9819","OSBPL11",4
"9820","CFAP100",5
"9821","LCE1F",5
"9822","KAT6A",8
"9823","POLB",2
"9824","PXDNL",8
"9825","FAM177B",5
"9826","CAPN2",7
"9827","PCYOX1",3
"9828","OTUD6B",2
"9829","RBM12B",4
"9830","ESRP1",11
"9831","CPQ",7
"9832","ERICH5",5
"9833","PARL",5
"9834","TBCCD1",7
"9835","MED1",7
"9836","CDK12",4
"9837","TCAP",2
"9838","ERBB2",7
"9839","NOC4L",4
"9840","ANKLE2",8
"9841","TUBA3C",5
"9842","MPHOSPH8",4
"9843","GJB6",3
"9844","IFT88",4
"9845","RNF4",1
"9846","TNIP2",5
"9847","SPRYD7",3
"9848","WDFY2",5
"9849","PCDH8",4
"9850","SMIM14",2
"9851","BEND4",2
"9852","SPATA6",5
"9853","ACTN4",6
"9854","PSMC4",4
"9855","PLD3",5
"9856","SERTAD1",2
"9857","AXL",10
"9858","CCDC97",3
"9859","ERICH4",2
"9860","RPS19",2
"9861","POU2F2",2
"9862","CD177",4
"9863","ZNF45",4
"9864","ZNF222",1
"9865","PPM1N",1
"9866","CA11",3
"9867","FUT1",4
"9868","PLEKHA4",6
"9869","CGB8",2
"9870","RPS11",4
"9871","IRF3",6
"9872","ZNF473",7
"9873","LRRC4B",4
"9874","SHANK1",11
"9875","KLK8",2
"9876","SIGLEC12",5
"9877","FPR1",2
"9878","ZNF83",13
"9879","PTGR2",2
"9880","MCL1",1
"9881","ANXA9",1
"9882","CDC42SE1",1
"9883","SELENBP1",4
"9884","CGN",2
"9885","SLC10A7",5
"9886","KCNN3",8
"9887","RUSC1",6
"9888","YY1AP1",6
"9889","HDGF",5
"9890","INSRR",3
"9891","ETV3L",5
"9892","OR10X1",6
"9893","USF1",2
"9894","MPZ",5
"9895","FCRLA",7
"9896","UHMK1",4
"9897","POGK",3
"9898","CREG1",2
"9899","MPC2",2
"9900","DPT",4
"9901","IRX2-DT",1
"9902","IRX1",6
"9903","ROPN1L",4
"9904","C12orf50",5
"9905","DUSP6",1
"9906","LAD1",5
"9907","CSRP1",5
"9908","SHISA4",1
"9909","PPFIA4",7
"9910","MYOG",4
"9911","SOX13",9
"9912","LEMD1",5
"9913","CTSE",4
"9914","MAPKAPK2",7
"9915","EPCAM",7
"9916","MSH2",1
"9917","CENPF",10
"9918","L3MBTL1",5
"9919","SERINC3",4
"9920","STK4",4
"9921","SEMG2",4
"9922","SDC4",2
"9923","WFDC2",2
"9924","SLC35C2",2
"9925","ELMO2",4
"9926","TP53RK",2
"9927","ERO1B",7
"9928","LGALS8",6
"9929","HEATR1",11
"9930","ANXA4",4
"9931","ADNP",4
"9932","ADD2",3
"9933","ATP6V1B1",6
"9934","DGUOK",6
"9935","CCDC142",4
"9936","TTC31",1
"9937","LYPD8",1
"9938","ATP6V0A2",5
"9939","SPMIP9",3
"9940","RPIA",5
"9941","GPAT2",8
"9942","ITPRIPL1",3
"9943","FER1L5",10
"9944","CCDC69",3
"9945","G3BP1",3
"9946","HAVCR1",6
"9947","MASTL",3
"9948","CUL2",7
"9949","ZNF487",6
"9950","GPRIN2",5
"9951","GDF10",4
"9952","RBP3",5
"9953","ARHGAP22",6
"9954","MYPN",7
"9955","TET1",9
"9956","CCAR1",9
"9957","STOX1",1
"9958","DDX50",2
"9959","AIFM2",7
"9960","PPP3CB",4
"9961","RGR",5
"9962","LIPK",3
"9963","ACTA2",5
"9964","THUMPD1",4
"9965","IGSF6",1
"9966","PDZD9",1
"9967","CDR2",2
"9968","SCNN1B",4
"9969","UBFD1",3
"9970","PLK1",1
"9971","ARHGAP17",7
"9972","AQP8",6
"9973","NSMCE1",2
"9974","IL4R",6
"9975","CLN3",4
"9976","CD19",4
"9977","LAT",1
"9978","MVP",4
"9979","BCKDK",4
"9980","CYP17A1",4
"9981","VPS35",4
"9982","ABCC12",6
"9983","CES5A",6
"9984","MT1E",2
"9985","DOK4",7
"9986","CFAP263",5
"9987","CDH5",5
"9988","CMTM1",3
"9989","PDP2",1
"9990","NUTF2",1
"9991","NFATC3",4
"9992","PIK3CG",7
"9993","HAS3",3
"9994","UTP4",6
"9995","VPS4A",4
"9996","TLE7",1
"9997","ZNF23",2
"9998","UNC5CL",5
"9999","RNU6-643P",1
"10000","PGC",4
"10001","BYSL",3
"10002","CUL9",10
"10003","TMEM151B",4
"10004","TNNT3",6
"10005","OR56B4",3
"10006","OR52B2",1
"10007","OR2D3",3
"10008","ZNF214",3
"10009","OLFML1",2
"10010","SCUBE2",7
"10011","BMAL1",6
"10012","RRAS2",2
"10013","MRGPRX1",3
"10014","MRGPRX2",3
"10015","RNF166",4
"10016","WT1",5
"10017","SWT1",7
"10018","CFHR5",5
"10019","DDX59",5
"10020","EPHA7",8
"10021","FHL5",2
"10022","SIM1",6
"10023","GRIK2",8
"10024","HACE1",10
"10025","RTN4IP1",2
"10026","QRSL1",1
"10027","FLCN",4
"10028","ATPAF2",2
"10029","TBC1D28",4
"10030","SLC32A1",1
"10031","FAM83D",5
"10032","NKAP",4
"10033","ZNF449",1
"10034","CYP1A2",5
"10035","ULK3",5
"10036","SNUPN",4
"10037","TMEM266",4
"10038","RNU6-1134P",1
"10039","MOCS3",5
"10040","CTCFL",7
"10041","CIMIP1",3
"10042","LSM14B",5
"10043","MRGBP",3
"10044","GID8",2
"10045","KCNQ2",10
"10046","RNU6-954P",2
"10047","NXPE1",3
"10048","CADM1",8
"10049","FXYD2",2
"10050","UBE2Z",3
"10051","B4GALNT2",5
"10052","GNGT2",1
"10053","NGFR",2
"10054","SAMD14",6
"10055","RSAD1",4
"10056","GSDME",7
"10057","GLB1L2",8
"10058","SLC6A13",4
"10059","FBXL14",4
"10060","WNT5B",4
"10061","TNFRSF1A",4
"10062","GAPDH",1
"10063","CD4",5
"10064","P3H3",6
"10065","ACSM4",4
"10066","A2ML1",9
"10067","M6PR",1
"10068","CD69",5
"10069","EIF2S3B",9
"10070","TAS2R19",3
"10071","CDKN1B",1
"10072","TTLL7",5
"10073","GBP2",5
"10074","SMCO2",5
"10075","CROT",6
"10076","GTPBP10",5
"10077","SAMD9",6
"10078","SGCE",7
"10079","DLX6",3
"10080","ZNF789",3
"10081","SERPINE1",5
"10082","COL26A1",6
"10083","CIART",8
"10084","BMT2",5
"10085","PPP1R3A",5
"10086","FOXP2",8
"10087","SPAM1",1
"10088","TRAK1",6
"10089","GASK1A",4
"10090","KIF5A",5
"10091","ATRIP",4
"10092","DALRD3",2
"10093","C3orf84",2
"10094","USP4",7
"10095","MON2",6
"10096","WIF1",4
"10097","MGAM2",9
"10098","GSTK1",2
"10099","ABCB8",5
"10100","AGAP3",7
"10101","COL8A1",8
"10102","ZPLD1",6
"10103","GUCA1C",4
"10104","LPL",5
"10105","DOCK5",11
"10106","DDHD2",3
"10107","NSD3",5
"10108","LETM2",3
"10109","RPL37",4
"10110","RIMOC1",4
"10111","FBXO4",3
"10112","HSD11B1",4
"10113","TRAF5",5
"10114","ATF3",2
"10115","DIS3L",4
"10116","LTBP3",3
"10117","NPAS4",1
"10118","CCS",4
"10119","WFDC10B",4
"10120","PITPNM1",8
"10121","NDUFV1",8
"10122","PPP6R3",5
"10123","FGF19",3
"10124","PEAK1",4
"10125","POLR2K",1
"10126","SLC25A32",4
"10127","HRG",5
"10128","EMC2",5
"10129","SLC30A8",11
"10130","MAL2",4
"10131","DERL1",5
"10132","LATS2",1
"10133","MTMR6",5
"10134","MEDAG",2
"10135","HSPH1",6
"10136","CCDC169-SOHLH2",2
"10137","PROSER1",6
"10138","WBP4",5
"10139","MIR622",2
"10140","DMRT2",4
"10141","RIC1",7
"10142","IL33",6
"10143","ERCC5",5
"10144","OSBPL9",7
"10145","CZIB",1
"10146","MAGOH",2
"10147","DIO1",4
"10148","CIMAP2",5
"10149","HOOK1",6
"10150","KANK4",5
"10151","PGM1",4
"10152","DYNLT5",2
"10153","IL23R",1
"10154","SRSF11",3
"10155","NEGR1",8
"10156","RABGGTB",4
"10157","ST6GALNAC5",2
"10158","AK5",2
"10159","SLC25A12",4
"10160","SP3",3
"10161","WIPF1",6
"10162","IFT70B",4
"10163","GBP7",4
"10164","PLPPR5",3
"10165","AGL",7
"10166","VCAM1",5
"10167","AMY2B",5
"10168","KCNC4",5
"10169","KCNA3",2
"10170","ATP5PB",3
"10171","TAFA3",1
"10172","HIPK1",6
"10173","TSPAN2",4
"10174","NBPF26",6
"10175","POLR3C",3
"10176","GJA8",1
"10177","C1orf54",1
"10178","SPRY1",2
"10179","RABGAP1",11
"10180","HSPA5",4
"10181","ANGPTL2",1
"10182","TOR1B",3
"10183","FUBP3",9
"10184","NUP214",7
"10185","VAV2",11
"10186","EGFL7",5
"10187","EDF1",1
"10188","DPP7",1
"10189","GRIN1",3
"10190","ENTPD8",4
"10191","NSMF",3
"10192","AVEN",3
"10193","GJD2",3
"10194","FSIP1",6
"10195","ZFYVE19",4
"10196","SNX17",6
"10197","PPM1G",3
"10198","PCARE",4
"10199","SNORA10B",1
"10200","CAPSL",2
"10201","PTGER4",2
"10202","KIAA1755",9
"10203","SNORA60",1
"10204","ADIG",3
"10205","FRMD8",4
"10206","GTF2H2C",2
"10207","TMEM174",3
"10208","ANKRA2",1
"10209","ANKDD1B",2
"10210","RPS23",2
"10211","NADSYN1",5
"10212","FOLR2",3
"10213","PHOX2A",1
"10214","PAAF1",5
"10215","DNAJB13",2
"10216","PPME1",6
"10217","OR2T35",2
"10218","ABHD2",6
"10219","AKR1C1",4
"10220","TRABD2A",4
"10221","ELMOD3",6
"10222","GGCX",4
"10223","PROSER2",3
"10224","UPF2",7
"10225","UCMA",6
"10226","SUV39H2",3
"10227","ITGA8",9
"10228","AFF3",12
"10229","BAIAP3",6
"10230","APBB1IP",9
"10231","LIMS1",6
"10232","MERTK",5
"10233","FBLN7",1
"10234","IL37",3
"10235","IL36G",6
"10236","SCTR",7
"10237","PROC",3
"10238","SAP130",3
"10239","POTEJ",4
"10240","ANKRD30BL",3
"10241","ACVR2A",4
"10242","TNFAIP6",4
"10243","FMNL2",7
"10244","ACVR1C",2
"10245","PSMD14",1
"10246","SCN7A",8
"10247","B3GALT1",1
"10248","CFAP210",5
"10249","GAD1",5
"10250","POLE2",3
"10251","PJVK",1
"10252","ZNF385B",4
"10253","DIRC1",1
"10254","SGO2",4
"10255","AOX1",9
"10256","FKBP15",7
"10257","UGT8",3
"10258","C4orf3",3
"10259","TRPC3",6
"10260","PNPLA1",7
"10261","USP38",3
"10262","GYPE",5
"10263","ZNF821",3
"10264","DHODH",3
"10265","DHX38",7
"10266","NPIPB15",3
"10267","LDHD",4
"10268","RAB23",2
"10269","EXOC3",6
"10270","CEP72",7
"10271","KHDC1L",1
"10272","TRAF3IP1",6
"10273","CROCC2",6
"10274","STK25",5
"10275","RNF24",2
"10276","ADRA1D",5
"10277","BMP2",1
"10278","JAG1",9
"10279","NXT1",3
"10280","CST1",4
"10281","APMAP",7
"10282","ENTPD6",8
"10283","MYLK2",2
"10284","KIF3B",3
"10285","MMP24",6
"10286","CPNE1",4
"10287","ANXA2",7
"10288","SPG21",3
"10289","SKAP2",10
"10290","RNF217",4
"10291","NCOA7",6
"10292","RSPO3",3
"10293","MOXD1",3
"10294","ANKRD13D",4
"10295","COX7C",1
"10296","FAM81B",5
"10297","RFESD",2
"10298","RHOBTB3",3
"10299","EFNA5",3
"10300","SLC25A46",1
"10301","APC",8
"10302","PGM2L1",8
"10303","KCNE3",3
"10304","INTS4",9
"10305","GAB2",10
"10306","CCDC89",1
"10307","FZD4",3
"10308","YAP1",2
"10309","MMP7",4
"10310","FBXL18",5
"10311","ACTB",5
"10312","TMPRSS4",5
"10313","RNU6-376P",1
"10314","HMBS",1
"10315","C2CD2L",5
"10316","HINFP",4
"10317","ARHGEF12",6
"10318","CRTAM",6
"10319","VSIG2",3
"10320","HEPACAM",5
"10321","TMEM218",4
"10322","APLP2",7
"10323","BICDL2",5
"10324","NRBP2",3
"10325","PYGM",4
"10326","EHD1",3
"10327","NOD1",6
"10328","GARS1",4
"10329","PPP1R17",5
"10330","LSM5",6
"10331","STK17A",4
"10332","SPDYE1",6
"10333","POLD2",2
"10334","MYO1G",4
"10335","SUN3",6
"10336","SEC61G",4
"10337","TMEM52B",4
"10338","CHCHD2",4
"10339","ZNF736",7
"10340","RABGEF1",6
"10341","OR2H1",2
"10342","HLA-F",7
"10343","PPP1R10",2
"10344","STYX",4
"10345","CDKN3",3
"10346","CNIH1",1
"10347","HGF",4
"10348","SEMA3E",7
"10349","NAA30",3
"10350","ARID4A",4
"10351","DHRS7",2
"10352","RHOJ",4
"10353","FUT8",8
"10354","SLC10A1",3
"10355","UGCG",5
"10356","INTS5",3
"10357","SLC22A10",5
"10358","STIP1",6
"10359","GPAA1",6
"10360","PPP2R5B",7
"10361","SLC35F1",9
"10362","TBC1D8B",6
"10363","LRRC4",2
"10364","RBM28",7
"10365","MARS1",6
"10366","DCTN2",4
"10367","TSGA13",2
"10368","TSPAN31",3
"10369","ZC3HAV1",7
"10370","PLEKHG4B",13
"10371","EPHA1",8
"10372","NECAB2",8
"10373","MBTPS1",9
"10374","IL3RA",8
"10375","ZBED1",4
"10376","NLGN4X",7
"10377","VCX3A",5
"10378","FAM9B",7
"10379","FAM9C",5
"10380","ALX1",3
"10381","MSRA",7
"10382","TRMT9B",3
"10383","DROSHA",7
"10384","C5orf22",4
"10385","NPR3",8
"10386","RAI14",4
"10387","SNX4",3
"10388","TXNRD3",3
"10389","KLF8",4
"10390","STARD8",7
"10391","MIR545",1
"10392","DNASE1",5
"10393","SPATC1",4
"10394","FGF10",2
"10395","ARHGAP39",6
"10396","DMRT1",6
"10397","ALG13",7
"10398","AMOT",6
"10399","PRP4K",6
"10400","NFXL1",7
"10401","FMR1NB",2
"10402","MAGEA4",6
"10403","PPIL4",4
"10404","PCMT1",4
"10405","LRP11",5
"10406","ULBP3",4
"10407","DMXL1",11
"10408","FAM170A",3
"10409","MEGF10",3
"10410","ITIH2",7
"10411","FAM174B",7
"10412","SYNM",4
"10413","OR4F6",4
"10414","POLR3K",1
"10415","AXIN1",5
"10416","NTAQ1",6
"10417","KLHL38",5
"10418","RNU6-756P",1
"10419","OC90",8
"10420","RRAGB",4
"10421","NLRP2B",5
"10422","PRSS21",5
"10423","CHD8",13
"10424","CORO7-PAM16",4
"10425","CORO7",3
"10426","NOX1",8
"10427","TCEAL4",4
"10428","DNAAF8",3
"10429","FHIP1A",4
"10430","FBXW7",4
"10431","SGCB",3
"10432","SPACA7",3
"10433","OR4K5",4
"10434","RNASE11",2
"10435","RNASE6",3
"10436","DLGAP5",7
"10437","LRP10",1
"10438","RNF31",5
"10439","GMPR2",5
"10440","NUDT9",3
"10441","SPARCL1",3
"10442","TUBB",2
"10443","PSORS1C1",2
"10444","PIN4",6
"10445","SLC9B1",5
"10446","CXXC4",4
"10447","HADH",4
"10448","INIP",2
"10449","NEIL3",3
"10450","TBX22",5
"10451","VASN",1
"10452","SH3D19",4
"10453","SCAF8",7
"10454","ARFIP1",3
"10455","MTNR1A",3
"10456","HSD17B2",3
"10457","ZBTB2",3
"10458","OR5M9",1
"10459","DNAAF1",4
"10460","PRG3",2
"10461","KHDC1",3
"10462","ASB9",1
"10463","SCML2",3
"10464","CDKL5",6
"10465","RPS6KA3",6
"10466","TMLHE",1
"10467","DGKZ",7
"10468","TRIM64C",7
"10469","OR4A16",3
"10470","OR5I1",4
"10471","OR5AK2",1
"10472","TRO",4
"10473","PAGE3",3
"10474","LAGE3",1
"10475","SPRY4",5
"10476","PDGFA",4
"10477","SATL1",2
"10478","ZKSCAN3",5
"10479","TFB1M",3
"10480","OR2J1",1
"10481","ZDHHC14",4
"10482","CLEC16A",11
"10483","PDZD4",4
"10484","GPRIN3",5
"10485","RPS15A",2
"10486","H2BC9",5
"10487","UNCX",3
"10488","WDR36",4
"10489","OR2B2",1
"10490","ESR1",4
"10491","METTL26",1
"10492","GRIN3A",7
"10493","TULP4",6
"10494","EZR",6
"10495","PNLDC1",7
"10496","SLC22A3",6
"10497","ATOH1",4
"10498","BTN3A3",5
"10499","PRSS16",4
"10500","SPINK9",1
"10501","ZSCAN26",4
"10502","IGFALS",4
"10503","PHF14",8
"10504","MIR193B",2
"10505","HERC3",4
"10506","SYCE1L",2
"10507","CMC2",3
"10508","TSPAN5",7
"10509","METAP1",4
"10510","ZNF391",3
"10511","H2BC17",1
"10512","SHROOM3",6
"10513","ZNF189",2
"10514","PGAP4",2
"10515","DUOX2",8
"10516","OR13C8",3
"10517","IRF5",2
"10518","COPG2",10
"10519","AKR1B15",7
"10520","HERC5",5
"10521","ADH4",1
"10522","TEX10",5
"10523","SPATA31D3",2
"10524","PSD2",4
"10525","AMTN",3
"10526","RNU6ATAC5P",1
"10527","PRR5L",5
"10528","RAG2",3
"10529","SDR42E1",4
"10530","BMP3",4
"10531","FGD1",4
"10532","HS3ST6",2
"10533","DNAJA1",5
"10534","PCDHB14",5
"10535","NUTM2F",6
"10536","HPGDS",3
"10537","CCNDBP1",6
"10538","TGM5",9
"10539","ALDH1B1",4
"10540","NOA1",4
"10541","MATR3",5
"10542","STRA8",3
"10543","NFX1",7
"10544","NOL6",6
"10545","DCAF12",6
"10546","SCGB3A2",2
"10547","ALG2",2
"10548","MIR143",1
"10549","NHLRC4",2
"10550","CAMTA2",9
"10551","MAOA",7
"10552","PRKG2",7
"10553","CYP19A1",3
"10554","PEX11A",1
"10555","SIL1",7
"10556","ECM2",3
"10557","BICD2",2
"10558","BARX1",1
"10559","ZNF594",8
"10560","EIF2AK1",7
"10561","MIOS",8
"10562","GABBR2",13
"10563","FASTKD5",1
"10564","RNU1-142P",1
"10565","XPA",5
"10566","FAM221B",7
"10567","PFAS",3
"10568","SRSF12",5
"10569","CYBB",6
"10570","MAGEB3",2
"10571","FSCN1",2
"10572","PMS2",6
"10573","CYP4X1",4
"10574","ZNF674",2
"10575","GALNS",7
"10576","GUCY2D",4
"10577","FOXB2",1
"10578","CCIN",5
"10579","CHD3",8
"10580","GRIPAP1",3
"10581","CYB5R4",4
"10582","ETF1",3
"10583","ZNF630",2
"10584","GLOD5",6
"10585","TPBG",1
"10586","CCNB3",1
"10587","HBA1",4
"10588","MAGEB4",1
"10589","PTAR1",3
"10590","CASP8AP2",4
"10591","RORB",3
"10592","GLRX5",1
"10593","DCAF5",7
"10594","ATXN3",3
"10595","MKRN3",3
"10596","AMN",3
"10597","GOLGA8M",2
"10598","SNORD107",3
"10599","PARP2",4
"10600","NDN",2
"10601","TBPL2",2
"10602","AP5M1",2
"10603","LBHD2",2
"10604","PTGER2",2
"10605","SNORD115-12",1
"10606","SNORD115-22",3
"10607","GABRB3",6
"10608","SNORD116-16",3
"10609","SNORD116-22",1
"10610","PLEK2",3
"10611","ARG2",5
"10612","EXD3",10
"10613","PSMA3",2
"10614","SNORD109A",2
"10615","SNORD115-23",4
"10616","GABRA5",7
"10617","CSF2RA",8
"10618","ALKBH1",2
"10619","ADCK1",2
"10620","SLC8A3",3
"10621","ADAM21",2
"10622","ACOT2",2
"10623","PPP1R36",3
"10624","MAP4K5",7
"10625","YY2",2
"10626","PHEX",5
"10627","ACOT9",4
"10628","KLHL15",4
"10629","MAGEB6",5
"10630","MAGEB1",1
"10631","ACOT6",2
"10632","H2AP",1
"10633","SRPX",5
"10634","BCOR",6
"10635","NYX",2
"10636","NDP",1
"10637","KRBOX4",5
"10638","SLC9A7",5
"10639","ELK1",1
"10640","PORCN",2
"10641","SLC35A2",2
"10642","COQ6",2
"10643","PCSK1",4
"10644","ADSS1",4
"10645","JDP2",2
"10646","P2RY8",4
"10647","CD99",8
"10648","XG",5
"10649","MAGIX",1
"10650","KIF26A",9
"10651","GOLGA6L2",9
"10652","RNU6-23P",1
"10653","FCSK",8
"10654","CALB2",5
"10655","JPH4",3
"10656","IRF9",3
"10657","IPO4",7
"10658","RABGGTA",4
"10659","NOP9",8
"10660","AP4S1",2
"10661","HECTD1",9
"10662","AKAP6",9
"10663","SNX6",6
"10664","MBIP",5
"10665","TTC6",7
"10666","LRFN5",5
"10667","KLHDC1",5
"10668","KLHDC2",4
"10669","VCPKMT",1
"10670","L2HGDH",7
"10671","RALGDS",7
"10672","OBP2B",4
"10673","MED22",8
"10674","UBAC1",5
"10675","DNLZ",2
"10676","RABL6",6
"10677","LCN12",5
"10678","LRRC26",1
"10679","PITPNM3",8
"10680","SHOX",2
"10681","RNF227",1
"10682","VAMP2",2
"10683","BORCS6",1
"10684","ARHGEF15",3
"10685","KRBA2",3
"10686","RPL26",1
"10687","USP43",2
"10688","SPATA7",6
"10689","DMAC2L",1
"10690","PPEF1",2
"10691","GAS2L1",4
"10692","NIPSNAP1",3
"10693","RNF215",3
"10694","MTFP1",1
"10695","ERAP1",4
"10696","RIOK2",3
"10697","ST8SIA4",3
"10698","SLCO4C1",3
"10699","SLCO6A1",2
"10700","CAMK4",5
"10701","TMED7",1
"10702","RNU2-49P",1
"10703","PPP1R3F",1
"10704","GAGE2E",1
"10705","CLCN5",6
"10706","NUDT11",2
"10707","MAGED1",3
"10708","XAGE2",3
"10709","SSX7",5
"10710","SPANXN5",2
"10711","XAGE5",4
"10712","CDCA4",2
"10713","MIR8071-2",3
"10714","POTEB3",1
"10715","NQO1",4
"10716","EXOSC6",5
"10717","DDX19B",3
"10718","DGAT2L6",2
"10719","CXorf65",1
"10720","CHIC1",5
"10721","NEXMIF",1
"10722","MAGEE2",2
"10723","TNMD",2
"10724","CSTF2",4
"10725","BTK",4
"10726","TCP11X2",1
"10727","GOLGA8J",3
"10728","GOLGA8H",4
"10729","GOLGA8B",4
"10730","ACTC1",1
"10731","CDIN1",7
"10732","BAHD1",3
"10733","RAD51",3
"10734","RMDN3",5
"10735","DNAJC17",4
"10736","TMEM62",7
"10737","TUBGCP4",6
"10738","ELL3",2
"10739","HYPK",5
"10740","FRMD5",8
"10741","GOLM2",5
"10742","CTDSPL2",3
"10743","EIF3J",3
"10744","SPG11",8
"10745","SORD",5
"10746","GATM",2
"10747","AFG2B",2
"10748","SEMA6D",6
"10749","MYEF2",7
"10750","ASB11",5
"10751","CLTRN",1
"10752","CTPS2",7
"10753","SCML1",4
"10754","HS3ST3B1",3
"10755","TEKT3",4
"10756","ADORA2B",4
"10757","ZSWIM7",2
"10758","TTC19",4
"10759","PIGL",2
"10760","CENPV",3
"10761","ZNF624",6
"10762","COPS3",3
"10763","SREBF1",3
"10764","EVPLL",3
"10765","MAPK7",2
"10766","AKAP10",5
"10767","CDRT15L2",3
"10768","LGALS9",4
"10769","PRR16",1
"10770","PRDM6",3
"10771","C5orf63",3
"10772","IQSEC2",4
"10773","FAAH2",9
"10774","MTMR8",7
"10775","ZC4H2",4
"10776","ZC3H12B",2
"10777","PSMA2",2
"10778","POLM",3
"10779","GCK",7
"10780","OGDH",6
"10781","HUS1",2
"10782","SPMIP7",3
"10783","GRB10",8
"10784","SUMF2",5
"10785","ZNF479",6
"10786","ZNF679",5
"10787","ZNF273",4
"10788","ZNF117",4
"10789","TPST1",5
"10790","RFC2",4
"10791","CASTOR2",9
"10792","POM121C",8
"10793","SPDYE5",4
"10794","POR",8
"10795","SRRM3",6
"10796","YWHAG",6
"10797","SEMA3D",10
"10798","ERVW-1",1
"10799","FAM133B",5
"10800","SLC30A4",5
"10801","GUCD1",4
"10802","RAP2A",1
"10803","IPO5",8
"10804","METTL21C",3
"10805","TEX30",5
"10806","SLC10A2",5
"10807","DAOA",3
"10808","EFNB2",3
"10809","RAB20",4
"10810","ANKRD10",3
"10811","SOX1",1
"10812","PROZ",5
"10813","CUL4A",8
"10814","LAMP1",11
"10815","CDC16",3
"10816","POTEG",1
"10817","OR4Q3",1
"10818","OR4K2",1
"10819","OR4K14",2
"10820","OR4K17",2
"10821","TTC5",2
"10822","DYNLRB2",4
"10823","KCNG4",1
"10824","LIAT1",3
"10825","SLC43A2",5
"10826","SCARF1",5
"10827","TLCD2",2
"10828","RPA1",5
"10829","OR1G1",3
"10830","TRPV3",5
"10831","CTNS",4
"10832","SMTNL2",3
"10833","CXCL16",2
"10834","MINK1",7
"10835","SPAG7",2
"10836","ZFP3",3
"10837","MIS12",1
"10838","PIMREG",2
"10839","GPR39",8
"10840","ALOX12",7
"10841","DLG4",4
"10842","ACADVL",1
"10843","CTDNEP1",3
"10844","EIF4A1",2
"10845","FXR2",3
"10846","EFNB3",1
"10847","IFNGR1",5
"10848","SMARCD3",3
"10849","OR13C9",2
"10850","PNPLA4",2
"10851","GPR143",3
"10852","CLCN4",3
"10853","MAP1B",3
"10854","MRPS27",4
"10855","UTP15",4
"10856","HEXB",3
"10857","FAM169A",7
"10858","F2R",1
"10859","SSBP2",3
"10860","SLF1",1
"10861","RNF144A",3
"10862","IAH1",2
"10863","YWHAQ",1
"10864","TRIB2",3
"10865","GEN1",8
"10866","KCNS3",1
"10867","P4HA2",5
"10868","RAD50",3
"10869","IL4",2
"10870","SKP1",4
"10871","CATSPER3",4
"10872","KLHL3",4
"10873","WNT8A",2
"10874","CDC23",2
"10875","CDC25C",2
"10876","EGR1",3
"10877","CTNNA1",8
"10878","APBB3",3
"10879","TMCO6",2
"10880","IK",3
"10881","PCDHA7",2
"10882","PCDHB6",6
"10883","PCDHB16",3
"10884","PCDHB10",2
"10885","HMGN5",3
"10886","RELL2",2
"10887","DELE1",6
"10888","PCDH12",5
"10889","PRELID2",5
"10890","SERPINA7",6
"10891","NUP62CL",3
"10892","AMMECR1",3
"10893","LHFPL1",4
"10894","IL13RA2",5
"10895","SLC25A43",3
"10896","RPL39",4
"10897","RHOXF1",1
"10898","GLUD2",3
"10899","SH2D1A",1
"10900","DCAF12L2",2
"10901","XPNPEP2",6
"10902","ZNF280C",3
"10903","TFDP3",1
"10904","MIR450A2",2
"10905","BRS3",2
"10906","ARHGEF6",7
"10907","MIR513C",2
"10908","MIR513A1",1
"10909","MIR514A1",1
"10910","IDS",2
"10911","TMEM185A",3
"10912","VMA21",4
"10913","MAGEA3",3
"10914","ZNF185",6
"10915","PNMA6A",2
"10916","ZNF275",6
"10917","PNMA6E",2
"10918","TREX2",5
"10919","IRAK1",2
"10920","FGF7",1
"10921","HDC",3
"10922","SPPL2A",5
"10923","BCL2L10",2
"10924","ATOSA",6
"10925","MNS1",7
"10926","AQP9",6
"10927","SNX22",4
"10928","CSNK1G1",6
"10929","TIPIN",3
"10930","MAP2K1",4
"10931","ZWILCH",5
"10932","CALML4",3
"10933","ANP32A",2
"10934","NOX5",7
"10935","TMEM202",1
"10936","HCN4",4
"10937","REC114",3
"10938","INSYN1",1
"10939","CYP1A1",3
"10940","COX5A",2
"10941","RPP25",1
"10942","SCAMP5",3
"10943","RCN2",3
"10944","MINAR1",2
"10945","EFL1",5
"10946","GOLGA6L10",3
"10947","SEC11A",4
"10948","MFGE8",4
"10949","RLBP1",4
"10950","IDH2",4
"10951","FAM169BP",5
"10952","SELENOS",2
"10953","RHBDF1",5
"10954","NPRL3",5
"10955","CAPN15",6
"10956","MSLN",6
"10957","SOX8",4
"10958","NUBP2",2
"10959","ZNF598",3
"10960","TBC1D24",3
"10961","MMP25",5
"10962","ZNF200",5
"10963","ZSCAN32",7
"10964","ADCY9",7
"10965","HMOX2",3
"10966","TMEM186",1
"10967","CARHSP1",2
"10968","ATF7IP2",7
"10969","TXNDC11",5
"10970","NPIPB2",4
"10971","TNFRSF17",3
"10972","NPIPA5",3
"10973","CEP20",3
"10974","TMC5",4
"10975","LYRM1",2
"10976","GNG11",4
"10977","ATP2A1",5
"10978","TMEM219",3
"10979","HIRIP3",3
"10980","TLCD3B",1
"10981","ZNF747",2
"10982","PRR14",2
"10983","FBXL19",6
"10984","ZNF646",4
"10985","C16orf87",5
"10986","MT1B",4
"10987","MT1F",3
"10988","MT1G",5
"10989","MT1H",4
"10990","HERPUD1",4
"10991","CCL22",2
"10992","CX3CL1",2
"10993","CCDC102A",2
"10994","KATNB1",4
"10995","MMP15",4
"10996","CFAP20",2
"10997","GINS3",1
"10998","SLC38A7",4
"10999","CDH11",7
"11000","ZDHHC1",3
"11001","GSTA3",2
"11002","GSTA4",4
"11003","FAM83B",6
"11004","PTP4A1",1
"11005","CFAP157",3
"11006","PTRH1",2
"11007","TOR2A",1
"11008","FPGS",3
"11009","CERCAM",3
"11010","GLE1",5
"11011","DYNC2I2",2
"11012","PTGES",3
"11013","EXOSC2",3
"11014","ZMYM1",3
"11015","DNALI1",4
"11016","FOXD3",1
"11017","PEAR1",7
"11018","CHIT1",5
"11019","EXOC8",4
"11020","GDF2",3
"11021","DBX1",6
"11022","NAALADL1",3
"11023","ZNRD2",1
"11024","C6orf163",3
"11025","OR4L1",5
"11026","GOLGA8A",3
"11027","DAND5",4
"11028","FAM98C",1
"11029","CBLC",3
"11030","MIR523",5
"11031","RDH13",3
"11032","HSPE1",1
"11033","PTPRA",7
"11034","DRICH1",6
"11035","TTC21A",6
"11036","ZNF445",6
"11037","MUC20",6
"11038","ZAR1",1
"11039","PAICS",6
"11040","SMPD2",4
"11041","CCN6",5
"11042","FAM229B",2
"11043","NT5DC1",4
"11044","CALHM4",1
"11045","FAM184A",5
"11046","SMPDL3A",4
"11047","TPD52L1",4
"11048","C6orf58",4
"11049","PBOV1",1
"11050","HECA",2
"11051","TXLNB",4
"11052","CITED2",3
"11053","GINM1",1
"11054","RAET1E",3
"11055","RAET1L",4
"11056","RMND1",2
"11057","TMEM242",3
"11058","SYTL3",5
"11059","PCDHGB1",1
"11060","COX19",3
"11061","GPER1",4
"11062","MRM2",2
"11063","LFNG",6
"11064","MMD2",6
"11065","WIPI2",8
"11066","RSPH10B",3
"11067","AIMP2",5
"11068","RAC1",5
"11069","ZDHHC4",4
"11070","INTS15",6
"11071","NXPH1",6
"11072","NDUFA4",1
"11073","ANKMY2",8
"11074","HYCC1",4
"11075","CYCS",1
"11076","PLEKHA8",4
"11077","NEUROD6",4
"11078","STARD3NL",3
"11079","MPPED2",4
"11080","IMMP1L",2
"11081","ELP4",7
"11082","PAX6",5
"11083","ELF5",4
"11084","FJX1",3
"11085","TRAF6",2
"11086","ACCSL",4
"11087","TP53I11",4
"11088","PRDM11",3
"11089","AMBRA1",8
"11090","ARFGAP2",4
"11091","MTCH2",4
"11092","OR4C46",3
"11093","OR4C15",3
"11094","OR4P4",3
"11095","OR5D14",3
"11096","OR5W2",2
"11097","OR5AR1",1
"11098","OR9G1",4
"11099","TIMM10",1
"11100","UBE2L6",1
"11101","YPEL4",3
"11102","CNTF",4
"11103","GLYAT",1
"11104","GLYATL1",2
"11105","MPEG1",2
"11106","OR5A1",3
"11107","OR4D6",1
"11108","OSBP",7
"11109","TCN1",3
"11110","MS4A6A",1
"11111","MS4A5",2
"11112","PTGDR2",4
"11113","DDB1",4
"11114","MYRF",6
"11115","FADS3",4
"11116","BEST1",4
"11117","SCGB1A1",1
"11118","LRRN4CL",3
"11119","BSCL2",3
"11120","HNRNPUL2",4
"11121","TTC9C",2
"11122","NXF1",5
"11123","SLC3A2",7
"11124","SLC22A24",5
"11125","PLAAT2",4
"11126","MACROD1",4
"11127","MAP4K2",3
"11128","TMEM130",6
"11129","PTCD1",8
"11130","ZNF394",4
"11131","ZNF655",2
"11132","ZSCAN25",4
"11133","ZSCAN21",4
"11134","PCOLCE",1
"11135","TRIP6",2
"11136","VGF",3
"11137","MOGAT3",4
"11138","ORAI2",3
"11139","POLR2J",1
"11140","RASA4B",2
"11141","RASA4",4
"11142","POLR2J2",1
"11143","FAM185A",4
"11144","ARMC10",5
"11145","PUS7",6
"11146","SYPL1",3
"11147","DLD",3
"11148","KHDC3L",4
"11149","CGAS",3
"11150","MTO1",5
"11151","EEF1A1",2
"11152","COX7A2",1
"11153","TTK",6
"11154","TENT5A",5
"11155","PRSS35",1
"11156","NT5E",1
"11157","SNX14",7
"11158","SYNCRIP",2
"11159","SNORD50B",5
"11160","AKIRIN2",3
"11161","SPACA1",2
"11162","RNGTT",7
"11163","PNRC1",3
"11164","GJA10",4
"11165","MANEA",2
"11166","FBXL4",4
"11167","USP45",5
"11168","CCNC",3
"11169","FXYD6",1
"11170","LIN28B",3
"11171","MIR587",1
"11172","BEND3",2
"11173","RNF26",2
"11174","USP2",3
"11175","NECTIN1",3
"11176","UBASH3B",7
"11177","GRAMD1B",9
"11178","TMEM225",3
"11179","OR10S1",2
"11180","OR8G1",3
"11181","OR8B2",1
"11182","SIAE",8
"11183","CHEK1",3
"11184","ACRV1",2
"11185","IGSF9B",11
"11186","SLC6A12",5
"11187","FGF6",4
"11188","TPI1",4
"11189","SPSB2",1
"11190","CLSTN3",8
"11191","CLEC4C",4
"11192","NANOG",4
"11193","CLEC2A",2
"11194","STYK1",5
"11195","TAS2R30",3
"11196","PRB3",1
"11197","PRB1",4
"11198","RNU7-60P",3
"11199","DDX47",4
"11200","EMP1",3
"11201","PLBD1",1
"11202","STRAP",4
"11203","PLCZ1",8
"11204","SLCO1B7",6
"11205","SPX",5
"11206","SSPN",3
"11207","TM7SF3",5
"11208","REP15",2
"11209","MANSC4",2
"11210","KLHL42",5
"11211","OVCH1",8
"11212","H3-5",4
"11213","PRICKLE1",2
"11214","SCAF11",6
"11215","SLC38A1",5
"11216","MIR4494",2
"11217","LALBA",5
"11218","CCDC65",3
"11219","WNT1",2
"11220","BCDIN3D",2
"11221","FAIM2",6
"11222","ASIC1",3
"11223","TMPRSS12",2
"11224","LETMD1",5
"11225","KRT85",2
"11226","PRR13",1
"11227","MAP3K12",4
"11228","TARBP2",2
"11229","NPFF",1
"11230","PDE1B",5
"11231","NEUROD4",2
"11232","OR6C65",2
"11233","OR6C76",3
"11234","ANKRD52",6
"11235","SPRYD4",4
"11236","ATP5F1B",4
"11237","PTGES3",3
"11238","NACA",3
"11239","RDH16",6
"11240","GPR182",1
"11241","ZBTB39",3
"11242","NAB2",3
"11243","DTX3",3
"11244","LEMD3",4
"11245","LLPH",4
"11246","RAB3IP",4
"11247","RAB21",2
"11248","TMTC3",7
"11249","SOCS2",1
"11250","NR2C1",4
"11251","SPMIP4",3
"11252","SLC25A3",4
"11253","TMEM119",3
"11254","CORO1C",4
"11255","C12orf76",1
"11256","TCTN1",3
"11257","TRAFD1",3
"11258","OAS2",6
"11259","SPPL3",3
"11260","CAMKK2",6
"11261","MLXIP",9
"11262","ZCCHC8",5
"11263","RSRC2",6
"11264","CCDC62",7
"11265","VPS37B",4
"11266","GTF2H3",6
"11267","BRI3BP",2
"11268","RAN",1
"11269","MMP17",5
"11270","GJA3",1
"11271","GJB2",4
"11272","EEF1AKMT1",1
"11273","SAP18",1
"11274","TNFRSF19",6
"11275","RNF17",9
"11276","GSX1",1
"11277","URAD",1
"11278","HMGB1",5
"11279","USPL1",3
"11280","ALOX5AP",2
"11281","ALG5",7
"11282","COG6",6
"11283","MRPS31",2
"11284","ELF1",4
"11285","MTRF1",6
"11286","TMEM272",1
"11287","KLF12",3
"11288","RNU6-61P",1
"11289","RAD23B",4
"11290","C9orf152",2
"11291","SLC46A2",2
"11292","SLC31A1",2
"11293","C9orf43",2
"11294","KIF12",4
"11295","TMEM268",2
"11296","MORN5",1
"11297","PTGS1",5
"11298","NEK6",3
"11299","ADGRD2",6
"11300","NR6A1",8
"11301","ZNF766",5
"11302","ZNF480",2
"11303","ZNF701",5
"11304","SENP6",5
"11305","RNU6-980P",5
"11306","MIR517C",3
"11307","RNU6-1041P",5
"11308","RNU6-165P",2
"11309","CACNG8",2
"11310","VSTM1",6
"11311","OSCAR",3
"11312","TFPT",3
"11313","PRPF31",1
"11314","GP6",3
"11315","HSPBP1",2
"11316","BRSK1",4
"11317","UBE2S",2
"11318","ISOC2",3
"11319","ZNF579",2
"11320","ZNF444",3
"11321","ZSCAN5B",3
"11322","ZSCAN5C",4
"11323","ZNF471",4
"11324","ZNF470",1
"11325","ZIM2",6
"11326","USP29",2
"11327","ZNF543",5
"11328","ZNF773",3
"11329","ZSCAN4",4
"11330","ZNF551",5
"11331","ZNF671",5
"11332","ZNF606",5
"11333","ZNF135",6
"11334","ERVK3-1",3
"11335","RPS5",5
"11336","RNASEH1",2
"11337","RPS7",3
"11338","ALLC",2
"11339","KCNQ4",4
"11340","CITED4",1
"11341","EDN2",2
"11342","FOXJ3",6
"11343","RIMKLA",2
"11344","PPCS",3
"11345","YBX1",2
"11346","CFAP144",3
"11347","EBNA1BP2",4
"11348","CMPK1",2
"11349","SLC5A9",5
"11350","CDKN2C",2
"11351","EPS15",5
"11352","ATAD2B",6
"11353","TP53I3",2
"11354","FAM228A",3
"11355","CENPO",1
"11356","ASXL2",7
"11357","HADHA",2
"11358","SELENOI",5
"11359","CIB4",5
"11360","AGBL5",2
"11361","SPATA31H1",4
"11362","MRPL33",1
"11363","RBKS",3
"11364","BABAM2",6
"11365","HTR4",3
"11366","ARHGEF37",6
"11367","CDX1",4
"11368","RPS14",3
"11369","SYNPO",5
"11370","TNIP1",7
"11371","SPARC",2
"11372","FAM114A2",4
"11373","SAP30L",4
"11374","HAND1",2
"11375","MIR1303",3
"11376","MRPL22",1
"11377","KIF4B",1
"11378","PPP1R2B",2
"11379","ITK",7
"11380","ADAM19",5
"11381","TTC1",2
"11382","PWWP2A",1
"11383","NUDCD2",3
"11384","PANK3",6
"11385","SNORA70J",4
"11386","NPM1",4
"11387","THOC3",4
"11388","DBN1",8
"11389","PROP1",2
"11390","PHYKPL",5
"11391","CLK4",8
"11392","ZFP2",6
"11393","ZNF354C",1
"11394","CBY3",3
"11395","CANX",5
"11396","LTC4S",2
"11397","MGAT4B",4
"11398","RASGEF1C",6
"11399","SCGB3A1",2
"11400","BTNL8",4
"11401","FOXC1",2
"11402","SERPINB1",5
"11403","SLC22A23",6
"11404","LYRM4",6
"11405","SSR1",2
"11406","NEDD9",9
"11407","CD83",2
"11408","MYLIP",1
"11409","SOX4",3
"11410","PRL",3
"11411","NRSN1",2
"11412","ALDH5A1",6
"11413","SLC17A2",5
"11414","H3C3",2
"11415","H4C4",2
"11416","H3C6",2
"11417","POM121L2",2
"11418","H2AC13",1
"11419","H3C12",4
"11420","ZFP57",3
"11421","MRPS18B",3
"11422","C6orf136",5
"11423","FLOT1",6
"11424","C6orf15",1
"11425","MPIG6B",3
"11426","EHMT2",8
"11427","SLC39A7",2
"11428","RING1",3
"11429","UQCC2",1
"11430","NUDT3",4
"11431","TULP1",3
"11432","FKBP5",5
"11433","ETV7",2
"11434","SRSF3",4
"11435","MTCH1",3
"11436","TMEM217",4
"11437","KCNK17",5
"11438","NFYA",2
"11439","TREM2",1
"11440","TREML2",4
"11441","TREML4",5
"11442","TREM1",3
"11443","FOXP4",4
"11444","TFEB",4
"11445","C6orf132",4
"11446","MRPS10",2
"11447","PRPH2",3
"11448","CNPY3",4
"11449","GNMT",1
"11450","RRP36",1
"11451","SRF",2
"11452","TJAP1",5
"11453","NFKBIE",2
"11454","AARS2",6
"11455","RUNX2",7
"11456","ENPP4",4
"11457","ENPP5",2
"11458","PTCHD4",6
"11459","GLYATL3",2
"11460","DEFB110",2
"11461","DEFB112",2
"11462","IL17A",5
"11463","IL17F",3
"11464","TMEM14A",1
"11465","MREG",2
"11466","TMEM169",2
"11467","RUFY4",6
"11468","PNKD",3
"11469","BCS1L",1
"11470","WNT6",3
"11471","IHH",1
"11472","CNPPD1",2
"11473","ASIC4",3
"11474","CUL3",7
"11475","CCL20",3
"11476","SLC16A14",4
"11477","SP140L",11
"11478","ITM2C",3
"11479","GPR55",3
"11480","TEX44",1
"11481","COPS7B",2
"11482","ALPG",6
"11483","CHRNG",4
"11484","SH3BP4",3
"11485","GBX2",3
"11486","UBE2F",6
"11487","ILKAP",5
"11488","FAM240C",2
"11489","DEFB126",2
"11490","DEFB128",5
"11491","PSMF1",5
"11492","SDCBP2",3
"11493","SIRPB2",5
"11494","SIRPG",3
"11495","SIRPA",2
"11496","STK35",3
"11497","SNRPB",4
"11498","NOP56",4
"11499","CPXM1",4
"11500","TMEM239",1
"11501","VPS16",5
"11502","DNAAF9",5
"11503","SIGLEC1",6
"11504","AP5S1",2
"11505","MAVS",5
"11506","PRND",1
"11507","TRMT6",4
"11508","TMX4",2
"11509","BTBD3",2
"11510","PCSK2",4
"11511","DSTN",4
"11512","MGME1",3
"11513","POLR3F",5
"11514","NOS2",8
"11515","TMEM199",5
"11516","PHF12",7
"11517","CORO6",4
"11518","BLMH",4
"11519","OMG",1
"11520","CCL7",4
"11521","SLFN13",3
"11522","MMP28",4
"11523","TBC1D3B",2
"11524","AATF",3
"11525","DDX52",3
"11526","HNF1B",7
"11527","PPP1R1B",2
"11528","LRRC3C",1
"11529","PSMD3",6
"11530","CSF3",3
"11531","KRT28",4
"11532","KRT12",2
"11533","KRT40",4
"11534","KRTAP4-9",2
"11535","WTAP",2
"11536","KRT14",2
"11537","KLHL11",4
"11538","COASY",2
"11539","RETREG3",6
"11540","PSMC3IP",1
"11541","PLEKHH3",4
"11542","CCR10",1
"11543","EZH1",6
"11544","RAMP2",7
"11545","AOC3",1
"11546","G6PC1",2
"11547","MPP3",6
"11548","ASB16",3
"11549","UBTF",6
"11550","FAM171A2",2
"11551","GPATCH8",3
"11552","FMNL1",7
"11553","PLEKHM1",6
"11554","ARL17B",2
"11555","PNPO",2
"11556","SNX11",4
"11557","ATP5MC1",2
"11558","PHOSPHO1",5
"11559","TMEM92",2
"11560","XYLT2",5
"11561","MRPL27",1
"11562","CHAD",2
"11563","SPATA20",3
"11564","C17orf67",3
"11565","SCPEP1",7
"11566","TBX4",3
"11567","CACNG1",3
"11568","AMZ2",1
"11569","WIPI1",5
"11570","KCNJ2",2
"11571","GPRC5C",6
"11572","CD300LD",3
"11573","FADS6",1
"11574","USH1G",2
"11575","OTOP2",2
"11576","NUP85",3
"11577","SLC25A19",2
"11578","GRB2",3
"11579","SPHK1",1
"11580","ST6GALNAC2",7
"11581","SOCS3",1
"11582","CBX4",1
"11583","GAA",5
"11584","TEPSIN",3
"11585","ACTG1",3
"11586","ADCYAP1",3
"11587","METTL4",4
"11588","NDC80",2
"11589","SMCHD1",9
"11590","MYL12A",3
"11591","VAPA",2
"11592","SLC35G4",4
"11593","CHMP1B",3
"11594","SEH1L",4
"11595","RNMT",3
"11596","POTEC",4
"11597","SNRPD1",3
"11598","CTAGE1",7
"11599","RIOK3",1
"11600","RMC1",1
"11601","B4GALT6",2
"11602","ZNF396",2
"11603","INO80C",3
"11604","SLC14A1",2
"11605","SKA1",2
"11606","C18orf54",1
"11607","DYNAP",2
"11608","RAB27B",5
"11609","RAX",1
"11610","TNFRSF11A",2
"11611","KDSR",2
"11612","DIPK1C",5
"11613","SMIM21",2
"11614","MADCAM1",3
"11615","GZMM",3
"11616","PLPPR3",2
"11617","R3HDM4",7
"11618","ARID3A",7
"11619","CNN2",3
"11620","ARHGAP45",6
"11621","STK11",1
"11622","CIRBP",5
"11623","C19orf25",3
"11624","MBD3",2
"11625","REXO1",3
"11626","MKNK2",3
"11627","LSM7",2
"11628","GIPC3",3
"11629","RAX2",2
"11630","ZFR2",2
"11631","ATCAY",3
"11632","EEF2",5
"11633","HDGFL2",6
"11634","WNT16",4
"11635","TMEM229A",2
"11636","FSCN3",4
"11637","LEP",4
"11638","HILPDA",1
"11639","GARIN1A",2
"11640","SSMEM1",1
"11641","CPA2",4
"11642","CPA4",5
"11643","MEST",3
"11644","PTN",3
"11645","AKR1D1",7
"11646","FMC1-LUC7L2",4
"11647","KDM7A",5
"11648","MKRN1",5
"11649","NDUFB2",2
"11650","MRPS33",2
"11651","TAS2R4",1
"11652","TAS2R38",2
"11653","PRSS58",4
"11654","MTRNR2L6",3
"11655","PRSS1",3
"11656","OR2A5",3
"11657","OR2A2",2
"11658","ZNF786",2
"11659","ZNF783",3
"11660","KRBA1",4
"11661","ACTR3C",3
"11662","LRRC61",2
"11663","GIMAP2",3
"11664","AOC1",4
"11665","NOS3",6
"11666","SLC4A2",6
"11667","CHPF2",3
"11668","NUB1",4
"11669","RHEB",4
"11670","TDRP",2
"11671","CLN8",4
"11672","AGPAT5",2
"11673","PRR23D1",2
"11674","SPAG11A",1
"11675","USP17L8",3
"11676","GATA4",4
"11677","CTSB",5
"11678","FAM86B1",7
"11679","LONRF1",2
"11680","C8orf48",2
"11681","MTUS1",8
"11682","NAT2",2
"11683","SLC18A1",6
"11684","ATP6V1B2",4
"11685","SORBS3",6
"11686","ZNF395",6
"11687","EXTL3",3
"11688","INTS9",5
"11689","DUSP4",3
"11690","RBPMS",3
"11691","TTI2",3
"11692","LSM1",1
"11693","PLPP5",2
"11694","ADAM2",3
"11695","ZMAT4",3
"11696","NKX6-3",2
"11697","PLAT",3
"11698","RNU105C",1
"11699","SOX17",2
"11700","TMEM68",3
"11701","TGS1",5
"11702","PENK",7
"11703","CA8",4
"11704","GDAP1",5
"11705","GDF6",2
"11706","UQCRB",5
"11707","POP1",4
"11708","DCAF13",4
"11709","EIF3H",6
"11710","C8orf76",8
"11711","CHRAC1",2
"11712","MROH5",9
"11713","SLURP1",1
"11714","LY6H",2
"11715","IQANK1",3
"11716","ADCK5",3
"11717","FOXH1",2
"11718","ZNF7",6
"11719","KANK1",7
"11720","SLC1A1",5
"11721","SPATA6L",5
"11722","CDC37L1",6
"11723","AK3",4
"11724","PDCD1LG2",4
"11725","ERMP1",5
"11726","DMAC1",2
"11727","NFIB",8
"11728","LINC03041",4
"11729","RPS6",1
"11730","KLHL9",2
"11731","MTAP",5
"11732","DMRTA1",2
"11733","IZUMO3",4
"11734","PLAA",2
"11735","LRRC19",3
"11736","TMEM215",2
"11737","SMU1",4
"11738","SPATA31F1",5
"11739","FANCG",4
"11740","RUSC2",5
"11741","RGP1",6
"11742","CNTNAP3C",1
"11743","PGM5",8
"11744","CFAP95",4
"11745","GDA",5
"11746","RFK",2
"11747","IDNK",2
"11748","GOLM1",3
"11749","SPATA31E1",4
"11750","SECISBP2",6
"11751","CKS2",3
"11752","AUH",3
"11753","NFIL3",1
"11754","IARS1",6
"11755","MIRLET7F1",2
"11756","FBP2",4
"11757","HABP4",3
"11758","ZNF510",2
"11759","MFSD14CP",3
"11760","TMOD1",3
"11761","NCBP1",5
"11762","ERP44",5
"11763","RUVBL2",4
"11764","CGB3",5
"11765","CGB2",6
"11766","KASH5",6
"11767","PIH1D1",2
"11768","NOSIP",6
"11769","RRAS",2
"11770","TSKS",4
"11771","NUP62",2
"11772","ASPDH",4
"11773","C19orf48P",5
"11774","KLK15",6
"11775","KLK11",7
"11776","KLK14",5
"11777","CD33",5
"11778","IGLON5",5
"11779","VSIG10L",5
"11780","ETFB",2
"11781","SIGLEC6",1
"11782","FPR3",5
"11783","CTRC",2
"11784","CELA2A",5
"11785","DNAJC16",5
"11786","RNU7-179P",2
"11787","PLEKHM2",7
"11788","SLC25A34",5
"11789","ZBTB17",3
"11790","ARHGEF19",3
"11791","IFFO2",8
"11792","VWA5B1",7
"11793","USP48",5
"11794","CELA3B",4
"11795","CDC42",2
"11796","WNT4",1
"11797","ID3",2
"11798","LYPLA2",4
"11799","SELENON",4
"11800","EXTL1",3
"11801","SLC30A2",1
"11802","ZNF683",1
"11803","DHDDS",3
"11804","SESN2",2
"11805","OPRD1",3
"11806","MATN1",3
"11807","SPOCD1",5
"11808","KHDRBS1",4
"11809","EIF3I",6
"11810","HDAC1",4
"11811","YARS1",2
"11812","FNDC5",4
"11813","TMEM54",1
"11814","GJA4",3
"11815","SFPQ",4
"11816","TFAP2E",3
"11817","AGO4",3
"11818","AGO3",3
"11819","MAP7D1",6
"11820","SH3D21",6
"11821","MRPS15",2
"11822","GRIK3",7
"11823","GNL2",6
"11824","AIRIM",3
"11825","FHL3",1
"11826","RRAGC",4
"11827","MYCBP",3
"11828","BMP8A",4
"11829","PABPC4",6
"11830","PPIE",3
"11831","TRIT1",2
"11832","MFSD2A",5
"11833","SMAP2",4
"11834","RIMS3",4
"11835","ST8SIA6",5
"11836","DNAJC1",5
"11837","BMI1",5
"11838","ARHGAP21",10
"11839","NAA20",2
"11840","CST8",2
"11841","CST4",4
"11842","VSX1",4
"11843","ORC1",5
"11844","GLIS1",6
"11845","LRRC42",3
"11846","CYB5RL",1
"11847","MRPL37",3
"11848","MIR4422",3
"11849","C8B",5
"11850","ATG4C",4
"11851","ALG6",5
"11852","ITGB3BP",2
"11853","AK4",5
"11854","DNAI4",7
"11855","IL12RB2",4
"11856","GNG12",2
"11857","WLS",7
"11858","ANKRD13C-DT",3
"11859","CRYZ",5
"11860","FUBP1",5
"11861","GIPC2",2
"11862","IFI44L",4
"11863","RPF1",4
"11864","SSX2IP",6
"11865","MCOLN2",3
"11866","MCOLN3",2
"11867","DDAH1",3
"11868","CLCA2",6
"11869","CLCA1",2
"11870","CLCA4",6
"11871","SH3GLB1",3
"11872","SELENOF",4
"11873","GBP4",7
"11874","GBP5",2
"11875","LRRC8C",5
"11876","BARHL2",1
"11877","ZNF644",4
"11878","CDC7",3
"11879","EPHX4",2
"11880","GLMN",5
"11881","GFI1",5
"11882","BCAR3",9
"11883","DNTTIP2",4
"11884","SLC44A3",6
"11885","ALG14",3
"11886","SNX7",3
"11887","PLPPR4",3
"11888","SLC30A7",7
"11889","SARS1",4
"11890","CSF1",6
"11891","CHIA",4
"11892","TMIGD3",5
"11893","RSBN1",1
"11894","IGSF3",6
"11895","CD2",2
"11896","NOTCH2NLA",1
"11897","NOTCH2NLB",1
"11898","NBPF9",9
"11899","NBPF19",3
"11900","SV2A",4
"11901","MTMR11",4
"11902","CTSS",2
"11903","CTXND2",1
"11904","CERS2",4
"11905","BNIPL",3
"11906","CHTOP",5
"11907","CKS1B",1
"11908","MIR9-1HG",8
"11909","CD1D",3
"11910","CD1B",7
"11911","OR6K2",4
"11912","MNDA",4
"11913","CADM3",5
"11914","SLAMF9",1
"11915","IGSF8",1
"11916","ATP1A2",6
"11917","CASQ1",5
"11918","VANGL2",3
"11919","SLAMF1",5
"11920","CD48",7
"11921","ITLN1",5
"11922","NIT1",6
"11923","NDUFS2",6
"11924","TOMM40L",5
"11925","FCRLB",2
"11926","OLFML2B",9
"11927","UAP1",8
"11928","PBX1",6
"11929","LMX1A",7
"11930","LRRC52",5
"11931","TADA1",4
"11932","MPZL1",3
"11933","GPR161",2
"11934","XCL1",2
"11935","CCDC181",5
"11936","F5",9
"11937","GORAB",2
"11938","PRRX1",3
"11939","FAM20B",3
"11940","SOAT1",6
"11941","NPHS2",2
"11942","QSOX1",5
"11943","LHX4",1
"11944","XPR1",3
"11945","RGS8",7
"11946","NMNAT2",4
"11947","C1orf21",5
"11948","BRINP3",2
"11949","NR5A2",4
"11950","PKP1",4
"11951","LMOD1",4
"11952","PPP1R15B",1
"11953","RBBP5",5
"11954","ELK4",5
"11955","IL24",4
"11956","FCMR",6
"11957","PIGR",6
"11958","FCAMR",5
"11959","NEK2",4
"11960","NSL1",2
"11961","FLVCR1",2
"11962","RRP15",1
"11963","MTARC2",3
"11964","HLX",2
"11965","TAF1A",5
"11966","IBA57",2
"11967","H3-4",3
"11968","CCSAP",3
"11969","ABCB10",6
"11970","FAM89A",2
"11971","TRIM67",4
"11972","SPRTN",2
"11973","EGLN1",1
"11974","TSNAX",3
"11975","KCNK1",6
"11976","SLC35F3",11
"11977","COA6",2
"11978","IRF2BP2",2
"11979","GGPS1",2
"11980","RNU5F-8P",2
"11981","GCSAML-AS1",2
"11982","OR2C3",2
"11983","OR13G1",1
"11984","OR14A2",1
"11985","OR14A16",5
"11986","OR2T8",1
"11987","OR2M4",2
"11988","OR2T1",5
"11989","AKR1E2",6
"11990","ANKRD16",3
"11991","IL2RA",6
"11992","CDC123",6
"11993","OR1I1",3
"11994","SYDE1",6
"11995","CYP4F8",4
"11996","CYP4F12",7
"11997","OR10H2",3
"11998","RAB8A",3
"11999","HSH2D",1
"12000","FAM32A",2
"12001","PYGB",7
"12002","DEFB115",2
"12003","DEFB116",3
"12004","ID1",1
"12005","FOXS1",1
"12006","DUSP15",5
"12007","CCM2L",5
"12008","DNMT3B",10
"12009","BPIFB1",5
"12010","EIF2S2",5
"12011","FAM83C",5
"12012","GDF5",2
"12013","C20orf173",3
"12014","SPAG4",4
"12015","RBM12",3
"12016","AAR2",4
"12017","MYL9",5
"12018","TGIF2",2
"12019","SLA2",5
"12020","NDRG3",4
"12021","RPRD1B",6
"12022","ZHX3",2
"12023","SEMG1",1
"12024","WFDC9",3
"12025","WFDC11",3
"12026","ZNF334",4
"12027","RNU7-92P",3
"12028","SALL4",4
"12029","TFAP2C",2
"12030","RNU6-929P",2
"12031","RBM38",6
"12032","SRMS",6
"12033","GMEB2",5
"12034","ABHD16B",2
"12035","SAMD10",2
"12036","RGS19",1
"12037","MRPL39",4
"12038","CLDN8",3
"12039","KRTAP26-1",1
"12040","KRTAP13-2",2
"12041","KRTAP22-1",1
"12042","KRTAP6-1",1
"12043","TCP10L",1
"12044","CFAP298",3
"12045","IFNAR1",5
"12046","GART",7
"12047","SETD4",4
"12048","CLDN14",5
"12049","SIM2",7
"12050","RIPPLY3",3
"12051","HMGN1",3
"12052","GET1",3
"12053","FAM3B",3
"12054","ZBTB21",6
"12055","TFF2",4
"12056","RSPH1",2
"12057","RRP1B",6
"12058","TRAPPC10",6
"12059","PWP2",1
"12060","CFAP410",4
"12061","KRTAP10-1",2
"12062","KRTAP10-2",2
"12063","KRTAP10-4",2
"12064","KRTAP10-6",1
"12065","KRTAP10-10",1
"12066","KRTAP10-11",1
"12067","KRTAP12-3",1
"12068","SLX9",6
"12069","SPATC1L",1
"12070","C21orf58",2
"12071","SLC25A18",2
"12072","SEPTIN5",2
"12073","TXNRD2",9
"12074","AIFM3",3
"12075","THAP7",1
"12076","SDF2L1",1
"12077","ZNF280A",3
"12078","IGLL5",3
"12079","IGLL1",4
"12080","VPREB3",2
"12081","CHCHD10",3
"12082","C22orf15",3
"12083","MMP11",3
"12084","SLC2A11",3
"12085","SCYL1",1
"12086","FAM89B",2
"12087","KCNK7",1
"12088","SIPA1",2
"12089","CFL1",4
"12090","C11orf68",2
"12091","SART1",7
"12092","EIF1AD",2
"12093","BANF1",1
"12094","SMTN",6
"12095","DRG1",3
"12096","BPIFC",8
"12097","APOL6",3
"12098","TXN2",3
"12099","FOXRED2",3
"12100","CACNG2",4
"12101","NCF4",5
"12102","CSF2RB",4
"12103","MPST",3
"12104","CDC42EP1",5
"12105","ANKRD54",3
"12106","C22orf23",1
"12107","PICK1",6
"12108","TMEM184B",4
"12109","KDELR3",2
"12110","DDX17",3
"12111","APOBEC3B",3
"12112","APOBEC3G",5
"12113","CBX7",4
"12114","ATF4",3
"12115","RPS19BP1",2
"12116","CLPP",2
"12117","SLC25A41",4
"12118","MBD3L2B",1
"12119","FCER2",3
"12120","CD209",6
"12121","MAP2K7",3
"12122","ANGPTL4",5
"12123","RAB11B",3
"12124","PRAM1",2
"12125","ZNF558",6
"12126","ZNF317",3
"12127","OR7E24",2
"12128","ZNF559",3
"12129","ZNF177",4
"12130","ZNF559-ZNF177",3
"12131","ZNF560",5
"12132","ZNF426",6
"12133","ZNF846",6
"12134","ICAM1",5
"12135","RAVER1",4
"12136","ICAM3",2
"12137","PDE4A",8
"12138","ILF3",9
"12139","LDLR",4
"12140","TSPAN16",4
"12141","EPOR",5
"12142","ZNF763",5
"12143","ZNF878",2
"12144","ZNF844",4
"12145","ZNF709",2
"12146","ZNF490",3
"12147","WDR83",3
"12148","TNPO2",2
"12149","GET3",1
"12150","JUNB",1
"12151","GCDH",5
"12152","TRMT1",5
"12153","PALM3",3
"12154","MISP3",2
"12155","CRTAP",3
"12156","MLH1",8
"12157","ACAA1",1
"12158","EXOG",6
"12159","ZNF620",2
"12160","WAC",6
"12161","SLC35E1",5
"12162","HAUS8",6
"12163","BST2",1
"12164","NIBAN3",6
"12165","RPL18A",6
"12166","SLC5A5",8
"12167","ARRDC2",3
"12168","IQCN",5
"12169","JUND",5
"12170","PGPEP1",4
"12171","SSBP4",5
"12172","KXD1",4
"12173","CRTC1",8
"12174","COMP",4
"12175","UPF1",3
"12176","CERS1",6
"12177","GDF1",5
"12178","COPE",4
"12179","DDX49",3
"12180","LPAR2",2
"12181","ZNF101",4
"12182","MIR1270",4
"12183","PLEKHF1",3
"12184","CCNE1",5
"12185","ZNF507",4
"12186","PDCD5",2
"12187","RGS9BP",3
"12188","CEP89",3
"12189","WDR88",5
"12190","SLC7A10",2
"12191","UBA2",2
"12192","ZNF30",2
"12193","SCN1B",4
"12194","HPN",1
"12195","FXYD3",4
"12196","FXYD1",1
"12197","LGI4",3
"12198","FXYD5",3
"12199","FAM187B",2
"12200","USF2",1
"12201","FFAR3",1
"12202","FFAR2",4
"12203","RBM42",1
"12204","COX6B1",2
"12205","ZBTB32",3
"12206","IGFLR1",2
"12207","PRODH2",3
"12208","HCST",1
"12209","WDR62",9
"12210","ZNF382",6
"12211","ZNF527",1
"12212","WDR87",5
"12213","PPP1R14A",1
"12214","SPINT2",1
"12215","YIF1B",2
"12216","ECH1",6
"12217","RINL",6
"12218","SIRT2",3
"12219","ACP7",4
"12220","PAK4",4
"12221","IFNL3",6
"12222","IFNL1",1
"12223","GMFG",3
"12224","SAMD4B",5
"12225","PLEKHG2",7
"12226","DLL3",2
"12227","EID2B",1
"12228","EID2",2
"12229","LEUTX",2
"12230","ZNF546",6
"12231","CCNP",1
"12232","AKT2",5
"12233","C19orf47",3
"12234","ITPKC",2
"12235","CYP2A6",4
"12236","HNRNPUL1",4
"12237","TMEM91",2
"12238","EXOSC5",2
"12239","DMAC2",4
"12240","CEACAM21",5
"12241","TMEM145",3
"12242","LIPE",4
"12243","CEACAM8",4
"12244","PSG1",6
"12245","PSG11",5
"12246","LYPD3",1
"12247","ETHE1",5
"12248","XRCC1",6
"12249","IRGQ",1
"12250","ZNF576",2
"12251","ZNF221",5
"12252","ZNF230",4
"12253","ZNF284",2
"12254","ZNF233",4
"12255","ZNF112",2
"12256","ZNF285",3
"12257","PVR",2
"12258","CEACAM16",3
"12259","BCL3",3
"12260","APOC2",3
"12261","GEMIN7",1
"12262","ZNF296",2
"12263","EXOC3L2",5
"12264","ERCC2",3
"12265","FOSB",3
"12266","OPA3",2
"12267","SNRPD2",2
"12268","CCDC61",5
"12269","IGFL3",1
"12270","HIF3A",5
"12271","PPP5C",4
"12272","CCDC8",4
"12273","ZC3H4",7
"12274","C5AR1",3
"12275","ZNF541",6
"12276","SELENOW",6
"12277","CABP5",3
"12278","GRIN2D",6
"12279","KCNJ14",3
"12280","LMTK3",6
"12281","NTN5",2
"12282","BCAT2",3
"12283","PERM1",4
"12284","MIR200B",1
"12285","TTLL10",5
"12286","UBE2J2",4
"12287","CCNL2",4
"12288","VWA1",3
"12289","TMEM240",2
"12290","CDK11A",6
"12291","SLC35E2A",5
"12292","TMEM52",5
"12293","FAAP20",1
"12294","MORN1",8
"12295","TPRG1L",4
"12296","WRAP73",3
"12297","RNF207",2
"12298","PARK7",3
"12299","ERRFI1",2
"12300","SLC2A7",5
"12301","CLSTN1",6
"12302","CTNNBIP1",5
"12303","LZIC",1
"12304","FBXO6",2
"12305","MFN2",8
"12306","TNFRSF1B",2
"12307","AADACL3",3
"12308","CFAP107",2
"12309","IRX2",5
"12310","ATPSCKMT",3
"12311","LINC02218",2
"12312","TAF11L2",3
"12313","TAF11L11",2
"12314","TAF11L13",4
"12315","SUB1",4
"12316","C1QTNF3",5
"12317","IL7R",4
"12318","EGFLAM",8
"12319","GZMA",2
"12320","CDC20B",3
"12321","PLPP1",4
"12322","MIER3",4
"12323","PLK2",4
"12324","ELOVL7",4
"12325","ZSWIM6",5
"12326","PPWD1",3
"12327","SREK1",3
"12328","CD180",3
"12329","RNU6-1232P",2
"12330","CCDC125",5
"12331","RPL32",1
"12332","CHCHD4",2
"12333","CMC1",7
"12334","DCTN1",4
"12335","MOGS",2
"12336","DOK1",1
"12337","M1AP",4
"12338","POLE4",3
"12339","POMGNT2",3
"12340","CLEC3B",2
"12341","LZTFL1",3
"12342","CCRL2",3
"12343","DHX30",2
"12344","MAP3K8",3
"12345","ZNF33A",4
"12346","ZNF485",4
"12347","TIMM23",4
"12348","FAM25C",3
"12349","LRRC18",3
"12350","FAM170B",2
"12351","A1CF",5
"12352","KIFBP",2
"12353","HKDC1",5
"12354","CEBPZ",6
"12355","NDUFAF7",4
"12356","ATL2",5
"12357","GALM",2
"12358","SRSF7",4
"12359","PLEKHH2",3
"12360","PPP1R21",5
"12361","STON1",2
"12362","EFEMP1",4
"12363","FAM161A",6
"12364","SLC1A4",2
"12365","CEP68",5
"12366","C1D",2
"12367","PLEK",7
"12368","ARHGAP25",4
"12369","TGFA",7
"12370","TEX261",1
"12371","SMYD5",5
"12372","NAT8",2
"12373","DUSP11",3
"12374","MTHFD2",1
"12375","ZC3H15",6
"12376","ANKAR",7
"12377","NABP1",2
"12378","SUCLG1",2
"12379","TCF7L1",3
"12380","RNF181",2
"12381","GNLY",3
"12382","MRPL35",4
"12383","CD8A",2
"12384","SMYD1",6
"12385","CNNM3",5
"12386","INPP4A",10
"12387","MRPL30",4
"12388","LYG2",4
"12389","LONRF2",7
"12390","CHST10",6
"12391","NMS",5
"12392","NPAS2",6
"12393","RPL31",2
"12394","RNF149",4
"12395","RFX8",6
"12396","IL1RL2",7
"12397","IL18RAP",1
"12398","POU3F3",1
"12399","TGFBRAP1",4
"12400","C2orf49",2
"12401","NCK2",3
"12402","RGPD4",4
"12403","SULT1C3",8
"12404","SULT1C2",3
"12405","SULT1C4",2
"12406","SOWAHC",3
"12407","NT5DC4",4
"12408","IL1A",2
"12409","IL1RN",2
"12410","PAX8",3
"12411","ZNG1B",2
"12412","FOXD4L1",2
"12413","MARCO",4
"12414","TMEM37",3
"12415","TMEM177",3
"12416","EPB41L5",7
"12417","GYPC",3
"12418","RAB6C",2
"12419","POTEF",2
"12420","SPOPL",4
"12421","MMADHC",2
"12422","STAM2",4
"12423","GPD2",5
"12424","IFIH1",4
"12425","DHRS9",2
"12426","PPIG",2
"12427","RNU6-1006P",2
"12428","MAP3K20",4
"12429","CIR1",4
"12430","HOXD8",3
"12431","MTX2",1
"12432","PRKRA",2
"12433","FKBP7",5
"12434","NEUROD1",2
"12435","PPP1R1C",3
"12436","NUP35",7
"12437","ART5",1
"12438","NUP98",7
"12439","SSU72L2",1
"12440","SSU72L3",2
"12441","OR52I1",3
"12442","OR51A4",2
"12443","OR51A2",2
"12444","HBE1",6
"12445","OR52B6",2
"12446","TRIM6-TRIM34",4
"12447","OR56A5",3
"12448","CCKBR",1
"12449","ORC2",2
"12450","HYCC2",4
"12451","STRADB",3
"12452","NOP58",7
"12453","FZD5",2
"12454","IDH1",2
"12455","PTH2R",5
"12456","ACADL",4
"12457","ATIC",3
"12458","RNF169",5
"12459","SPCS2",2
"12460","ARRB1",5
"12461","OMP",1
"12462","NDUFC2",4
"12463","ALG8",3
"12464","FAM181B",2
"12465","ANKRD42",4
"12466","TRIM49C",1
"12467","CHORDC1",3
"12468","CEP295",8
"12469","MED17",2
"12470","SESN3",6
"12471","MAML2",9
"12472","MMP20",3
"12473","MMP27",2
"12474","MMP8",3
"12475","PDGFD",5
"12476","CASP5",3
"12477","CARD16",2
"12478","CARD17P",1
"12479","CARD18",2
"12480","SLN",3
"12481","SLC35F2",3
"12482","POU2AF1",4
"12483","HOATZ",3
"12484","ALG9",6
"12485","FDXACB1",2
"12486","CFAP68",3
"12487","C11orf52",2
"12488","PIH1D2",2
"12489","TMPRSS5",4
"12490","ZW10",1
"12491","BUD13",2
"12492","APOC3",3
"12493","TMEM25",3
"12494","BHLHE40",3
"12495","EDEM1",6
"12496","LMCD1",4
"12497","RAD18",6
"12498","BRPF1",6
"12499","BRSK2",7
"12500","DUSP8",2
"12501","KRTAP5-1",2
"12502","SYT8",7
"12503","TNNI2",2
"12504","C11orf21",2
"12505","TSSC4",2
"12506","CARS1",5
"12507","TLR2",2
"12508","TMEM151A",3
"12509","SSH3",3
"12510","CLCF1",4
"12511","CABP4",2
"12512","TMEM134",3
"12513","NLRP14",8
"12514","OR5P2",2
"12515","TRIM66",8
"12516","C11orf16",4
"12517","RNF141",2
"12518","PFKFB4",5
"12519","WDR6",2
"12520","RNF123",3
"12521","ABHD14B",5
"12522","DCP1A",2
"12523","CHDH",2
"12524","HESX1",3
"12525","APPL1",5
"12526","RPP14",3
"12527","PDHB",3
"12528","EOGT",6
"12529","TYSND1",1
"12530","UNC5B",7
"12531","VSIR",1
"12532","PSAP",6
"12533","MICU1",7
"12534","P4HA1",3
"12535","VCL",7
"12536","FAM25A",2
"12537","RNLS",4
"12538","IFIT5",1
"12539","BTAF1",4
"12540","RBP4",3
"12541","COX15",3
"12542","ABCC2",8
"12543","HIF1AN",5
"12544","LZTS2",4
"12545","SFXN2",2
"12546","PCGF6",1
"12547","STN1",5
"12548","CFAP58",5
"12549","SHOC2",3
"12550","MMP21",5
"12551","ECHS1",4
"12552","MTG1",4
"12553","PSMD13",6
"12554","PGGHG",6
"12555","IFITM2",1
"12556","PHRF1",6
"12557","TALDO1",2
"12558","CEND1",1
"12559","SLC25A22",2
"12560","PIDD1",3
"12561","CHID1",5
"12562","VPS51",4
"12563","SLC25A45",3
"12564","FREM3",4
"12565","MMAA",3
"12566","TTC29",8
"12567","MELTF",7
"12568","FYTTD1",5
"12569","SLC49A3",3
"12570","NICOL1",1
"12571","ACY3",5
"12572","UNC93B1",5
"12573","KMT5B",4
"12574","MRGPRD",1
"12575","MRGPRF",4
"12576","CTTN",5
"12577","INSC",4
"12578","USH1C",11
"12579","SAA1",4
"12580","GTF2H1",6
"12581","TMEM86A",2
"12582","CSRP3",3
"12583","ARL14EP",2
"12584","LDB2",6
"12585","ARAP2",5
"12586","CHRNA9",5
"12587","TMEM33",1
"12588","ATP8A1",8
"12589","YIPF7",5
"12590","COMMD8",4
"12591","TEC",5
"12592","SLAIN2",4
"12593","SLC10A4",2
"12594","USP46",3
"12595","LNX1",6
"12596","KDR",7
"12597","AASDH",5
"12598","STAP1",4
"12599","TMPRSS11A",4
"12600","UGT2B17",2
"12601","MOB1B",2
"12602","AFM",6
"12603","AREG",4
"12604","CDKL2",3
"12605","G3BP2",4
"12606","NAAA",3
"12607","FAM47E",2
"12608","CCNI",2
"12609","CXCL13",5
"12610","CFAP299",6
"12611","THAP9",2
"12612","IBSP",2
"12613","MEPE",5
"12614","PKD2",4
"12615","MMRN1",5
"12616","DAPP1",3
"12617","ENPEP",9
"12618","PITX2",2
"12619","NDST4",8
"12620","SEC24D",5
"12621","BBS7",5
"12622","ANKRD50",3
"12623","SLC25A31",3
"12624","HSPA4L",4
"12625","C4orf33",4
"12626","SAC3D1",1
"12627","FBXO45",5
"12628","GASK1B",1
"12629","SH3RF1",6
"12630","NEK1",6
"12631","CFAP99",4
"12632","INPPL1",5
"12633","PDE2A",7
"12634","SLC6A19",10
"12635","CLPTM1L",11
"12636","TRMU",7
"12637","CHADL",2
"12638","TEF",4
"12639","ACO2",6
"12640","XRCC6",2
"12641","SNU13",6
"12642","CCDC134",2
"12643","SHISA8",1
"12644","CENPM",2
"12645","NAGA",4
"12646","PHETA2",1
"12647","NDUFA6",1
"12648","BIK",3
"12649","MCAT",4
"12650","TTLL12",7
"12651","MPPED1",6
"12652","UPK3A",2
"12653","SAMD7",5
"12654","SLC7A14",6
"12655","TTLL8",6
"12656","TRABD",5
"12657","SELENOO",2
"12658","HDAC10",3
"12659","ATP11B",5
"12660","XXYLT1",7
"12661","MAPK8IP2",4
"12662","RABL2B",5
"12663","EHHADH",7
"12664","TRA2B",5
"12665","RTP4",2
"12666","TPRG1",5
"12667","CEP44",2
"12668","PPP1R2",2
"12669","GAB1",6
"12670","VEPH1",6
"12671","PTX3",2
"12672","SLC66A1LP",4
"12673","GFM1",6
"12674","DHFR2",1
"12675","HMGB2",1
"12676","AGA",4
"12677","STOX2",9
"12678","EIF5A2",6
"12679","TMEM212",2
"12680","ECT2",8
"12681","MRPL47",3
"12682","MITF",2
"12683","S100P",1
"12684","CPZ",7
"12685","TRIML2",3
"12686","PSAPL1",1
"12687","OR5AC2",2
"12688","TBC1D23",5
"12689","TOMM70",3
"12690","HHLA2",3
"12691","C3orf33",6
"12692","SLC33A1",4
"12693","DCUN1D1",5
"12694","ABCF3",3
"12695","RAB6B",4
"12696","ARMC8",4
"12697","FOXL2",1
"12698","USF3",3
"12699","ZDHHC23",1
"12700","POGLUT1",3
"12701","TIMMDC1",3
"12702","EFCAB12",3
"12703","SLC9A9",11
"12704","NEK11",4
"12705","TPPP",7
"12706","TM4SF18",5
"12707","AADACL2",5
"12708","MGAT4D",2
"12709","EEF1AKMT4-ECE2",11
"12710","CLGN",3
"12711","GYG1",4
"12712","PSMD2",9
"12713","RBPMS2",2
"12714","POLR1D",2
"12715","MMS22L",9
"12716","BDH1",5
"12717","GAS2",4
"12718","FABP7",5
"12719","ANKRD60",4
"12720","RCCD1",4
"12721","EPPIN-WFDC6",1
"12722","RNASEH2A",3
"12723","EPHX1",2
"12724","QPCTL",3
"12725","TMX3",2
"12726","CALHM5",3
"12727","C2CD5",6
"12728","USE1",2
"12729","ENPP7",5
"12730","TUBB8B",6
"12731","ECSCR",2
"12732","SLC35A4",2
"12733","CBLN2",2
"12734","MIER2",5
"12735","SCCPDH",4
"12736","NIPAL1",2
"12737","TDP1",3
"12738","ZNF431",4
"12739","SLC4A9",5
"12740","LMNB2",3
"12741","OR3A3",4
"12742","METTL22",9
"12743","PRELID3A",1
"12744","STXBP2",4
"12745","SETD9",3
"12746","SPATA22",1
"12747","ZIC5",3
"12748","VSIG1",2
"12749","TNFRSF18",2
"12750","PRAMEF11",3
"12751","DHX33",3
"12752","RUSF1",4
"12753","TSSK4",5
"12754","PCYT2",7
"12755","CSNK2A2",2
"12756","CLEC18B",4
"12757","PRDM7",4
"12758","MAP1LC3B",2
"12759","RASD2",2
"12760","MIR411",3
"12761","PIK3R2",3
"12762","PTK2B",5
"12763","MS4A10",2
"12764","DNAJC4",1
"12765","OSBPL8",7
"12766","RAB8B",4
"12767","TIMP2",3
"12768","RIPOR1",3
"12769","SHC2",4
"12770","COL2A1",11
"12771","PIGF",1
"12772","PPP3R1",1
"12773","FBXO17",5
"12774","ARHGEF33",6
"12775","COPS2",1
"12776","SCG3",6
"12777","GNB5",4
"12778","BNIP2",4
"12779","ZNF814",1
"12780","UBOX5",3
"12781","COX4I2",3
"12782","PLAAT4",3
"12783","KCTD16",3
"12784","SOD1",4
"12785","RBM5",1
"12786","PCDHA11",4
"12787","ZDHHC7",4
"12788","C17orf107",2
"12789","KRT31",2
"12790","TSEN2",2
"12791","SLC16A11",1
"12792","INHBE",1
"12793","SYT5",4
"12794","S100A7A",3
"12795","PLBD2",4
"12796","LRRC45",3
"12797","LPAR3",4
"12798","PEAK3",3
"12799","COA4",5
"12800","CRYAB",1
"12801","DNER",3
"12802","S100B",1
"12803","CKM",2
"12804","ELF2",5
"12805","RPN1",4
"12806","KLHL5",5
"12807","PCDHGA6",5
"12808","H3C10",6
"12809","LRRC10",3
"12810","RBBP4",3
"12811","PSME2",1
"12812","PGBD4",1
"12813","RRM2",2
"12814","SCRN3",4
"12815","TRMT10C",1
"12816","NME5",2
"12817","MAOB",2
"12818","TLX3",1
"12819","HDGFL1",1
"12820","GAS6",5
"12821","KLHL33",4
"12822","PIP4P1",3
"12823","CDH24",3
"12824","PABPN1",4
"12825","TINF2",6
"12826","TRAM1",3
"12827","GFM2",6
"12828","ZNF2",3
"12829","ARHGAP15",7
"12830","TFB2M",5
"12831","ZNF496",4
"12832","TRIL",1
"12833","C8orf58",1
"12834","TGM4",3
"12835","FAM83G",7
"12836","RHOV",2
"12837","PODXL",7
"12838","SKAP1",5
"12839","CD6",4
"12840","PLAAT3",3
"12841","TIGD3",1
"12842","ALOX5",10
"12843","SLC34A2",3
"12844","SCFD2",5
"12845","OR6M1",1
"12846","KCNA6",1
"12847","PCDHA3",3
"12848","ZNF705A",3
"12849","TAS2R8",2
"12850","ART4",4
"12851","LMO3",4
"12852","RERGL",2
"12853","EMCN",4
"12854","NAF1",4
"12855","BOP1",5
"12856","RCL1",9
"12857","PLIN2",3
"12858","RNF38",4
"12859","EXOSC3",2
"12860","SPATA31A6",6
"12861","PRDM12",2
"12862","CYP2E1",4
"12863","HSD17B12",7
"12864","MMAB",2
"12865","C14orf28",1
"12866","TBX15",6
"12867","PRKAB2",4
"12868","CLEC6A",4
"12869","LCE3D",3
"12870","LCE3A",1
"12871","SPRR2G",2
"12872","NR1I3",4
"12873","OR2A14",3
"12874","IFNA13",1
"12875","SSX1",3
"12876","HDAC8",3
"12877","MAML3",6
"12878","SPN",5
"12879","NPIPB11",3
"12880","ZBTB8OS",2
"12881","AHCYL1",3
"12882","OIT3",4
"12883","DUSP13B",4
"12884","HGD",8
"12885","EXOSC10",4
"12886","PCDHGA2",3
"12887","PEX12",1
"12888","IRF2",3
"12889","IL17B",3
"12890","RABL3",5
"12891","FAM162A",1
"12892","PARP14",5
"12893","STAG1",5
"12894","MOB3C",3
"12895","CRNN",2
"12896","OR51T1",1
"12897","NXPE2",5
"12898","SLC9B2",7
"12899","ETNPPL",7
"12900","MLXIPL",4
"12901","F2",4
"12902","PLGRKT",6
"12903","ARMC5",5
"12904","CRLF3",2
"12905","PCDHB8",3
"12906","MIR1205",2
"12907","HAX1",2
"12908","CREG2",3
"12909","HS6ST1",4
"12910","CTDSPL",5
"12911","WDR5B",1
"12912","THPO",1
"12913","ELL2",3
"12914","TPH1",6
"12915","TENT4A",6
"12916","CXXC5",2
"12917","C20orf96",3
"12918","CTH",4
"12919","CC2D1B",7
"12920","PRPF38A",5
"12921","OPALIN",1
"12922","IFITM3",2
"12923","SNN",2
"12924","ESPNL",5
"12925","PMPCA",4
"12926","DDX3X",4
"12927","BZW2",3
"12928","TOMM7",2
"12929","CA2",3
"12930","CCL16",1
"12931","SH2B2",5
"12932","NAMPT",4
"12933","ASZ1",3
"12934","CALU",3
"12935","KLHDC10",2
"12936","TAS2R5",2
"12937","AKAP3",4
"12938","SLC9A1",2
"12939","ETFDH",2
"12940","UNC119B",4
"12941","BHMT",5
"12942","SPMIP10",1
"12943","IL9",1
"12944","PKD2L2",1
"12945","NRG2",5
"12946","SRA1",1
"12947","PCDHB13",5
"12948","EEF1E1",3
"12949","H2AC6",4
"12950","NEU1",2
"12951","SEC23IP",4
"12952","ANAPC2",5
"12953","FZD9",1
"12954","BAZ1B",8
"12955","ITIH4",4
"12956","DESI1",5
"12957","CHMP2B",2
"12958","LDLRAD2",2
"12959","ANXA8",2
"12960","SYT13",2
"12961","DUSP26",1
"12962","ASB1",3
"12963","CHRND",3
"12964","AGGF1",3
"12965","YTHDC2",4
"12966","SLC34A3",3
"12967","MVK",2
"12968","MRPS2",2
"12969","SNORA48B",2
"12970","TASL",1
"12971","CHST7",1
"12972","CXCR3",1
"12973","DCX",2
"12974","AGTR2",4
"12975","SMIM10L2B",1
"12976","MIR891B",1
"12977","DCDC2B",4
"12978","PLCL1",5
"12979","ACKR3",1
"12980","SEPTIN2",4
"12981","RAB18",3
"12982","AFF4",9
"12983","RAMP3",3
"12984","RGS10",5
"12985","TRAPPC14",4
"12986","HDHD3",1
"12987","NCOA2",6
"12988","GGT6",1
"12989","GGH",4
"12990","ZFAND1",4
"12991","MPLKIP",3
"12992","USP21",4
"12993","RPS8",1
"12994","TSPAN1",2
"12995","AMER3",4
"12996","TUBA3D",2
"12997","UBE2E3",5
"12998","HELZ2",10
"12999","LCN15",3
"13000","USP11",4
"13001","FRMD7",1
"13002","AKR1C8",4
"13003","FBXO32",5
"13004","C10orf53",2
"13005","PNPLA2",3
"13006","TAC1",2
"13007","U2AF2",6
"13008","ATRN",6
"13009","PTGFR",4
"13010","TAF13",4
"13011","TRIM63",5
"13012","MEAF6",2
"13013","RHOC",2
"13014","GSTM1",2
"13015","LMO1",4
"13016","DEPDC7",3
"13017","CCDC34",2
"13018","NECAB3",2
"13019","CBFA2T2",7
"13020","RNU1-131P",1
"13021","TBC1D20",2
"13022","C20orf202",1
"13023","TCF15",1
"13024","SNPH",3
"13025","INTS6L",4
"13026","SPANXN1",3
"13027","CDIPT",3
"13028","ZNF268",6
"13029","RPL21",2
"13030","ABRAXAS2",4
"13031","HPRT1",4
"13032","RTL8B",2
"13033","NXNL1",4
"13034","NDUFAF5",2
"13035","ZNF689",1
"13036","ASB18",3
"13037","COPS8",2
"13038","ZNF48",4
"13039","ZNF771",1
"13040","CHFR",5
"13041","ZNF84",5
"13042","CALR3",3
"13043","OTOS",2
"13044","GPR35",2
"13045","IDH3B",1
"13046","HAO1",5
"13047","DEFB129",4
"13048","WFDC10A",2
"13049","WFDC13",2
"13050","WFDC3",1
"13051","OR51G2",2
"13052","OR51L1",3
"13053","OR51V1",2
"13054","EARS2",4
"13055","TBC1D10B",5
"13056","OR10T2",3
"13057","OGFOD1",1
"13058","UGT1A10",5
"13059","PDCD1",1
"13060","ZMYM5",2
"13061","ORMDL1",2
"13062","C2orf88",2
"13063","CAVIN2",2
"13064","ZNF668",4
"13065","FAM171B",1
"13066","SALL1",4
"13067","SPEF1",1
"13068","TENT4B",4
"13069","SERPINE2",3
"13070","PLEKHA3",1
"13071","EFHD1",2
"13072","HMX3",2
"13073","BLCAP",5
"13074","IGFBP2",2
"13075","CHP2",4
"13076","IL27",3
"13077","TRIM68",1
"13078","LTB",3
"13079","APOM",1
"13080","HBB",2
"13081","AKTIP",1
"13082","RPGRIP1L",8
"13083","PRNP",1
"13084","TMEM230",2
"13085","GPCPD1",4
"13086","ZNF737",3
"13087","RNF126",6
"13088","PRTN3",3
"13089","WDR18",3
"13090","H2AC25",1
"13091","RHOU",4
"13092","ACTA1",3
"13093","RIN2",6
"13094","N4BP1",4
"13095","TTL",2
"13096","IL1B",1
"13097","IL36B",3
"13098","CASKIN1",7
"13099","E4F1",2
"13100","CHN1",3
"13101","RPL27A",1
"13102","NRIP3",2
"13103","ARMS2",1
"13104","TMEM238",2
"13105","RPL28",3
"13106","ZNF583",3
"13107","ZNF460",3
"13108","ZIK1",4
"13109","SH3YL1",1
"13110","ACP1",2
"13111","SNTG2",6
"13112","ZC3H8",1
"13113","SPC24",1
"13114","XIAP",5
"13115","HACD1",3
"13116","ZSWIM3",3
"13117","PCIF1",1
"13118","TAPBP",3
"13119","ILK",2
"13120","TPP1",2
"13121","FAM3A",3
"13122","MED26",3
"13123","TMEM38A",2
"13124","TMEM127",2
"13125","LMAN2L",6
"13126","CNNM4",4
"13127","ANKRD39",4
"13128","NR2F6",3
"13129","LIPT1",2
"13130","SLC9A4",6
"13131","SH3RF3",8
"13132","LRRC25",2
"13133","PBX4",4
"13134","HAPLN2",1
"13135","MRPL24",4
"13136","SH2D2A",1
"13137","POTEI",2
"13138","GPR148",2
"13139","POTEE",2
"13140","MZT2A",1
"13141","MIR663B",3
"13142","GARRE1",3
"13143","OR7D4",4
"13144","ZNF699",3
"13145","STK26",2
"13146","WFDC8",3
"13147","STK39",8
"13148","UBE2C",2
"13149","SSB",3
"13150","METTL5",2
"13151","DYNC1I2",4
"13152","SP9",2
"13153","NDUFB8",1
"13154","EVX2",2
"13155","AS3MT",2
"13156","NEURL1",2
"13157","SH3PXD2A",7
"13158","SLK",8
"13159","CCDC141",3
"13160","GSTO1",3
"13161","MSLNL",3
"13162","RPUSD1",4
"13163","C1QTNF8",2
"13164","NIF3L1",3
"13165","CD28",1
"13166","ICOS",2
"13167","SLC16A6",2
"13168","CD300E",2
"13169","TMEM94",6
"13170","NPS",1
"13171","TMEM201",4
"13172","VENTX",3
"13173","TSPAN32",2
"13174","TRPM5",3
"13175","SLC22A18",5
"13176","ZNF195",2
"13177","RHOG",1
"13178","OR2B6",3
"13179","OR10C1",2
"13180","MICB",3
"13181","AGER",4
"13182","OR52N1",1
"13183","OR52E5",3
"13184","APBB1",5
"13185","ARFIP2",2
"13186","OR2D2",3
"13187","SPMAP2",4
"13188","CDC34",1
"13189","SBF2",11
"13190","EIF4G2",6
"13191","ZBED5",2
"13192","PSMA1",3
"13193","PDE3B",4
"13194","C11orf58",2
"13195","SSTR4",2
"13196","NAPB",2
"13197","CSTL1",1
"13198","CST9L",1
"13199","RNU1-23P",1
"13200","CST7",3
"13201","ABHD12",2
"13202","MIR663A",1
"13203","DEFB119",2
"13204","DEFB124",1
"13205","XKR7",5
"13206","POFUT1",3
"13207","DEF8",4
"13208","DBNDD1",4
"13209","YWHAE",3
"13210","CRK",2
"13211","PITPNA",4
"13212","HIC1",1
"13213","PAFAH1B1",3
"13214","OR1A2",2
"13215","IFITM1",2
"13216","SCIMP",3
"13217","XAF1",2
"13218","C17orf49",2
"13219","SLC16A13",1
"13220","CLEC10A",2
"13221","ASGR1",2
"13222","PHF23",3
"13223","SLC2A4",2
"13224","KCTD11",1
"13225","TMEM95",1
"13226","PLSCR3",1
"13227","POLR2A",5
"13228","TNFSF12-TNFSF13",1
"13229","SLC25A35",1
"13230","OR2AG1",2
"13231","OR10A5",3
"13232","TRIM16L",2
"13233","EPN2",6
"13234","SLC13A2",3
"13235","FOXN1",4
"13236","UNC119",3
"13237","SPAG5",6
"13238","SLC35F5",4
"13239","STEAP3",3
"13240","CFAP221",10
"13241","MAP3K2",2
"13242","IWS1",3
"13243","RDM1",3
"13244","LYZL6",1
"13245","CCL23",2
"13246","CCL3L3",4
"13247","CCL3L1",4
"13248","TBC1D3H",2
"13249","GGNBP2",1
"13250","EPOP",4
"13251","CISD3",1
"13252","PCGF2",4
"13253","CWC25",4
"13254","FBXO47",1
"13255","GSDMA",5
"13256","CDC6",5
"13257","ZNF302",2
"13258","SBSN",2
"13259","ZNF562",2
"13260","GPR183",1
"13261","GGACT",3
"13262","MARCHF7",3
"13263","CCNJ",1
"13264","DNTT",3
"13265","MORN4",1
"13266","MARVELD1",2
"13267","ERLIN1",3
"13268","BLOC1S2",1
"13269","TWNK",2
"13270","ZNF70",2
"13271","LRRC75B",1
"13272","CRYBB3",2
"13273","SMC3",4
"13274","TPSG1",5
"13275","NME3",1
"13276","GPRIN1",1
"13277","SNCB",2
"13278","HK3",4
"13279","ZNF354A",4
"13280","SERPINB9",3
"13281","TUBB2B",2
"13282","FAM217A",6
"13283","MASP2",2
"13284","NPPB",3
"13285","PRAMEF2",4
"13286","EFHD2",5
"13287","NECAP2",2
"13288","OR14J1",1
"13289","PLA2G2D",4
"13290","MIR4418",1
"13291","STMN1",4
"13292","TAP2",5
"13293","YTHDF2",2
"13294","NTS",2
"13295","TINAGL1",3
"13296","MT1X",1
"13297","CPNE2",4
"13298","GUCA2B",1
"13299","GUCA2A",2
"13300","TMEM125",2
"13301","CYP4A22",3
"13302","ECHDC2",2
"13303","TMEM61",3
"13304","PLPP3",3
"13305","TACSTD2",1
"13306","TM2D1",5
"13307","PIGK",3
"13308","KLHL18",3
"13309","SCAP",2
"13310","SLC35A3",3
"13311","MFSD14A",3
"13312","DPH5",3
"13313","CIMAP3",2
"13314","RAP1A",6
"13315","WNT2B",2
"13316","ST7L",2
"13317","TSHB",1
"13318","SLC22A15",3
"13319","FAM72B",2
"13320","RNVU1-23",1
"13321","RNU1-143P",1
"13322","PIAS3",4
"13323","ANKRD35",6
"13324","RBM8A",3
"13325","PPIAL4H",1
"13326","ACP6",5
"13327","MFSD6L",2
"13328","RCVRN",1
"13329","RNU7-144P",2
"13330","VPS45",6
"13331","ECM1",2
"13332","OR5K1",3
"13333","PSMD4",2
"13334","TUFT1",3
"13335","S100A11",3
"13336","LCE3C",1
"13337","LCE3B",1
"13338","LCE1E",2
"13339","LCE1A",2
"13340","SPRR4",1
"13341","SPRR1A",2
"13342","SPRR3",1
"13343","SPRR1B",2
"13344","PGLYRP3",1
"13345","S100A6",2
"13346","S100A5",2
"13347","S100A3",3
"13348","S100A4",1
"13349","S100A2",3
"13350","SLC39A1",4
"13351","ZBTB7B",3
"13352","SYT11",2
"13353","KHDC4",3
"13354","CSNK1A1L",3
"13355","UFM1",3
"13356","NAA16",4
"13357","FAM216B",1
"13358","CPB2",3
"13359","CAB39L",3
"13360","EBPL",3
"13361","RNASEH2B",6
"13362","ALG11",1
"13363","NEK5",2
"13364","NEK3",2
"13365","THSD1",3
"13366","CNMD",4
"13367","TDRD3",3
"13368","FCER1A",4
"13369","PIGM",3
"13370","PEA15",3
"13371","PFDN2",1
"13372","PCP4L1",3
"13373","SDHC",2
"13374","CCDC190",3
"13375","BLZF1",1
"13376","SELL",5
"13377","SELE",4
"13378","TNFSF4",1
"13379","PRDX6",1
"13380","KLHL20",2
"13381","CACYBP",1
"13382","TOR3A",2
"13383","GFRA1",2
"13384","PNLIP",3
"13385","PNLIPRP1",4
"13386","HSPA12A",6
"13387","ENO4",2
"13388","KCNK18",5
"13389","ISX",3
"13390","MIR6859-1",2
"13391","ISG15",2
"13392","B3GALT6",2
"13393","C1QTNF12",5
"13394","RACK1",3
"13395","SPSB1",5
"13396","SLC25A33",3
"13397","SMIM45",2
"13398","ZSWIM9",2
"13399","ZNF114",2
"13400","DBP",2
"13401","PPP1R15A",2
"13402","KCNA7",3
"13403","HRC",1
"13404","DKKL1",3
"13405","RCN3",3
"13406","PTPRQ",5
"13407","TSPAN19",3
"13408","CCDC28B",1
"13409","S100PBP",5
"13410","C1orf94",4
"13411","GJB4",2
"13412","SF3A3",7
"13413","ENAH",8
"13414","MIXL1",2
"13415","WNT9A",2
"13416","SDCCAG8",7
"13417","COX20",2
"13418","ZNF669",3
"13419","ZNF124",5
"13420","MIR3916",3
"13421","OR2W3",3
"13422","OR2G6",2
"13423","SH3BP5L",4
"13424","IDI1",1
"13425","RNU6-889P",2
"13426","AKR1C3",4
"13427","NUDT5",4
"13428","FAM107B",6
"13429","TRDMT1",7
"13430","RNVU1-21",1
"13431","RNVU1-3",1
"13432","BOLA1",1
"13433","BMP10",3
"13434","MTPAP",6
"13435","NPY4R",1
"13436","FAM25G",1
"13437","MAPK8",2
"13438","ZNF623",7
"13439","ASAH2B",2
"13440","RTKN2",6
"13441","VPS26A",3
"13442","ARL5A",1
"13443","GALNT13",6
"13444","IDE",6
"13445","CYP26A1",2
"13446","FRA10AC1",2
"13447","ISG20",2
"13448","WDR93",5
"13449","AP3S2",2
"13450","ARPIN",3
"13451","FES",1
"13452","ARRDC4",2
"13453","CERS3",5
"13454","TM2D3",2
"13455","GTPBP6",4
"13456","SLC25A6",3
"13457","AKAP17A",1
"13458","KREMEN1",3
"13459","RFPL1",2
"13460","TBC1D10A",3
"13461","SEC14L4",3
"13462","SLC35E4",3
"13463","GLRA2",5
"13464","FANCB",3
"13465","MOSPD2",4
"13466","PIGA",1
"13467","BMX",4
"13468","ACE2",4
"13469","ZRSR2",2
"13470","SYAP1",2
"13471","GREP1",3
"13472","NAA60",4
"13473","SLX4",6
"13474","GLIS2",1
"13475","C16orf96",4
"13476","SEPTIN12",3
"13477","GLYR1",6
"13478","MIR6511A3",4
"13479","IQCK",2
"13480","UMOD",2
"13481","PDILT",5
"13482","ACSM5",3
"13483","LDAF1",1
"13484","CRYM",2
"13485","GUCY2F",5
"13486","RTL9",5
"13487","SLC6A14",3
"13488","LONRF3",3
"13489","STEEP1",4
"13490","TMEM255A",3
"13491","ATP1B4",4
"13492","H4C9",1
"13493","ZNF184",1
"13494","GLIPR1L1",2
"13495","PHLDA1",2
"13496","RCOR3",2
"13497","NENF",3
"13498","TATDN3",3
"13499","VASH2",3
"13500","ANGEL2",3
"13501","ARL2BP",3
"13502","CCL17",2
"13503","CTCF",7
"13504","PSKH1",1
"13505","SLC7A6",3
"13506","CDH1",7
"13507","BCAR1",5
"13508","CFDP1",5
"13509","CHST6",2
"13510","TMEM231",2
"13511","C16orf46",1
"13512","GAN",4
"13513","OSGIN1",4
"13514","KIAA0513",3
"13515","CDH15",5
"13516","HARBI1",1
"13517","SPI1",2
"13518","OR4B1",1
"13519","OR4S1",1
"13520","OR5B12",2
"13521","ASRGL1",3
"13522","SPINDOC",2
"13523","AP5B1",1
"13524","SNX32",5
"13525","CTSW",1
"13526","ZDHHC24",2
"13527","CCDC87",3
"13528","RBM4",1
"13529","GRK2",3
"13530","DHX35",5
"13531","EMILIN3",3
"13532","CHD6",9
"13533","IFT52",1
"13534","GTSF1L",1
"13535","TTPAL",2
"13536","KCNK15",1
"13537","WFDC12",2
"13538","SLPI",2
"13539","TPBGL",2
"13540","GDPD5",8
"13541","MAP6",3
"13542","TMEM123",3
"13543","ZC3H12C",2
"13544","SMIM35",1
"13545","CDRT15",1
"13546","PMP22",1
"13547","TVP23C",1
"13548","ZNF287",3
"13549","CCDC144A",2
"13550","VAPB",2
"13551","NPEPL1",5
"13552","FAM217B",2
"13553","MTG2",3
"13554","CHRNA4",3
"13555","EEF1A2",4
"13556","LIME1",1
"13557","SLC2A4RG",4
"13558","OPRL1",3
"13559","PCMTD2",3
"13560","ATP5PF",1
"13561","MAP3K7CL",1
"13562","KRTAP23-1",1
"13563","KRTAP20-1",1
"13564","OLIG2",2
"13565","MRPS6",2
"13566","ETS2",2
"13567","RIPK4",4
"13568","TFF1",1
"13569","ARL6IP6",1
"13570","GATD3",1
"13571","KRTAP10-12",1
"13572","UBE2G2",1
"13573","CCT8L2",2
"13574","USP18",2
"13575","DGCR2",6
"13576","GNB1L",3
"13577","ZDHHC8",2
"13578","ZNF74",4
"13579","UBE2L3",5
"13580","CCDC116",2
"13581","NME1-NME2",3
"13582","SLC38A4",5
"13583","PCED1B",1
"13584","OR10AD1",2
"13585","ZNF641",2
"13586","OR8S1",2
"13587","RHEBL1",5
"13588","PRPH",4
"13589","PRKX",5
"13590","KRT73",2
"13591","EIF4B",2
"13592","TNS2",9
"13593","IGFBP6",2
"13594","CSAD",4
"13595","SP1",2
"13596","CALCOCO1",2
"13597","HOXC6",2
"13598","HOXC5",1
"13599","GPR84",2
"13600","ZNF385A",1
"13601","PPP1R1A",5
"13602","LACRT",3
"13603","OR6C3",4
"13604","OR6C2",2
"13605","OR6C4",1
"13606","OR2AP1",2
"13607","RDH5",3
"13608","SARNP",2
"13609","NDUFA4L2",2
"13610","ARHGEF25",2
"13611","TSFM",2
"13612","RXYLT1",2
"13613","KICS2",2
"13614","LYZ",1
"13615","FRS2",4
"13616","CCDC68",4
"13617","FECH",3
"13618","KLK1",6
"13619","ESRRG",8
"13620","LYPLAL1",3
"13621","RNU6-148P",2
"13622","EPYC",2
"13623","CLLU1-AS1",3
"13624","UBE2N",4
"13625","USP44",5
"13626","HAL",5
"13627","NEDD1",6
"13628","SLC17A8",3
"13629","C12orf42",3
"13630","POLR3B",4
"13631","CRY1",1
"13632","ISCU",2
"13633","UNG",2
"13634","GIT2",6
"13635","ANKRD13A",4
"13636","MYL2",2
"13637","TMEM116",5
"13638","OAS1",2
"13639","RBM19",7
"13640","FBXW8",4
"13641","PRKAB1",1
"13642","GCN1",9
"13643","PLA2G1B",5
"13644","B3GNT4",5
"13645","HCAR2",2
"13646","HCAR3",2
"13647","ABCB9",5
"13648","DDX55",3
"13649","UBC",3
"13650","GLT1D1",6
"13651","PIWIL1",2
"13652","PUS1",5
"13653","P2RX2",2
"13654","PAXIP1",5
"13655","LMBR1",4
"13656","POMP",4
"13657","N4BP2L1",2
"13658","CCNA1",2
"13659","TRPC1",5
"13660","CPB1",5
"13661","MME",7
"13662","FBXL3",3
"13663","SLAIN1",2
"13664","EDNRB",4
"13665","POU4F1",2
"13666","CHRNB3",1
"13667","CHRNA6",3
"13668","RNF170",2
"13669","HGSNAT",5
"13670","LIG4",2
"13671","OR4K1",1
"13672","OR4N5",3
"13673","OR11G2",3
"13674","EDDM3B",1
"13675","NDRG2",3
"13676","OR5AU1",4
"13677","PSMB5",2
"13678","HOMEZ",2
"13679","ZFHX2",4
"13680","TGM1",8
"13681","NYNRIN",4
"13682","GZMH",4
"13683","FOXG1",3
"13684","LARP4",5
"13685","CELA1",6
"13686","ARPC5",2
"13687","RGS13",3
"13688","GLRX2",2
"13689","CFHR2",3
"13690","GDF11",1
"13691","ERBB3",4
"13692","PA2G4",1
"13693","RNF41",2
"13694","CNPY2",2
"13695","MYO1A",4
"13696","ELF3",4
"13697","ARL8A",1
"13698","CABS1",1
"13699","REN",4
"13700","RHEX",3
"13701","AVPR1B",1
"13702","EIF2D",1
"13703","DYRK3",1
"13704","CNOT6L",7
"13705","ZSCAN30",2
"13706","RIT2",4
"13707","SETBP1",7
"13708","NAPSA",1
"13709","NR1H2",3
"13710","JOSD2",3
"13711","GPR32",1
"13712","ACP4",2
"13713","MED18",1
"13714","KLK4",1
"13715","SIGLEC9",6
"13716","RELCH",2
"13717","SERPINB13",4
"13718","SERPINB4",3
"13719","C1orf115",2
"13720","SERPINA3",2
"13721","DICER1",6
"13722","HHIPL1",7
"13723","BEGAIN",4
"13724","DLK1",5
"13725","SNORD114-2",2
"13726","SNORD114-3",1
"13727","SNORD114-11",1
"13728","ZFYVE21",4
"13729","GOLGA6L6",2
"13730","GOLGA8S",6
"13731","NPAP1",2
"13732","SNORD116-6",2
"13733","SNORD116-10",3
"13734","SNORD115-4",1
"13735","SNORD115-16",3
"13736","SNORD115-25",1
"13737","SNORD115-29",3
"13738","SNORD115-36",1
"13739","SNORD115-43",2
"13740","SNORD109B",2
"13741","GOLGA8R",1
"13742","SCG5",3
"13743","NOP10",1
"13744","ZNF770",2
"13745","RASGRP1",4
"13746","GPR176",2
"13747","RPUSD2",1
"13748","SPINT1",5
"13749","PRTFDC1",2
"13750","PUSL1",2
"13751","TMEM26",2
"13752","NUTM2B",2
"13753","OR5P3",1
"13754","LRRC55",2
"13755","TAS2R43",5
"13756","FOXN4",4
"13757","ZNF891",2
"13758","ZSCAN29",1
"13759","YBX2",1
"13760","SLC35G3",1
"13761","KRTAP4-5",5
"13762","ABHD17A",4
"13763","ZNF526",2
"13764","KRCC1",2
"13765","RIMBP3B",1
"13766","TRIM31",2
"13767","TAF6",2
"13768","CENPH",1
"13769","ZBED3",1
"13770","SCAMP1",4
"13771","ATG10",3
"13772","HAPLN1",1
"13773","CCNH",1
"13774","CETN3",2
"13775","GPR150",1
"13776","SAR1A",4
"13777","PPA1",4
"13778","DYDC1",3
"13779","IL5",2
"13780","ANKRD22",5
"13781","KIF20A",1
"13782","FAM53C",3
"13783","PCGF5",3
"13784","PPP1R3C",3
"13785","WHAMM",1
"13786","TM6SF1",2
"13787","MRPL46",1
"13788","MRPS11",3
"13789","MIR7-2",2
"13790","HDAC3",1
"13791","YIPF5",2
"13792","STK32A",5
"13793","SH3TC2",6
"13794","CSNK1A1",3
"13795","CAMK2A",4
"13796","ARSI",2
"13797","CD74",1
"13798","HBM",2
"13799","RGS11",2
"13800","FNDC9",3
"13801","MAT2B",2
"13802","NEURL1B",2
"13803","RNU6-500P",1
"13804","BOD1",3
"13805","C5orf47",1
"13806","NSG2",3
"13807","HRH2",2
"13808","CLTB",1
"13809","FAF2",3
"13810","DDX53",4
"13811","SYTL5",2
"13812","TSPAN7",5
"13813","CDK16",3
"13814","CFP",2
"13815","RNU6-707P",4
"13816","FTSJ1",3
"13817","TBC1D25",3
"13818","WDR13",2
"13819","SHROOM4",3
"13820","SSX2B",2
"13821","PAGE2B",3
"13822","PAGE2",4
"13823","AMER1",3
"13824","EDA2R",4
"13825","AWAT1",3
"13826","RTL5",1
"13827","POU3F4",1
"13828","CHM",5
"13829","NAP1L3",2
"13830","MIR548M",1
"13831","SIRT5",8
"13832","NOL7",2
"13833","NHLRC1",2
"13834","RNU6-263P",1
"13835","H4C2",2
"13836","H2BC8",2
"13837","BTN2A2",6
"13838","TAF4B",7
"13839","PRR12",4
"13840","IL4I1",1
"13841","OXTR",2
"13842","THUMPD3",2
"13843","WDTC1",4
"13844","EYA3",4
"13845","SEC13",4
"13846","MIR8074",4
"13847","CLDND2",6
"13848","CCDC174",3
"13849","KLHDC3",2
"13850","LRRC73",2
"13851","POLR1C",2
"13852","GTPBP2",3
"13853","MRPS18A",1
"13854","CRISP1",3
"13855","ELOVL5",3
"13856","MYOD1",4
"13857","KCNC1",3
"13858","SAA4",1
"13859","LDHC",4
"13860","EIF3M",2
"13861","EHF",4
"13862","APIP",3
"13863","UFL1",5
"13864","FAXC",5
"13865","COQ3",3
"13866","PRDM13",2
"13867","MCHR2",3
"13868","GLTPD2",2
"13869","PFN1",1
"13870","ENO3",3
"13871","ZNF705EP",4
"13872","P2RY6",4
"13873","MRPL48",5
"13874","THEMIS",2
"13875","CCN2",1
"13876","STX7",1
"13877","TAAR6",2
"13878","OAF",1
"13879","OR8B8",2
"13880","BARX2",1
"13881","JAM3",3
"13882","COPRS",2
"13883","CCL8",1
"13884","NLE1",5
"13885","GAS2L2",3
"13886","C17orf50",1
"13887","TTLL2",2
"13888","APOBEC1",2
"13889","NECAP1",2
"13890","CLECL1P",4
"13891","CLEC12B",2
"13892","YBX3",3
"13893","TAS2R13",1
"13894","PRH2",5
"13895","PRB2",4
"13896","KRTAP9-3",1
"13897","KRT9",2
"13898","HCRT",2
"13899","GHDC",2
"13900","STAT5A",3
"13901","BECN1",4
"13902","RUNDC1",2
"13903","DUSP3",1
"13904","NAGS",5
"13905","G6PC3",2
"13906","KIF18B",3
"13907","SPPL2C",2
"13908","LRRC37A",1
"13909","ARL17A",1
"13910","EFCAB13",2
"13911","TBX21",1
"13912","SCRN2",1
"13913","NFE2L1",2
"13914","IGF2BP1",4
"13915","SLC35B1",2
"13916","LRRC59",2
"13917","TOM1L1",5
"13918","OR4D2",3
"13919","TACO1",3
"13920","LIMD2",1
"13921","CSH2",3
"13922","CSHL1",4
"13923","ZNF727",5
"13924","SSTR3",4
"13925","MFNG",1
"13926","DMC1",6
"13927","CBY1",2
"13928","GTPBP1",3
"13929","CBX6",3
"13930","PDGFB",3
"13931","NPLOC4",6
"13932","MYADML2",2
"13933","DUS1L",2
"13934","UTS2R",3
"13935","EMILIN2",3
"13936","UGT2B10",5
"13937","TUBB6",1
"13938","MC2R",3
"13939","ROCK1",5
"13940","CPM",2
"13941","HRH4",3
"13942","IFT43",4
"13943","SUMF1",4
"13944","PLAC8",2
"13945","HPSE",5
"13946","GPAT3",3
"13947","AGFG2",3
"13948","RAF1",5
"13949","NKG7",1
"13950","ZNF577",3
"13951","MRPS25",2
"13952","EAF1",3
"13953","HACL1",5
"13954","DAZL",6
"13955","NGLY1",8
"13956","SPPL2B",4
"13957","SGTA",3
"13958","ZNF57",3
"13959","TLE5",1
"13960","SMIM24",1
"13961","SIRT6",1
"13962","UBXN6",1
"13963","ZNRF4",3
"13964","RPL36",1
"13965","MLLT1",4
"13966","ACER1",4
"13967","TNFSF9",1
"13968","TNFSF14",3
"13969","PEX11G",2
"13970","SAXO5",3
"13971","MCOLN1",4
"13972","RETN",4
"13973","LRRC8E",3
"13974","CD320",2
"13975","MARCHF2",3
"13976","CAMKV",2
"13977","GNAI2",3
"13978","IFRD2",4
"13979","HYAL3",1
"13980","NAA80",1
"13981","HEMK1",2
"13982","TEX264",2
"13983","GRM2",2
"13984","ZNF441",2
"13985","ZNF439",2
"13986","ZNF625",1
"13987","DDX39A",1
"13988","RASAL3",6
"13989","PGLYRP2",3
"13990","CYP4F2",8
"13991","TPM4",6
"13992","PLCXD2",4
"13993","BTLA",3
"13994","SLC35A5",3
"13995","CCDC80",2
"13996","GTPBP8",2
"13997","ARHGAP31",7
"13998","TMCC1",2
"13999","ACP3",2
"14000","SRPRB",1
"14001","NCK1",1
"14002","SOX14",1
"14003","FAIM",2
"14004","TFDP2",3
"14005","NAT1",1
"14006","XPO7",6
"14007","DMTN",3
"14008","BMP1",6
"14009","SLC39A14",4
"14010","PDLIM2",1
"14011","TNFRSF10B",4
"14012","TNFRSF10A",6
"14013","ENTPD4",2
"14014","ADRA1A",3
"14015","CHRNA2",2
"14016","SCARA3",3
"14017","RSRC1",5
"14018","MLF1",2
"14019","RARRES1",2
"14020","SERPINI2",5
"14021","ETV2",4
"14022","ZFP82",4
"14023","ZNF529",4
"14024","ZNF461",3
"14025","ZFP36",3
"14026","LGALS14",3
"14027","HIPK4",5
"14028","DMRTC2",4
"14029","PRR19",4
"14030","TEDDM1",2
"14031","LYPD5",2
"14032","ZNF225",5
"14033","APOC4-APOC2",2
"14034","APOC4",2
"14035","MEIOSIN",3
"14036","ELSPBP1",2
"14037","TTLL1",5
"14038","UGT2B4",3
"14039","STATH",1
"14040","GRSF1",3
"14041","CXCL1",1
"14042","YLPM1",4
"14043","LRRC74A",8
"14044","GSTZ1",2
"14045","TMED8",2
"14046","ATP5MF",2
"14047","CYP3A7",4
"14048","OR2AE1",3
"14049","MCM7",4
"14050","CNPY4",2
"14051","MBLAC1",4
"14052","GPC2",2
"14053","SAP25",1
"14054","PPM1K",3
"14055","VN1R4",2
"14056","MIR512-2",1
"14057","MIR520F",2
"14058","MIR519C",2
"14059","RNU6-982P",3
"14060","RNU6-751P",3
"14061","CACNG7",2
"14062","NR3C2",5
"14063","TRIM2",3
"14064","RNF175",2
"14065","SFRP2",3
"14066","FGG",4
"14067","TMA16",2
"14068","MSMO1",3
"14069","CYS1",3
"14070","LDAH",4
"14071","SLC30A3",2
"14072","SLC4A1AP",4
"14073","COMMD1",2
"14074","AFTPH",5
"14075","NOTO",2
"14076","ZNF622",2
"14077","BASP1",6
"14078","MTMR12",4
"14079","DDX4",5
"14080","C5orf67",3
"14081","PYGO1",2
"14082","ZNF280D",2
"14083","LACTB",3
"14084","APH1B",3
"14085","FBXL17",6
"14086","TMEM232",5
"14087","SRP19",2
"14088","PHAX",3
"14089","MINAR2",3
"14090","CSF2",1
"14091","IRF1",1
"14092","EDC3",2
"14093","NEUROG1",1
"14094","CXCL14",1
"14095","LECT2",5
"14096","TGFBI",6
"14097","CHRNA3",2
"14098","PCDHGA4",3
"14099","PCDHGB3",4
"14100","DBH",3
"14101","BRD3",5
"14102","RNU6ATAC",2
"14103","SOHLH1",3
"14104","NACC2",7
"14105","SNORA9",3
"14106","NACAD",6
"14107","CDC14C",2
"14108","IKZF1",6
"14109","RNU2-29P",2
"14110","CCT6A",4
"14111","ZNF138",3
"14112","ERV3-1",2
"14113","BEND2",2
"14114","DNAJC30",2
"14115","NCF1",2
"14116","GTF2IRD2B",4
"14117","HIP1",8
"14118","RHBDD2",4
"14119","SYNGR1",3
"14120","MGAT3",2
"14121","ADSL",3
"14122","SLC25A17",4
"14123","MAGEE1",2
"14124","ARMCX1",1
"14125","TCEAL2",1
"14126","BEX4",2
"14127","RAB40A",2
"14128","PWWP3B",3
"14129","RBM41",2
"14130","BRD1",6
"14131","MLC1",7
"14132","SNW1",3
"14133","C14orf178",1
"14134","GPR65",3
"14135","CALM1",2
"14136","RPS6KA5",6
"14137","SNCA",3
"14138","LRRC17",2
"14139","MIR30A",1
"14140","HMGN3",2
"14141","CGA",1
"14142","ZNF197",2
"14143","KIAA1143",1
"14144","CDCP1",4
"14145","TMEM158",1
"14146","MYL3",2
"14147","CCDC12",1
"14148","METTL2B",3
"14149","TBXAS1",7
"14150","SLC37A3",3
"14151","RNU6-46P",1
"14152","SMIM38",2
"14153","CENPW",1
"14154","IL17RB",1
"14155","SPATA12",1
"14156","PXK",2
"14157","IL20RA",1
"14158","OR8D4",1
"14159","ULBP1",2
"14160","ITFG2",5
"14161","TULP3",5
"14162","COPS7A",2
"14163","MLF2",3
"14164","DYNLT2",3
"14165","PDCD2",4
"14166","CYP2W1",4
"14167","CREBL2",4
"14168","GPRC5D",2
"14169","ERP27",5
"14170","SLC15A5",6
"14171","PTHLH",2
"14172","FAR2",4
"14173","AMN1",2
"14174","SLC2A13",7
"14175","GXYLT1",3
"14176","INMT",2
"14177","URGCP",6
"14178","PPIA",5
"14179","WFS1",4
"14180","FAM90A26",4
"14181","FRMD6",2
"14182","KLF3",2
"14183","TLR6",3
"14184","SNORA15B-2",2
"14185","ASL",4
"14186","UGDH",4
"14187","UBE2K",4
"14188","UCHL1",1
"14189","GRXCR1",2
"14190","GNPDA2",3
"14191","HOPX",1
"14192","IGFBP7",1
"14193","CENPC",4
"14194","PARVB",7
"14195","PPARA",4
"14196","DNAL1",3
"14197","FAM161B",3
"14198","LIN52",5
"14199","VSX2",3
"14200","GPR20",3
"14201","RIN3",8
"14202","LGMN",2
"14203","COX8C",1
"14204","IFI27",1
"14205","TRMT10A",1
"14206","MTTP",5
"14207","BDH2",3
"14208","TACR3",3
"14209","RPL34",2
"14210","CMTM8",2
"14211","DCLK3",5
"14212","OXSR1",2
"14213","SEC22C",2
"14214","NKTR",3
"14215","ACKR2",2
"14216","CYP8B1",2
"14217","SNRK",2
"14218","HAUS6",5
"14219","IFNA14",3
"14220","IFT74",4
"14221","NUDT2",1
"14222","PHF24",4
"14223","ARHGEF39",5
"14224","SPAG8",3
"14225","CLTA",3
"14226","GRHPR",2
"14227","POLR1E",2
"14228","CBR4",1
"14229","SPCS3",3
"14230","VEGFC",1
"14231","AGK",4
"14232","TAS2R60",1
"14233","TAS2R41",2
"14234","OR6B1",2
"14235","ALAS1",2
"14236","PPM1M",2
"14237","C3orf70",4
"14238","LIPH",8
"14239","MIR6131",2
"14240","PPP4R2",3
"14241","EBLN2",2
"14242","FRG2C",3
"14243","STX19",2
"14244","MFAP1",2
"14245","SLC28A2",3
"14246","BLOC1S6",2
"14247","DUT",2
"14248","PPP1R3B",2
"14249","DEFB134",4
"14250","USP17L2",2
"14251","RNU6-842P",1
"14252","DAPK2",5
"14253","CIAO2A",1
"14254","SNX1",5
"14255","TRIP4",5
"14256","RASL12",3
"14257","CILP",4
"14258","GTF2E2",1
"14259","PLPBP",2
"14260","PRKCI",7
"14261","CHRD",4
"14262","RNU6-1105P",2
"14263","RFC4",3
"14264","BCL6",4
"14265","OSTN",2
"14266","UTS2B",2
"14267","RNU6-1101P",1
"14268","FAM43A",1
"14269","MIR570",1
"14270","CEP19",1
"14271","PRDM14",5
"14272","DTD2",2
"14273","NPAS3",10
"14274","SPTSSA",1
"14275","PSMA6",4
"14276","FBXO33",1
"14277","TOGARAM1",4
"14278","LRR1",5
"14279","RIPK2",3
"14280","CALB1",2
"14281","CIBAR1",4
"14282","PSMC6",3
"14283","FAM114A1",4
"14284","GMFB",1
"14285","KLB",3
"14286","ATG14",3
"14287","EXOC5",5
"14288","RTN1",5
"14289","PPM1A",2
"14290","CFAP69",8
"14291","ACTN1",8
"14292","SUSD6",4
"14293","PEG10",3
"14294","PON1",4
"14295","OCM2",4
"14296","TRIML1",4
"14297","LRRC14B",1
"14298","ZNF316",3
"14299","C1GALT1",5
"14300","MIR4472-1",2
"14301","ARC",4
"14302","LY6D",2
"14303","LY6L",2
"14304","MAFA",2
"14305","TIGD5",3
"14306","GFUS",5
"14307","HGH1",2
"14308","SLC26A5",5
"14309","USP53",4
"14310","ANXA5",3
"14311","EXOSC9",4
"14312","MFSD8",2
"14313","PGRMC2",1
"14314","PCDH10",5
"14315","MGARP",1
"14316","UCP1",5
"14317","ANAPC10",1
"14318","IFNE",2
"14319","RRM2B",4
"14320","STMP1",1
"14321","ANKRD20A2P",1
"14322","ZNG1E",1
"14323","SMC5",4
"14324","WWC2",8
"14325","CENPU",4
"14326","SNX25",5
"14327","LRP2BP",4
"14328","TLR3",2
"14329","IER5L",1
"14330","TOR1A",4
"14331","ZBED10P",2
"14332","GIMAP1",3
"14333","KCNH2",3
"14334","GBX1",1
"14335","PPIP5K1",2
"14336","SERINC4",1
"14337","B2M",1
"14338","ANP32B",2
"14339","TMEM70",2
"14340","CYLC2",2
"14341","RSL24D1",2
"14342","OR13C4",1
"14343","CTNNAL1",2
"14344","PIAS1",4
"14345","PSMD5",5
"14346","SEMA7A",5
"14347","CSK",3
"14348","CIMAP1C",2
"14349","UBE2Q2",4
"14350","SKIC8",4
"14351","AK1",3
"14352","BCL2A1",4
"14353","ZFAND6",3
"14354","ARNT2",4
"14355","LACTB2",1
"14356","OPRK1",2
"14357","S1PR3",3
"14358","HOXA5",1
"14359","UBE2W",2
"14360","SDC2",2
"14361","PDP1",3
"14362","PLEKHF2",1
"14363","MTDH",5
"14364","CAPZA2",3
"14365","ANKRD7",2
"14366","EXT1",8
"14367","CYP51A1",3
"14368","LRRD1",4
"14369","GNA14",4
"14370","MCM4",2
"14371","UBE2V2",2
"14372","CBLL1",3
"14373","RPL8",2
"14374","FAM120A",4
"14375","RNU6-373P",2
"14376","GPRC6A",4
"14377","DCBLD1",6
"14378","TFEC",3
"14379","TES",3
"14380","SPTLC1",3
"14381","PLN",1
"14382","MCM9",5
"14383","OR1L8",2
"14384","CCDC9",7
"14385","CTSV",4
"14386","GTF2H5",2
"14387","TRUB2",4
"14388","FABP9",3
"14389","RFFL",2
"14390","YTHDF3",1
"14391","BHLHE22",2
"14392","IPPK",3
"14393","RSPH3",4
"14394","TYRP1",4
"14395","CA1",4
"14396","OSTF1",2
"14397","PSMB7",4
"14398","PLPP6",1
"14399","PBX3",6
"14400","GCNT1",2
"14401","UHRF2",6
"14402","IDO1",5
"14403","HTRA4",3
"14404","LRATD2",2
"14405","LRSAM1",5
"14406","LCN2",4
"14407","RNU6-535P",2
"14408","RNU6-1191P",4
"14409","TCEANC2",2
"14410","TSSK3",3
"14411","TAS2R31",3
"14412","TAS2R42",2
"14413","TAS2R9",2
"14414","LRRC36",4
"14415","TAS2R14",1
"14416","FAM110C",1
"14417","LSM10",1
"14418","PET100",2
"14419","SNTB2",5
"14420","PSMD9",2
"14421","ALKAL2",1
"14422","RNF111",3
"14423","MSI1",7
"14424","ZNF548",2
"14425","TAMALIN",2
"14426","KLF2",2
"14427","DFFB",3
"14428","RASSF9",1
"14429","GABARAPL1",4
"14430","HNRNPCL2",2
"14431","HES2",2
"14432","PEBP1",1
"14433","RHOF",1
"14434","PRAMEF5",1
"14435","HES3",1
"14436","PCDHA2",3
"14437","THRAP3",3
"14438","COCH",5
"14439","TRIM28",5
"14440","UBXN10",1
"14441","C1orf122",1
"14442","HSBP1",1
"14443","GPX7",1
"14444","ETV3",3
"14445","PCDHB9",2
"14446","UTS2",1
"14447","OR1K1",2
"14448","MAF",1
"14449","GPX8",1
"14450","LRRC40",2
"14451","MIR492",1
"14452","NDUFA12",2
"14453","TXNL1",1
"14454","C18orf63",2
"14455","SRRM4",3
"14456","TMEM233",2
"14457","GPR21",1
"14458","TNFRSF9",5
"14459","SLC2A5",2
"14460","NOVA1",2
"14461","IFT25",1
"14462","RNU6-163P",1
"14463","CALML3",1
"14464","ASB13",3
"14465","ZNF418",2
"14466","CAPN7",3
"14467","ZNF319",1
"14468","MVD",4
"14469","OR2T29",1
"14470","MRPL42",5
"14471","CRADD",5
"14472","SLC52A1",2
"14473","RABEP1",5
"14474","RPAIN",2
"14475","RHBDL2",3
"14476","LRRC71",2
"14477","GPR157",2
"14478","GSG1L2",1
"14479","PLD6",3
"14480","FBXW10",3
"14481","ERAL1",3
"14482","NMNAT1",1
"14483","CCL2",2
"14484","VHL",1
"14485","OR10A7",1
"14486","OR6C74",1
"14487","OR6C70",1
"14488","ZNF587B",2
"14489","PLA2G2F",3
"14490","COG8",3
"14491","FMO1",4
"14492","SERPINC1",2
"14493","PAPPA2",6
"14494","AIPL1",3
"14495","SBK1",1
"14496","RPL29",3
"14497","PPP2R3A",6
"14498","KCNJ12",1
"14499","VEGFD",3
"14500","HAVCR2",1
"14501","DIRAS3",1
"14502","RPE65",4
"14503","PDIA2",3
"14504","PIGQ",1
"14505","KCTD5",4
"14506","PRSS41",3
"14507","TIGD7",3
"14508","C17orf100",3
"14509","MIR4520-1",2
"14510","GLTP",1
"14511","LITAF",1
"14512","CPPED1",3
"14513","RBBP6",3
"14514","PHKG2",2
"14515","RNF40",5
"14516","PSME3IP1",1
"14517","COQ9",1
"14518","OR2L5",2
"14519","ZNF692",4
"14520","WNT3",1
"14521","ACBD7",2
"14522","RPP38",1
"14523","METTL16",5
"14524","VLDLR",1
"14525","KCNV2",3
"14526","HEBP1",3
"14527","RNU6-491P",1
"14528","ARHGDIB",1
"14529","GABARAP",1
"14530","ETNK1",2
"14531","UBIAD1",1
"14532","KIAA2013",4
"14533","AADACL4",2
"14534","PRAMEF12",1
"14535","AGMAT",1
"14536","SRARP",2
"14537","RNU1-6P",1
"14538","MIR3675",3
"14539","ACTL8",3
"14540","DCD",1
"14541","AKR7A2",2
"14542","PLA2G2E",1
"14543","PLA2G2A",2
"14544","KRT13",5
"14545","PIP4K2C",1
"14546","MRPL10",2
"14547","SRI",3
"14548","COPZ2",3
"14549","GIP",2
"14550","NR0B2",2
"14551","RAB3C",1
"14552","CENPL",1
"14553","S100Z",4
"14554","HOMER1",2
"14555","MGST1",2
"14556","LRRC39",2
"14557","SQOR",3
"14558","RITA1",1
"14559","KDM4A",2
"14560","DPH2",1
"14561","DMAP1",4
"14562","BEST4",1
"14563","PTCH2",4
"14564","DMBX1",1
"14565","PHYHD1",3
"14566","PLAC8L1",1
"14567","FBXO46",3
"14568","ZNF26",3
"14569","CRYL1",1
"14570","PCSK9",2
"14571","INTS11",4
"14572","METTL6",3
"14573","ADAM11",3
"14574","HEXIM2",1
"14575","CACHD1",5
"14576","HOXB8",1
"14577","NHLRC3",1
"14578","TNFSF11",1
"14579","KREMEN2",1
"14580","DCUN1D5",3
"14581","MIR4693",1
"14582","DDI1",2
"14583","ACAT1",6
"14584","FDX1",4
"14585","ARHGAP20",6
"14586","PTS",2
"14587","RBM7",1
"14588","NUP93",3
"14589","PANX2",4
"14590","PSME1",1
"14591","LTB4R2",1
"14592","CAV3",1
"14593","CMA1",3
"14594","CTSG",3
"14595","MID2",5
"14596","LRCH2",3
"14597","BRMS1L",5
"14598","FOXA1",1
"14599","AURKAIP1",1
"14600","KIFC2",4
"14601","PPIAL4G",4
"14602","H3C14",1
"14603","H2BC21",2
"14604","PI4KB",1
"14605","MRPL9",3
"14606","TDRKH",4
"14607","LINGO4",1
"14608","THEM5",2
"14609","THEM4",2
"14610","BHLHE41",3
"14611","CLK2",2
"14612","SSR2",3
"14613","MEX3A",2
"14614","MIR9-1",1
"14615","TUNAR",2
"14616","BDKRB1",2
"14617","MYORG",2
"14618","SLC39A5",3
"14619","RBMS2",2
"14620","PAPSS2",2
"14621","TMEM50A",3
"14622","NANOGP8",2
"14623","CENPK",5
"14624","FAM163A",2
"14625","TOR1AIP2",3
"14626","HPCAL4",1
"14627","OXCT2",2
"14628","ZMPSTE24",4
"14629","ZFP69B",3
"14630","C1orf210",1
"14631","CDC20",2
"14632","ELOVL1",1
"14633","FBXO27",3
"14634","OAZ2",2
"14635","CT62",1
"14636","RSPH6A",3
"14637","NOVA2",2
"14638","PTGIR",1
"14639","STRN4",5
"14640","MYSM1",2
"14641","FOXO1",3
"14642","RNU6-181P",1
"14643","LINS1",3
"14644","ASB7",1
"14645","PRSS38",5
"14646","NME4",2
"14647","NUDT16L1",1
"14648","ARHGAP8",1
"14649","NUP50",3
"14650","RNU6-1161P",1
"14651","MIR4763",2
"14652","SNX20",3
"14653","EFCAB2",3
"14654","CNST",4
"14655","GCSAML",3
"14656","DRP2",5
"14657","TIMM8A",1
"14658","YJU2",2
"14659","MPND",4
"14660","LAT2",2
"14661","WNT7A",8
"14662","DTX2",5
"14663","ANKRD65",2
"14664","TMEM88B",2
"14665","MTERF1",1
"14666","PTER",3
"14667","MIR1915",2
"14668","RPL14",1
"14669","VIPR1",1
"14670","ZNF852",2
"14671","ZNF35",2
"14672","RNU6-666P",1
"14673","LYZL1",2
"14674","TRIM16",3
"14675","DKK1",2
"14676","ANXA7",2
"14677","SYNPO2L",2
"14678","ZNF503",3
"14679","ZCCHC24",4
"14680","PRXL2A",3
"14681","LRIT2",1
"14682","MIR378F",1
"14683","PNRC2",1
"14684","PTDSS2",1
"14685","RNH1",3
"14686","ANKRD40",1
"14687","MBTD1",1
"14688","ART1",1
"14689","PHGR1",1
"14690","DISP2",1
"14691","KNSTRN",2
"14692","CCDC32",1
"14693","SMPD1",2
"14694","OR10A4",1
"14695","FAR1",3
"14696","ZNF648",3
"14697","DHX9",5
"14698","TMEM126B",1
"14699","OR1D5",1
"14700","CD82",2
"14701","SLC39A13",3
"14702","OR4X2",1
"14703","OR4A47",1
"14704","OR4C6",3
"14705","OR5AS1",1
"14706","OR8K1",3
"14707","SLC43A1",3
"14708","GLYATL2",2
"14709","OOSP2",1
"14710","MS4A6E",1
"14711","CPSF7",3
"14712","LRRC10B",2
"14713","TXNDC2",4
"14714","GDPGP1",4
"14715","RNF138",2
"14716","NOL4",4
"14717","ZNF24",1
"14718","RNU6-706P",1
"14719","SIGLEC15",3
"14720","GGCT",2
"14721","TOMM20",1
"14722","SRD5A3",2
"14723","COX18",2
"14724","PLEKHJ1",3
"14725","ARMCX6",1
"14726","TMSB15B",2
"14727","MYDGF",3
"14728","RRH",3
"14729","CLEC4G",3
"14730","MAN1A2",5
"14731","PTGDR",2
"14732","ZNF561",2
"14733","MIR5589",1
"14734","S1PR2",2
"14735","NACC1",3
"14736","YJU2B",5
"14737","MIR181D",1
"14738","BRME1",2
"14739","IL27RA",6
"14740","OR7C1",1
"14741","OR7A17",1
"14742","EPHX3",3
"14743","TMEM221",1
"14744","CCDC184",1
"14745","HIGD1C",4
"14746","TOPORS",2
"14747","NDUFB6",1
"14748","RNU6-1179P",1
"14749","PAWR",2
"14750","CTSL",1
"14751","MIR4289",1
"14752","LOX",2
"14753","ALDH7A1",2
"14754","MARCHF3",3
"14755","LYRM7",1
"14756","GDF9",3
"14757","ZCCHC10",2
"14758","PCBD2",2
"14759","TIFAB",1
"14760","SPOUT1",1
"14761","GPR4",3
"14762","FAM78A",5
"14763","C1QTNF9B",1
"14764","C1QTNF9",4
"14765","UBL3",2
"14766","TEX26",3
"14767","AKT1S1",2
"14768","KLK3",2
"14769","KLK5",2
"14770","RUBCNL",3
"14771","MIR3169",1
"14772","SKOR2",2
"14773","LIPG",3
"14774","IRS2",3
"14775","TEX29",2
"14776","UPF3A",1
"14777","PNP",1
"14778","RNASE9",1
"14779","ZNF219",1
"14780","GRIN3B",2
"14781","EFNA2",2
"14782","GAMT",3
"14783","ABHD4",1
"14784","TMEM35A",1
"14785","ZNF582",5
"14786","SMIM17",1
"14787","NRAS",2
"14788","CASQ2",1
"14789","MAB21L3",3
"14790","CD101",5
"14791","PCDH18",1
"14792","SIX6",1
"14793","SNAPC1",4
"14794","RDH11",2
"14795","MPP1",2
"14796","MCM3",3
"14797","PAQR8",1
"14798","LRRC1",3
"14799","CRCT1",1
"14800","SPRR2F",4
"14801","S100A8",1
"14802","CHRNB2",2
"14803","TRIM46",5
"14804","MUC1",2
"14805","SCLY",3
"14806","GAL3ST2",2
"14807","DEFB127",2
"14808","CRP",2
"14809","SLAMF8",4
"14810","TSTD1",1
"14811","SCGB2B2",3
"14812","MSRB3",4
"14813","NUF2",3
"14814","GOLGA8K",1
"14815","VSTM2L",4
"14816","TP53TG5",1
"14817","SNAP23",3
"14818","HAUS2",2
"14819","RNU6-293P",1
"14820","MPC1",2
"14821","GSTT2B",2
"14822","SMAD6",3
"14823","STRA6",3
"14824","CLK3",2
"14825","PPCDC",2
"14826","TRMT112",1
"14827","CCDC88B",5
"14828","HMG20A",1
"14829","SH2D7",3
"14830","CIB2",1
"14831","CRABP1",2
"14832","MIR184",2
"14833","RD3",1
"14834","PACC1",2
"14835","SMYD2",1
"14836","LEFTY1",1
"14837","PYCR2",2
"14838","PHF5A",2
"14839","KBTBD2",3
"14840","GPR141",2
"14841","CHML",1
"14842","RNU6-389P",4
"14843","VKORC1L1",4
"14844","LAMTOR3",1
"14845","SORT1",4
"14846","PSMA5",2
"14847","SYPL2",5
"14848","TBL2",2
"14849","NUDT6",2
"14850","OCRL",1
"14851","HSD3B1",4
"14852","FCGR1BP",3
"14853","RNVU1-15",1
"14854","LRAT",1
"14855","MAP9",3
"14856","PP2D1",1
"14857","SGO1",2
"14858","RNU6-788P",1
"14859","SPAG6",1
"14860","MSRB2",3
"14861","CXCR6",2
"14862","CAMP",2
"14863","C3orf18",1
"14864","TNNC1",1
"14865","ZNHIT1",1
"14866","FIS1",1
"14867","PRKAR2B",5
"14868","HBP1",4
"14869","GPR22",1
"14870","LASP1",4
"14871","NR1D1",2
"14872","MSL1",1
"14873","KRTAP4-4",1
"14874","ING3",3
"14875","FAM3C",3
"14876","CHST13",3
"14877","PRR20G",1
"14878","TPRA1",2
"14879","H1-8",2
"14880","CTSD",2
"14881","CCDC182",1
"14882","SEPTIN4",2
"14883","SOX9",3
"14884","KCTD2",1
"14885","RNU6-938P",1
"14886","PRCD",2
"14887","TMEM235",1
"14888","CANT1",6
"14889","NPTX1",4
"14890","LGALS12",3
"14891","ZFTA",2
"14892","RCOR2",3
"14893","OTUB1",4
"14894","VEGFB",2
"14895","NUDT1",3
"14896","TM7SF2",2
"14897","SPDYC",2
"14898","CARNS1",2
"14899","GSTP1",1
"14900","TBX10",4
"14901","RNU6-721P",3
"14902","ANKRD29",1
"14903","AQP4",1
"14904","P2RY2",1
"14905","NSG1",1
"14906","MRFAP1",2
"14907","GRPEL1",1
"14908","PACRGL",1
"14909","DHX15",2
"14910","LGI2",2
"14911","PI4K2B",2
"14912","KCTD8",3
"14913","SULT1B1",3
"14914","PRR27",1
"14915","LRRC69",3
"14916","ESAM",3
"14917","PATE4",1
"14918","RPUSD4",2
"14919","NDNF",4
"14920","GUCY1A1",1
"14921","TKTL2",2
"14922","MED10",1
"14923","TAS2R1",3
"14924","RNU6-363P",1
"14925","CARD6",3
"14926","ANXA2R",1
"14927","SPATA31A1",2
"14928","ZNG1F",3
"14929","SPATA31A7",1
"14930","NCCRP1",3
"14931","NDUFAF2",1
"14932","RPS16",3
"14933","ARSK",1
"14934","NUDT12",1
"14935","STING1",2
"14936","ADRA1B",4
"14937","UBTD2",2
"14938","PDLIM7",4
"14939","ZNF354B",3
"14940","DNASE2B",1
"14941","BCL10",3
"14942","DR1",2
"14943","MIR2682",1
"14944","PALMD",2
"14945","SASS6",3
"14946","EEIG2",3
"14947","PRPF38B",2
"14948","UBL4B",1
"14949","PROK1",4
"14950","C1orf162",1
"14951","ZBTB9",1
"14952","RHNO1",1
"14953","ZDHHC9",2
"14954","SLC25A14",2
"14955","PABIR3",3
"14956","RNA5SP536",1
"14957","RNU1-151P",1
"14958","YIPF3",1
"14959","ACTR3",1
"14960","RNU2-41P",1
"14961","TMEM185B",2
"14962","RALB",4
"14963","B3GAT2",3
"14964","OOEP",2
"14965","PGM3",1
"14966","RIPPLY2",1
"14967","MRAP2",2
"14968","SMIM8",1
"14969","PM20D2",2
"14970","UBE2J1",1
"14971","LYRM2",2
"14972","RNU4-70P",1
"14973","POPDC3",2
"14974","ZUP1",3
"14975","VGLL2",1
"14976","SAMD3",6
"14977","SLC18B1",5
"14978","RPS12",5
"14979","PPP1R14C",3
"14980","IYD",2
"14981","PEDS1-UBE2V1",2
"14982","CYP24A1",5
"14983","PMEPA1",5
"14984","RGS2",1
"14985","ZNF512B",4
"14986","MIR3156-3",2
"14987","UQCC3",3
"14988","TAF6L",2
"14989","NEFH",2
"14990","RTCB",3
"14991","TIMP3",4
"14992","LGALS1",2
"14993","GRAP2",2
"14994","MCHR1",1
"14995","CYB5R3",3
"14996","ATP5MGL",1
"14997","YAE1",3
"14998","COA1",2
"14999","C7orf57",5
"15000","NHERF4",2
"15001","TMEM150B",4
"15002","PSMB8",1
"15003","RNVU1-32",2
"15004","MIR3686",1
"15005","CLPSL2",1
"15006","FBXO41",5
"15007","CDR1",2
"15008","ZFP92",1
"15009","CCNQ",2
"15010","SLC6A20",3
"15011","KPNA7",6
"15012","TMF1",4
"15013","OR5H15",1
"15014","LNP1",1
"15015","TMEM45A",2
"15016","CBLB",8
"15017","TRAT1",3
"15018","NECTIN3",7
"15019","MACROH2A2",1
"15020","PRF1",3
"15021","CAV2",1
"15022","CAV1",2
"15023","CA9",2
"15024","TMEM8B",3
"15025","HRCT1",1
"15026","OR2S2",2
"15027","TMEM213",1
"15028","OR52N4",1
"15029","PRSS37",2
"15030","OR6V1",2
"15031","MRGPRX3",2
"15032","LDHA",3
"15033","LMO2",2
"15034","MBNL1",3
"15035","ZNF775",2
"15036","CRYGN",3
"15037","KRTAP5-9",2
"15038","STARD10",2
"15039","UCP3",2
"15040","KCTD14",2
"15041","KCTD21",2
"15042","RS1",3
"15043","MMP12",2
"15044","FOXR2",1
"15045","ZMYM3",3
"15046","NONO",3
"15047","OGT",3
"15048","NAP1L2",2
"15049","ATP5MG",2
"15050","PGK1",2
"15051","PRMT5",3
"15052","CPXCR1",2
"15053","TNNI3",1
"15054","LY6G5B",2
"15055","SLC44A4",4
"15056","MIR1197",1
"15057","MIR412",2
"15058","MIR4309",3
"15059","DNAJB5",3
"15060","LGALSL",1
"15061","EGR4",3
"15062","TPRKB",3
"15063","LRRTM1",1
"15064","SPANXD",2
"15065","MAGEA8",3
"15066","RNU6-694P",1
"15067","INSL6",3
"15068","RLN1",2
"15069","MLANA",3
"15070","PROX2",1
"15071","BATF",1
"15072","IFNA6",2
"15073","MIR31",1
"15074","BCHE",2
"15075","YJEFN3",3
"15076","C4BPA",2
"15077","SIGMAR1",2
"15078","CARD9",2
"15079","GOLGA8G",1
"15080","TRMT10B",4
"15081","SPRED3",3
"15082","NPHP3",8
"15083","BFSP2",3
"15084","ANAPC13",2
"15085","IL20RB",1
"15086","CYP2A13",3
"15087","UGGT2",5
"15088","GSK3A",1
"15089","CNFN",2
"15090","GPR25",1
"15091","IRGC",1
"15092","ZNF234",2
"15093","GPR160",3
"15094","GRAMD1C",6
"15095","UPK1B",3
"15096","ILDR1",2
"15097","SULT2A1",2
"15098","RNU6-684P",2
"15099","ENTR1",2
"15100","AGPAT2",2
"15101","MXRA5",4
"15102","HCCS",1
"15103","MIR520G",2
"15104","RPGR",1
"15105","NDUFA3",1
"15106","MDFI",2
"15107","POPDC2",1
"15108","CD86",3
"15109","KPNA1",4
"15110","DEFB136",1
"15111","MCCC1",2
"15112","GUCA1B",3
"15113","TMEM150A",2
"15114","LYG1",2
"15115","IL1R1",5
"15116","TAS2R40",1
"15117","CYP3A43",4
"15118","SPDYE3",6
"15119","FLVCR2",2
"15120","HNMT",2
"15121","ZSWIM2",3
"15122","PRSS56",1
"15123","SUGP2",4
"15124","ARMC6",2
"15125","SLC25A42",4
"15126","HAPLN4",2
"15127","C6orf47",1
"15128","SLC25A47",1
"15129","PDYN",2
"15130","PDIA5",4
"15131","MIR548I3",1
"15132","NSMCE3",1
"15133","SOSTDC1",2
"15134","CPA3",6
"15135","CLEC2L",2
"15136","ZNF836",1
"15137","MIR124-2",2
"15138","CYP7B1",3
"15139","RNU6-803P",1
"15140","TSC22D2",3
"15141","TIPARP",2
"15142","MFSD1",6
"15143","GPR37L1",1
"15144","TMEM183A",1
"15145","CST11",2
"15146","PROKR2",1
"15147","FOXA2",2
"15148","RNF182",1
"15149","CIAO1",3
"15150","DEK",3
"15151","CEBPD",1
"15152","PIP",2
"15153","OR2F2",2
"15154","MIR373",1
"15155","AMPH",7
"15156","RAB7B",3
"15157","EPO",2
"15158","ANGPT2",3
"15159","PBDC1",3
"15160","GPR17",2
"15161","FCGR2B",2
"15162","MIR1283-1",1
"15163","LRFN3",3
"15164","SYNE4",2
"15165","ZNF816-ZNF321P",1
"15166","AMMECR1L",2
"15167","CXCR4",1
"15168","PPM1L",5
"15169","ZSCAN16",2
"15170","CRLF1",3
"15171","ARL14",2
"15172","FUT2",2
"15173","PLSCR4",2
"15174","UBA52",3
"15175","CFAP126",1
"15176","RNF122",1
"15177","NPM2",2
"15178","SLC6A16",5
"15179","PAQR9",1
"15180","FGFR1",6
"15181","CYSLTR1",1
"15182","CHST2",2
"15183","PGBD1",2
"15184","RTL3",1
"15185","MYADM",3
"15186","GPX6",4
"15187","XRCC2",1
"15188","PBK",1
"15189","LOXL2",6
"15190","TRIM26",4
"15191","SCARA5",2
"15192","TMEM14C",2
"15193","PTCHD1",1
"15194","SAT1",4
"15195","CGB7",6
"15196","APOOL",3
"15197","PRPS2",2
"15198","GKN1",2
"15199","DNAJC21",1
"15200","SPATA4",1
"15201","PIR",2
"15202","SBDS",1
"15203","HELT",2
"15204","PC",7
"15205","MIR493",1
"15206","SFTPB",2
"15207","EIF4E",2
"15208","CHMP3",1
"15209","ZBTB8A",3
"15210","WEE1",4
"15211","MRPS28",1
"15212","RGCC",2
"15213","LXN",1
"15214","NAPRT",2
"15215","GDPD4",4
"15216","UNC50",1
"15217","DRGX",3
"15218","VTI1B",2
"15219","ZFPL1",2
"15220","NCOA5",2
"15221","SLITRK3",2
"15222","CCNY",2
"15223","PPBP",3
"15224","SYT14",2
"15225","SNRPF",1
"15226","AQP11",1
"15227","CHIC2",3
"15228","GJD4",1
"15229","NDFIP2",2
"15230","SAMD8",1
"15231","ADRM1",2
"15232","AFP",3
"15233","DCTN6",1
"15234","SGPP1",1
"15235","PPDPFL",3
"15236","NEU3",3
"15237","DNAJC15",1
"15238","SERP2",1
"15239","TSC22D1",1
"15240","HTR2A",2
"15241","ZNF274",3
"15242","ZNF324B",4
"15243","DENND10",2
"15244","NKX1-2",1
"15245","SIRT3",1
"15246","LIPM",1
"15247","HOXD4",2
"15248","MAGOHB",1
"15249","PDZD8",4
"15250","SLC2A12",3
"15251","ACADM",2
"15252","OR1N1",1
"15253","KL",3
"15254","TAFA1",4
"15255","PRODH",1
"15256","RAB6D",2
"15257","DUSP5",3
"15258","RNU6-567P",3
"15259","UBQLN3",1
"15260","ACOT1",1
"15261","KBTBD12",1
"15262","LRRC63",1
"15263","MRAS",2
"15264","GALNT1",1
"15265","ZBTB7C",4
"15266","OR9K2",3
"15267","SPA17",1
"15268","EFCAB14",4
"15269","SLC6A17",3
"15270","TMPPE",3
"15271","SNRNP25",2
"15272","NDUFA2",1
"15273","CCDC70",1
"15274","OR4E1",1
"15275","DAO",4
"15276","ATP6V1G1",1
"15277","TOR1AIP1",3
"15278","ELP3",2
"15279","VAMP1",1
"15280","CNOT11",2
"15281","IMP3",1
"15282","RNU6-481P",2
"15283","MTX1",4
"15284","MYOCOS",1
"15285","DNAJB8",2
"15286","NFKBIB",3
"15287","CSNK1D",1
"15288","ADIPOR2",4
"15289","GOLGA6B",5
"15290","ZNF710",1
"15291","MIR4703",1
"15292","CEP55",3
"15293","OR2V2",2
"15294","SDR42E2",3
"15295","SDS",1
"15296","COQ8B",4
"15297","ZNF569",1
"15298","GATA6",3
"15299","CCL13",3
"15300","PCDHA5",1
"15301","DACT3",1
"15302","PHB1",2
"15303","PNMA8B",2
"15304","RNU6-1207P",2
"15305","KCNIP2",1
"15306","SEMA4G",1
"15307","PCDH19",2
"15308","PAX2",3
"15309","PTGDS",1
"15310","OR8H3",3
"15311","SHOC1",7
"15312","ZNF514",1
"15313","CUTC",5
"15314","OR14I1",1
"15315","CEACAM19",2
"15316","MANSC1",1
"15317","HTR6",3
"15318","CD300C",4
"15319","SLC19A2",2
"15320","AIF1L",3
"15321","FBL",1
"15322","FBLN5",3
"15323","ACTRT2",2
"15324","C2orf68",2
"15325","OR2H2",1
"15326","CSKMT",1
"15327","CCZ1B",4
"15328","NRM",2
"15329","RNU6-104P",1
"15330","DPM1",2
"15331","SPOCK2",2
"15332","BNIP3",2
"15333","RRP8",1
"15334","OR8I2",1
"15335","SYNGR4",1
"15336","FGF16",1
"15337","OR4D9",1
"15338","VMO1",4
"15339","SRSF1",1
"15340","SPMIP3",2
"15341","TNFRSF25",2
"15342","APCS",1
"15343","CA4",2
"15344","NDUFA1",1
"15345","SOCS4",1
"15346","HNRNPA1L3",4
"15347","CDK5R1",1
"15348","ZP2",4
"15349","CAPN10",4
"15350","KBTBD4",1
"15351","GLYATL1B",1
"15352","CRELD1",3
"15353","SEC22B",2
"15354","SNORD113-2",4
"15355","THEMIS2",3
"15356","LSM4",1
"15357","GGT2P",1
"15358","ZNF131",2
"15359","MAGEH1",1
"15360","LGALS4",3
"15361","OR6B2",3
"15362","ZNF793",2
"15363","B3GNT3",2
"15364","PSPC1",4
"15365","ZEB2",4
"15366","HLA-DQA2",2
"15367","GORASP2",2
"15368","ATP23",3
"15369","SLC8A2",2
"15370","TMEM121B",2
"15371","DDT",1
"15372","MNT",2
"15373","RBP2",4
"15374","KCNE2",4
"15375","EPHB3",5
"15376","MIR548I4",1
"15377","AIFM1",4
"15378","KLK13",2
"15379","RCE1",2
"15380","OR10G8",2
"15381","SCNN1G",2
"15382","ZNF585B",2
"15383","SMIM9",1
"15384","DDC",2
"15385","ANKRD13B",2
"15386","CCDC137",3
"15387","IL26",1
"15388","ZSCAN22",2
"15389","QTRT2",3
"15390","SPAST",2
"15391","GALNT18",4
"15392","MRPL18",1
"15393","ARL6IP1",2
"15394","CCDC9B",2
"15395","KLHL41",4
"15396","OGFR",2
"15397","SLC35E3",1
"15398","TMEM39A",3
"15399","ZNF658",2
"15400","NKAPD1",3
"15401","TM4SF1",1
"15402","TBL1XR1",5
"15403","LRRC32",1
"15404","TEX12",1
"15405","SUSD4",9
"15406","UBE2QL1",5
"15407","LMAN1",2
"15408","MIR5692B",1
"15409","SLC35G6",3
"15410","ANKRD49",1
"15411","S100A7",3
"15412","FBXO40",2
"15413","FAM13B",6
"15414","GOLT1A",1
"15415","ADIRF",2
"15416","RNU2-63P",1
"15417","CD59",2
"15418","IFTAP",2
"15419","MGAT1",1
"15420","ARL14EPL",2
"15421","DDI2",2
"15422","GLRX",2
"15423","TMEM200B",1
"15424","LINC03040",2
"15425","IRX4",2
"15426","NPPA",1
"15427","GTF2IRD2",1
"15428","HOXB3",5
"15429","TAC4",3
"15430","OR9Q2",2
"15431","OR5B17",2
"15432","SAA2",2
"15433","HTR3D",3
"15434","SLC30A5",2
"15435","MTFR1L",1
"15436","MIR3977",1
"15437","RNU6-1133P",1
"15438","NAXE",1
"15439","RASL10B",1
"15440","CNTD1",2
"15441","BLOC1S5",1
"15442","ADAMTS4",3
"15443","RNF19B",5
"15444","PPP1R18",4
"15445","TLCD1",2
"15446","SUSD5",4
"15447","ZNF326",1
"15448","SPACA9",1
"15449","C1orf146",1
"15450","S100A14",3
"15451","MAGEC2",1
"15452","S100A9",1
"15453","OR5M1",3
"15454","SLC43A3",3
"15455","TSC1",2
"15456","ZNF77",3
"15457","RPS10",2
"15458","P2RY14",1
"15459","CREBRF",2
"15460","PRR23B",1
"15461","RNU6-41P",1
"15462","SDHD",2
"15463","ABHD18",3
"15464","NIPAL4",1
"15465","GPBP1",4
"15466","GTF3C4",2
"15467","MIR8071-1",3
"15468","SNORD115-6",3
"15469","KCNJ10",2
"15470","SAPCD2",3
"15471","MIR4537",1
"15472","TRIM39",3
"15473","ARV1",3
"15474","TCTA",1
"15475","CYB561D2",1
"15476","EIF4E3",1
"15477","MAS1L",2
"15478","DHRS13",1
"15479","PAIP1",3
"15480","OMA1",2
"15481","CYP2J2",1
"15482","FAM120A2P",1
"15483","NUTM2G",3
"15484","MRPL50",5
"15485","RNF20",3
"15486","OR2I1P",1
"15487","PPP1R11",2
"15488","OR4K13",2
"15489","MRPS21",1
"15490","KRTAP4-11",1
"15491","KRTAP4-6",2
"15492","QDPR",2
"15493","OR4N4",1
"15494","DPH7",2
"15495","HMGN4",2
"15496","TM4SF19",2
"15497","THRB",6
"15498","GPIHBP1",2
"15499","GALNT7",3
"15500","RNU1-51P",1
"15501","ZNF331",1
"15502","CDC42EP5",1
"15503","NLRP13",3
"15504","ZNF790",2
"15505","ZIC1",3
"15506","NEXN",2
"15507","STC1",1
"15508","MEX3C",1
"15509","GJA5",2
"15510","GRP",1
"15511","KYAT1",2
"15512","SNORD115-9",1
"15513","STS",3
"15514","GEMIN8",1
"15515","FFAR1",1
"15516","KIAA0040",1
"15517","TRAK2",3
"15518","HLA-DRA",2
"15519","DUSP9",2
"15520","ZNF281",1
"15521","ABHD10",1
"15522","YPEL2",5
"15523","JADE3",4
"15524","C2orf66",1
"15525","DEFB130A",1
"15526","CFAP300",4
"15527","GFRA3",2
"15528","ZMAT5",3
"15529","OSM",1
"15530","C1QTNF6",2
"15531","UBE3A",4
"15532","DHRS7C",1
"15533","POC1A",2
"15534","LUC7L2",4
"15535","DEFB130B",1
"15536","RAB10",1
"15537","POU2AF3",1
"15538","STXBP3",3
"15539","RNF152",3
"15540","CDH19",4
"15541","PLPP2",3
"15542","PPIAL4A",1
"15543","ZGLP1",1
"15544","CXCL3",1
"15545","EMC7",1
"15546","DDIT4L",1
"15547","ZNF404",3
"15548","HSD17B14",2
"15549","TBC1D17",2
"15550","LURAP1L",1
"15551","RARRES2",1
"15552","MIR7158",1
"15553","E2F6",2
"15554","RAD51AP2",2
"15555","RPP25L",2
"15556","LHCGR",1
"15557","ALX3",1
"15558","LCE2C",2
"15559","MIR655",3
"15560","SLC22A31",1
"15561","LYPD6",3
"15562","FAM47B",2
"15563","DYNLT3",2
"15564","AR",2
"15565","KBTBD13",2
"15566","PKM",3
"15567","FKBP1A",1
"15568","MTCP1",1
"15569","TIGIT",3
"15570","RNU4-7P",1
"15571","AJUBA",4
"15572","CBLN1",2
"15573","CNEP1R1",2
"15574","SPMIP8",2
"15575","MATCAP1",1
"15576","ELMO3",2
"15577","SC5D",2
"15578","OR10G4",1
"15579","OR8A1",2
"15580","ECRG4",2
"15581","SLC7A5",2
"15582","APRT",1
"15583","ODF1",2
"15584","ZBTB4",2
"15585","SENP3",4
"15586","KCNAB3",3
"15587","PDCD6IP",2
"15588","GNB2",3
"15589","RNU6ATAC7P",1
"15590","PSIP1",1
"15591","NUMB",2
"15592","DEFB131B",2
"15593","REEP4",3
"15594","RAB38",1
"15595","ENDOD1",1
"15596","REL",3
"15597","KRTAP19-3",2
"15598","ISM2",1
"15599","SLIRP",2
"15600","RMDN1",3
"15601","ANGPTL6",1
"15602","IGFBP3",1
"15603","ABRA",1
"15604","KRT18",1
"15605","RNU4-27P",1
"15606","RPL6",2
"15607","STOML1",1
"15608","KLK2",2
"15609","MRPS26",1
"15610","LZTS3",1
"15611","NR2F2",1
"15612","RAB3IL1",2
"15613","IFNA2",1
"15614","RNU6-1211P",1
"15615","OXA1L",2
"15616","MAS1",1
"15617","RNU4-37P",1
"15618","DLL1",1
"15619","BEAN1",3
"15620","MNAT1",2
"15621","ASTL",2
"15622","EIF5A",2
"15623","TEKT2",2
"15624","CTRB2",2
"15625","TERF2IP",2
"15626","MIR16-1",1
"15627","H2BW1",1
"15628","ZNF223",2
"15629","FOXA3",1
"15630","TMED2",1
"15631","BROX",1
"15632","OR2L8",3
"15633","PSMB2",2
"15634","PSMD7",2
"15635","SLC7A4",1
"15636","ARF1",3
"15637","MCRIP1",1
"15638","ANAPC11",1
"15639","HTR3B",3
"15640","REXO2",1
"15641","NOB1",5
"15642","ADAD2",2
"15643","COTL1",1
"15644","HOXA11",2
"15645","SACM1L",3
"15646","ZNF501",3
"15647","AAMDC",1
"15648","CLEC4D",3
"15649","IGFL1",2
"15650","ACSM2B",4
"15651","OSR2",1
"15652","SLC25A26",5
"15653","MIR6859-4",1
"15654","HACD4",1
"15655","IFNW1",1
"15656","THAP12",4
"15657","MIR548AG2",1
"15658","RIDA",2
"15659","ST3GAL2",3
"15660","RAMAC",1
"15661","KBTBD6",2
"15662","MCU",2
"15663","KAT6B",7
"15664","OR51F2",2
"15665","GOLGA6L9",1
"15666","RNU6-354P",1
"15667","NDE1",2
"15668","TAS2R20",2
"15669","LYSMD2",1
"15670","C10orf105",2
"15671","CALML5",1
"15672","KBTBD7",2
"15673","TRIM74",1
"15674","ABCB6",4
"15675","PRELID3B",2
"15676","PKIG",1
"15677","FLYWCH2",1
"15678","OR52J3",1
"15679","WFDC1",2
"15680","RNU6-1052P",1
"15681","MIR4704",2
"15682","CALHM2",1
"15683","ACTL10",2
"15684","HAPSTR1",2
"15685","OGA",3
"15686","POLL",1
"15687","RASGEF1A",2
"15688","KCNB1",2
"15689","KLHDC8A",1
"15690","KLHDC9",2
"15691","DEDD",1
"15692","ZNF696",2
"15693","GOT1",4
"15694","MARCHF9",1
"15695","STMN3",1
"15696","KRT27",2
"15697","ARFRP1",3
"15698","EPPIN",2
"15699","RPS26",1
"15700","RAB39A",2
"15701","SUZ12",3
"15702","WASHC3",3
"15703","ZNF502",1
"15704","CD53",3
"15705","WDR77",1
"15706","TNFSF15",3
"15707","OLAH",4
"15708","TFAM",1
"15709","OR5H1",1
"15710","OPRPN",2
"15711","ISG20L2",2
"15712","RNU6-557P",1
"15713","C11orf97",1
"15714","COX7B2",1
"15715","FAM110B",3
"15716","HOXC4",1
"15717","RNU1-55P",1
"15718","DYNLT2B",1
"15719","TRIM60",2
"15720","PYGO2",1
"15721","NDUFS4",2
"15722","NANP",1
"15723","CAPG",2
"15724","VPS33A",4
"15725","IFNB1",1
"15726","SMC1A",2
"15727","PDE6D",3
"15728","P2RX4",2
"15729","FUT3",1
"15730","PTF1A",2
"15731","OR1J4",2
"15732","PRPF40B",1
"15733","OR10K2",2
"15734","RNU6-1270P",1
"15735","UCK1",1
"15736","PLEKHS1",2
"15737","CUZD1",4
"15738","MYMK",3
"15739","PNMA8A",1
"15740","ZNF276",3
"15741","DPH1",1
"15742","NELFA",1
"15743","NKX3-2",2
"15744","MIR3680-2",1
"15745","DCK",3
"15746","ARID5A",2
"15747","FAF1",6
"15748","TAS2R10",2
"15749","HNRNPA3",3
"15750","NFE2L2",3
"15751","SESTD1",2
"15752","CRYGS",3
"15753","MOS",1
"15754","CHCHD7",1
"15755","RNU6-13P",1
"15756","TBKBP1",2
"15757","ADRB2",1
"15758","PCP4",3
"15759","MBOAT4",1
"15760","TAL1",1
"15761","KLF7",2
"15762","RAB4A",3
"15763","GNAT3",2
"15764","DCAF12L1",2
"15765","VMAC",1
"15766","GATAD1",1
"15767","TRAF3IP2",5
"15768","SURF4",3
"15769","NANOGNB",1
"15770","MRPS24",1
"15771","FBXO48",1
"15772","BOLA3",1
"15773","MT1M",1
"15774","TMEM144",3
"15775","TMEM222",1
"15776","RWDD4",3
"15777","CHMP7",3
"15778","SATB2",3
"15779","PGAM2",1
"15780","HADHB",3
"15781","ZFP37",1
"15782","PCK1",3
"15783","TRIM25",3
"15784","DIABLO",3
"15785","SOD2",1
"15786","KRTAP10-3",2
"15787","KRTAP10-8",2
"15788","RNU6-781P",1
"15789","ZBTB10",4
"15790","ESCO2",2
"15791","MIR302F",1
"15792","PLAAT1",2
"15793","ONECUT3",2
"15794","RNU6-985P",1
"15795","FATE1",2
"15796","MIR337",1
"15797","GSK3B",5
"15798","ATF5",1
"15799","RBBP7",2
"15800","RNF185",1
"15801","SYF2",3
"15802","YAF2",1
"15803","CCL27",1
"15804","B9D1",2
"15805","SRD5A2",2
"15806","RGS18",1
"15807","NKX2-1",1
"15808","OR51B6",2
"15809","HMGCLL1",1
"15810","CD24",1
"15811","WEE2",1
"15812","INSIG2",1
"15813","CCDC85A",3
"15814","VIT",3
"15815","TAF7L",3
"15816","SLC25A53",2
"15817","NUDT18",1
"15818","PAIP2",1
"15819","TOP3B",4
"15820","NPVF",1
"15821","MDP1",2
"15822","ROGDI",1
"15823","BARHL1",1
"15824","MFAP3",1
"15825","CDC42EP4",2
"15826","PCDH20",2
"15827","INTS14",3
"15828","RXFP3",1
"15829","OR4F17",1
"15830","C16orf74",4
"15831","CRIP2",1
"15832","CHAMP1",1
"15833","ERVFRD-1",1
"15834","GMNN",2
"15835","TMOD2",3
"15836","RANBP1",2
"15837","TERF2",4
"15838","CHRM5",1
"15839","DPEP3",3
"15840","PVALEF",1
"15841","GABARAPL2",3
"15842","ID4",1
"15843","MMP14",4
"15844","EHD4",1
"15845","RANBP10",2
"15846","ACD",2
"15847","CDR2L",1
"15848","PIGZ",2
"15849","NRROS",4
"15850","ARL4A",2
"15851","SNORD115-38",1
"15852","DUSP29",2
"15853","CPN2",1
"15854","HES1",2
"15855","SGSM3",3
"15856","LGALS3BP",2
"15857","PAQR6",1
"15858","OR52I2",1
"15859","ROM1",1
"15860","PHF10",1
"15861","APOBEC3D",2
"15862","SUPT4H1",1
"15863","SLC26A1",2
"15864","RASSF10",1
"15865","GARIN3",3
"15866","SRGAP2C",2
"15867","MIR6080",1
"15868","SNX27",2
"15869","C2CD4D",1
"15870","LCE1B",1
"15871","MYL4",2
"15872","ITLN2",1
"15873","PDK2",1
"15874","CLDN16",2
"15875","ZNF165",3
"15876","NANOS3",3
"15877","BRDT",4
"15878","MMD",3
"15879","SMIM7",2
"15880","POLG2",3
"15881","MIR4315-2",1
"15882","RNU7-115P",2
"15883","SPRR2B",1
"15884","MIR646",1
"15885","PPY",1
"15886","C1QL1",1
"15887","RNA5SP443",1
"15888","ZSCAN18",3
"15889","KCNH6",2
"15890","BTNL2",3
"15891","ATPAF1",3
"15892","DMRTA2",1
"15893","GAPT",2
"15894","MEOX1",2
"15895","SLC4A1",2
"15896","ZCCHC9",1
"15897","NREP",4
"15898","MAGEA6",1
"15899","PNMA5",2
"15900","DNAJC24",2
"15901","UQCRH",3
"15902","KNCN",1
"15903","PCDHA6",1
"15904","PCDHB5",3
"15905","RNVU1-1",1
"15906","PCDHGB6",3
"15907","GRXCR2",2
"15908","S100A1",2
"15909","TXK",3
"15910","ARL9",1
"15911","UBLCP1",3
"15912","KIF2A",3
"15913","NRN1",1
"15914","SETSIP",1
"15915","ACSF2",4
"15916","COIL",1
"15917","MAGEA1",1
"15918","GTF2H4",1
"15919","PHGDH",2
"15920","ZNF66",4
"15921","PCDHB7",3
"15922","UQCRFS1",1
"15923","POLR2I",1
"15924","FANCE",3
"15925","NDST1",3
"15926","RAB13",2
"15927","AQP10",1
"15928","CTSZ",1
"15929","TEX19",2
"15930","RAB12",1
"15931","TWSG1",2
"15932","OTOL1",2
"15933","GOLIM4",2
"15934","DEF6",3
"15935","LRRC31",1
"15936","RAD51AP1",2
"15937","CD9",2
"15938","MIR298",2
"15939","PDXP",1
"15940","OR4K15",2
"15941","OR11H6",1
"15942","SNORD3B-2",1
"15943","OCIAD2",1
"15944","ANKHD1",1
"15945","ZMAT2",1
"15946","SH2D3A",2
"15947","PRRT3",1
"15948","NMUR2",2
"15949","SMIM23",1
"15950","FBXW11",4
"15951","ARHGAP29",5
"15952","CCER1",1
"15953","DCN",4
"15954","ABHD8",1
"15955","OSER1",1
"15956","GHRL",1
"15957","WNT8B",1
"15958","FBXW4",3
"15959","CRISP3",1
"15960","DEFB133",1
"15961","ZNF442",4
"15962","GTF3C6",2
"15963","RHO",1
"15964","RNU6-1326P",1
"15965","NTF4",1
"15966","TRAM1L1",2
"15967","MYOZ2",1
"15968","TNIP3",2
"15969","AKAIN1",1
"15970","LRRIQ4",2
"15971","PUDP",2
"15972","LGALS7",1
"15973","ZNF639",1
"15974","NDUFB5",1
"15975","GZMK",1
"15976","TRIM8",2
"15977","CAMK2N2",1
"15978","LYVE1",1
"15979","PTPN5",4
"15980","C11orf91",1
"15981","ACP2",5
"15982","PTPMT1",2
"15983","CSN2",1
"15984","HTN1",2
"15985","ODAD3",1
"15986","EREG",2
"15987","THAP6",2
"15988","ART3",2
"15989","NAA11",2
"15990","HNRNPDL",1
"15991","COQ2",2
"15992","OR10H1",1
"15993","CISD2",1
"15994","GSTCD",1
"15995","CDSN",2
"15996","DDAH2",3
"15997","FGF2",1
"15998","R3HDML",2
"15999","WFDC5",2
"16000","SLC12A9",2
"16001","ZNF568",3
"16002","PXT1",2
"16003","TCTE1",1
"16004","NKPD1",2
"16005","MIR124-3",1
"16006","DUSP12",2
"16007","TYMS",2
"16008","MAGEB16",1
"16009","PRRG1",1
"16010","SYN1",2
"16011","EBP",1
"16012","AKAP4",3
"16013","TMEM41A",2
"16014","LHFPL2",3
"16015","APOLD1",2
"16016","AP3S1",2
"16017","MIR2114",2
"16018","PRRC1",2
"16019","CTXN3",3
"16020","PPP2CA",2
"16021","CAMLG",1
"16022","TXNDC15",2
"16023","ALDH3A1",4
"16024","TMEM11",1
"16025","NATD1",1
"16026","LYRM9",1
"16027","ADAP2",3
"16028","PNMT",2
"16029","P3H4",1
"16030","NT5C3B",2
"16031","CCN1",1
"16032","DNAJB1",2
"16033","CASP14",4
"16034","E2F1",5
"16035","LRFN4",1
"16036","PVRIG",2
"16037","PTPN11",2
"16038","HRK",1
"16039","RNU7-173P",1
"16040","NDUFB4",1
"16041","SPDYE2B",2
"16042","NUMBL",2
"16043","ZNF574",1
"16044","OGFOD2",1
"16045","CDK2AP1",1
"16046","RILPL1",3
"16047","EIF2B1",2
"16048","FNDC11",3
"16049","FMOD",3
"16050","YOD1",1
"16051","MIR205",1
"16052","ASPHD2",2
"16053","CARTPT",3
"16054","FOXD1",1
"16055","CD226",1
"16056","TXNL4A",1
"16057","PARD6G",1
"16058","C2CD4C",1
"16059","TPGS1",2
"16060","RPS15",2
"16061","LINGO3",1
"16062","RNU6-993P",1
"16063","TBXA2R",1
"16064","KLHDC7B",1
"16065","RPUSD3",1
"16066","LINC02881",1
"16067","ICAM4",1
"16068","ATG4D",2
"16069","AZI2",3
"16070","CMTM6",2
"16071","UBP1",1
"16072","STAC",2
"16073","RNU6ATAC4P",1
"16074","CSRNP1",2
"16075","HSPB1",2
"16076","BPIFA2",4
"16077","CLDN12",5
"16078","CTTNBP2NL",1
"16079","ZBTB11",4
"16080","C3orf52",3
"16081","GCSAM",3
"16082","B4GALT4",1
"16083","CEBPB",1
"16084","PARD6B",2
"16085","OPN1SW",1
"16086","VASP",1
"16087","IRF2BP1",3
"16088","MYPOP",1
"16089","PLSCR5",2
"16090","SYT3",2
"16091","SRPX2",4
"16092","HBZ",2
"16093","AARD",2
"16094","ZNF865",1
"16095","MIR3159",1
"16096","UEVLD",3
"16097","RNU11-4P",1
"16098","RNU4-25P",1
"16099","TPSB2",1
"16100","OR4C13",4
"16101","OR4A5",2
"16102","OR8H2",4
"16103","OR8K5",2
"16104","OR8H1",1
"16105","OR5M10",2
"16106","MS4A8",2
"16107","FADS1",3
"16108","SLC10A6",3
"16109","CST6",1
"16110","LTO1",1
"16111","FGF3",2
"16112","SMAD1",1
"16113","HAND2",1
"16114","NR1I2",2
"16115","MIR4277",1
"16116","RNU1-76P",1
"16117","MIR4458",1
"16118","MIR6859-2",1
"16119","SAMD11",3
"16120","APOA4",2
"16121","RNF214",1
"16122","TMEM250",1
"16123","TLR7",2
"16124","MBTPS2",2
"16125","IFT70A",1
"16126","PFKFB1",1
"16127","APEX2",2
"16128","ZXDA",2
"16129","AWAT2",1
"16130","OTUD6A",1
"16131","ITM2A",1
"16132","ZBTB33",2
"16133","CCDC160",1
"16134","RTL8A",1
"16135","TSPO",2
"16136","ALKBH5",2
"16137","RPL37A",2
"16138","TIGD1",1
"16139","CPT2",1
"16140","PXDC1",4
"16141","INHBC",2
"16142","DDIT3",1
"16143","CYP27B1",1
"16144","SLC16A7",3
"16145","IFI27L1",2
"16146","TMIE",2
"16147","ROMO1",1
"16148","PRDM4",3
"16149","ASCL4",2
"16150","GOLGA6L22",1
"16151","SNORD116-28",1
"16152","SNORD115-2",1
"16153","SNORD115-3",1
"16154","SNORD115-7",1
"16155","SNORD115-8",1
"16156","GOLGA8Q",2
"16157","ALKBH8",2
"16158","NUDT16",1
"16159","LRCOL1",1
"16160","ZNF605",3
"16161","ZNF140",2
"16162","FGF9",1
"16163","HSCB",1
"16164","RNU6-1219P",1
"16165","CABP7",3
"16166","UQCR10",1
"16167","DUSP18",1
"16168","RFPL3",3
"16169","CLEC12A",2
"16170","KLF6",1
"16171","UCN3",2
"16172","HOXA1",1
"16173","HOXA10",2
"16174","CRHR2",3
"16175","MIR550A2",2
"16176","MRPL32",1
"16177","IGFBP1",1
"16178","VSTM2A",2
"16179","CCDC197",4
"16180","BATF2",1
"16181","FAU",1
"16182","MRPL49",1
"16183","RNU2-23P",1
"16184","SEMA3F",1
"16185","CISH",1
"16186","IQCF6",1
"16187","LRTM1",1
"16188","CCDC124",2
"16189","DEFB108B",2
"16190","SNORD116-12",1
"16191","UCP2",2
"16192","AP1S1",1
"16193","RNU6-1004P",1
"16194","MIR1261",1
"16195","CLEC5A",2
"16196","ICMT",1
"16197","GPR153",1
"16198","TIAL1",1
"16199","PSTK",1
"16200","BUB3",3
"16201","EEF1AKMT2",1
"16202","ZRANB1",1
"16203","UROS",2
"16204","DHX32",2
"16205","PPP2R2A",1
"16206","BNIP3L",1
"16207","CLU",3
"16208","MOB2",1
"16209","CHRNA10",1
"16210","OR51S1",2
"16211","CAVIN3",2
"16212","TIMM10B",2
"16213","MRPL17",2
"16214","OR6A2",2
"16215","AKIP1",1
"16216","PGPEP1L",1
"16217","TFAP4",1
"16218","RSAD2",1
"16219","RNU4-73P",1
"16220","SHARPIN",3
"16221","ZFTRAF1",1
"16222","LRRC24",1
"16223","IFNA5",2
"16224","IFNA8",1
"16225","CDC42EP2",1
"16226","C9orf153",3
"16227","COX7A2L",1
"16228","ZFP36L2",1
"16229","ZNF518A",2
"16230","PGAM1",1
"16231","C10orf62",1
"16232","SFRP5",1
"16233","CLDN24",1
"16234","CDKN2AIP",1
"16235","ING2",1
"16236","CFAP97",2
"16237","RNU4-64P",1
"16238","RNU6-544P",1
"16239","SPR",1
"16240","OR10G7",3
"16241","OR8B12",2
"16242","THYN1",1
"16243","RAD52",3
"16244","RNU6-1264P",2
"16245","KIAA0753",2
"16246","KLRB1",2
"16247","ADPRM",1
"16248","ZNF18",2
"16249","PDE6H",1
"16250","SLC39A2",1
"16251","SP8",2
"16252","C12orf71",1
"16253","RNU6-1069P",1
"16254","COPS9",1
"16255","NEU4",3
"16256","MFSD5",3
"16257","MKKS",2
"16258","SNRPB2",1
"16259","THBD",1
"16260","NAA40",2
"16261","FAM240B",1
"16262","MIR1299",1
"16263","SFTPA1",1
"16264","PDE12",3
"16265","ABHD6",1
"16266","HHEX",1
"16267","CYP26C1",1
"16268","SNORD115-32",1
"16269","SNORD115-39",1
"16270","SNORD115-41",2
"16271","FBXW2",3
"16272","OR1L4",1
"16273","KLHL21",2
"16274","NANOS1",1
"16275","IFNGR2",1
"16276","ATP5PO",1
"16277","GP1BB",1
"16278","TBX1",2
"16279","ZNF853",1
"16280","ZNF12",2
"16281","JMJD8",2
"16282","RLF",1
"16283","TMCO2",1
"16284","NFYC",2
"16285","IL6",1
"16286","TRA2A",2
"16287","NPY",1
"16288","ARL5B",1
"16289","UBE2M",1
"16290","CGRRF1",1
"16291","RPL15",1
"16292","IPMK",1
"16293","CCDC6",2
"16294","PBLD",1
"16295","ZNF621",2
"16296","YPEL5",1
"16297","CD72",2
"16298","KAT8",2
"16299","CHST3",1
"16300","CFAP70",5
"16301","C9orf57",1
"16302","CYP1B1",1
"16303","HTR7",1
"16304","ANKRD1",2
"16305","CTRL",1
"16306","ESRP2",1
"16307","C2orf73",1
"16308","RNU6-508P",1
"16309","BCL11A",2
"16310","SNORD115-13",2
"16311","SNORD115-17",1
"16312","TSKU",1
"16313","THRSP",1
"16314","C15orf62",1
"16315","DEFB1",1
"16316","RNU6-729P",1
"16317","BLK",2
"16318","NEIL2",2
"16319","LZTS1",2
"16320","SFTPC",1
"16321","POLR3D",1
"16322","TNFRSF10C",1
"16323","GTF2A2",1
"16324","PURG",2
"16325","HDGFL3",1
"16326","CIB1",2
"16327","HAGHL",1
"16328","MAT1A",2
"16329","ECHDC3",1
"16330","GFER",1
"16331","ZNF497",3
"16332","CLDN9",1
"16333","NKX2-8",1
"16334","TMEM18",2
"16335","C16orf89",1
"16336","SOCS1",1
"16337","PRM2",2
"16338","KIF3C",2
"16339","CIMIP2C",3
"16340","ZNF250",2
"16341","C8orf33",2
"16342","NOMO2",1
"16343","CGREF1",1
"16344","PREB",3
"16345","PRR30",2
"16346","TCF23",1
"16347","TRMT61B",2
"16348","ZBTB5",4
"16349","PLLP",1
"16350","KCTD19",1
"16351","HSD11B2",1
"16352","GFOD2",1
"16353","SLC7A6OS",1
"16354","ZFP90",2
"16355","SNORD115-18",2
"16356","SNORD115-26",1
"16357","CTRB1",1
"16358","VAX2",1
"16359","ELOA",2
"16360","MIR1253",1
"16361","GP1BA",2
"16362","MICOS10",1
"16363","OR6C6",2
"16364","OR6C1",1
"16365","SPEM2",1
"16366","TMEM102",3
"16367","FGF11",4
"16368","CHRNB1",2
"16369","FCN3",2
"16370","GPR3",1
"16371","SLC40A1",2
"16372","ZC3H12A",2
"16373","CCNYL1",4
"16374","C1QL3",2
"16375","GPR75",2
"16376","NFAT5",3
"16377","MIR130B",1
"16378","YPEL1",1
"16379","RNU7-116P",1
"16380","FNTB",1
"16381","TMEM229B",1
"16382","ZNF410",1
"16383","IRF2BPL",2
"16384","SGPL1",2
"16385","SEPTIN1",2
"16386","DNAJA2",3
"16387","ZBTB42",1
"16388","RHOQ",1
"16389","RASL11A",2
"16390","SERPIND1",2
"16391","SNAP29",2
"16392","ZNF280B",1
"16393","GNAZ",3
"16394","NFU1",1
"16395","FAM136A",1
"16396","MRPL55",1
"16397","RNF187",1
"16398","GINS2",2
"16399","LRRC57",1
"16400","PRDX3",1
"16401","PGAM5",2
"16402","PPP1R3E",1
"16403","RNF6",2
"16404","RGL4",1
"16405","RNU6-921P",1
"16406","CCDC177",1
"16407","MIR6511A2",1
"16408","ZNF446",1
"16409","KCTD17",2
"16410","FGR",2
"16411","PTP4A2",2
"16412","MFSD6",4
"16413","PRSS27",1
"16414","AP1G2",2
"16415","ZNF841",1
"16416","PIGBOS1",1
"16417","PRAMEF8",1
"16418","TMEM17",1
"16419","LIM2",1
"16420","MIR4267",1
"16421","RCAN3",2
"16422","SULT1A3",1
"16423","SNAI3",1
"16424","HNRNPCL1",2
"16425","PRAMEF13",2
"16426","GRHL3",3
"16427","TRMT61A",2
"16428","C19orf84",1
"16429","RNF113B",1
"16430","LTB4R",1
"16431","RNU5B-1",1
"16432","MMRN2",3
"16433","NR2E3",2
"16434","ATP6V1E2",1
"16435","ARPP19",1
"16436","TNFSF13B",1
"16437","SMPD4",4
"16438","RND3",1
"16439","DUSP19",2
"16440","MLNR",1
"16441","SRSF10",2
"16442","EFS",3
"16443","SYNC",4
"16444","PRMT1",2
"16445","CENPBD1P",1
"16446","LACC1",1
"16447","FAS",2
"16448","IFIT2",1
"16449","RNU6-1122P",1
"16450","LIPN",1
"16451","SLC20A1",1
"16452","IFIT3",2
"16453","NRL",2
"16454","SLC24A5",1
"16455","BHLHA9",1
"16456","RNU6-627P",1
"16457","INHBB",2
"16458","PAGE1",1
"16459","GAGE10",1
"16460","FOXP3",2
"16461","GCA",2
"16462","SGPP2",1
"16463","ZNF488",1
"16464","HLF",2
"16465","TSPAN3",2
"16466","FAM117B",3
"16467","SMIM36",3
"16468","ZNF182",1
"16469","TMEM216",1
"16470","IL2RG",1
"16471","THNSL2",2
"16472","AHSP",1
"16473","GINS4",1
"16474","MEIG1",2
"16475","CKLF-CMTM1",1
"16476","KRTAP19-2",2
"16477","CHST14",1
"16478","KRTAP19-6",1
"16479","KRTAP6-2",1
"16480","ZBTB43",1
"16481","HOXB9",3
"16482","GPR50",2
"16483","ZSWIM1",2
"16484","BCL7A",3
"16485","SPATA32",5
"16486","IGHV3-72",1
"16487","OR5A2",1
"16488","PCDHB4",3
"16489","RAMP1",1
"16490","NDUFA8",3
"16491","H2BC5",2
"16492","SHCBP1",3
"16493","SPMIP6",2
"16494","TNK1",1
"16495","BPIFA1",3
"16496","RSC1A1",1
"16497","RHOH",1
"16498","C13orf46",1
"16499","C1GALT1C1",2
"16500","TNFAIP8L3",1
"16501","ISOC1",1
"16502","OR8K3",1
"16503","HSPA9",3
"16504","RRP1",3
"16505","WFIKKN1",1
"16506","ODF4",2
"16507","FOXR1",1
"16508","NETO2",2
"16509","GABRD",2
"16510","NCBP2",2
"16511","ATP5ME",1
"16512","ING5",3
"16513","FAM110A",1
"16514","KAZALD1",1
"16515","POLR1H",1
"16516","CD164L2",2
"16517","ELAVL1",3
"16518","TMEM64",1
"16519","ALAD",3
"16520","AP2M1",1
"16521","MIR30B",1
"16522","IL11",2
"16523","STAR",1
"16524","FMO3",4
"16525","PEX2",1
"16526","HEY1",2
"16527","COLGALT2",2
"16528","ARHGAP9",1
"16529","C11orf54",3
"16530","NDUFAF3",1
"16531","GORASP1",3
"16532","ACY1",2
"16533","GAP43",3
"16534","SLC30A1",3
"16535","CCDC127",1
"16536","PELO",2
"16537","ACKR1",1
"16538","CXorf49",1
"16539","KLRG2",1
"16540","BRK1",1
"16541","RNU7-133P",1
"16542","ARHGEF3",2
"16543","RNU5F-4P",1
"16544","RNU6-1117P",1
"16545","A4GNT",2
"16546","DBR1",2
"16547","CNN3",1
"16548","TEKTIP1",1
"16549","IL2",1
"16550","SRSF4",2
"16551","RAB33B",1
"16552","FAM193B",2
"16553","PGLYRP4",2
"16554","SCAMP3",3
"16555","DSC2",3
"16556","CAPZA1",1
"16557","RPTN",1
"16558","RBMXL1",3
"16559","PRR22",1
"16560","TULP2",2
"16561","JKAMP",2
"16562","MTERF3",2
"16563","NFKBID",2
"16564","MRPL58",1
"16565","ASCL5",1
"16566","GALR2",2
"16567","CFAP418",1
"16568","DYNLT1",1
"16569","NCKIPSD",2
"16570","TMEM115",1
"16571","BTG2",1
"16572","MFSD9",2
"16573","RIC8B",3
"16574","MTIF3",1
"16575","RNU4-41P",1
"16576","PIGP",1
"16577","MRPL52",2
"16578","GALT",1
"16579","SPATA31F3",1
"16580","PSMG3",1
"16581","RNU6-664P",1
"16582","TRMT11",1
"16583","COX6C",1
"16584","LYZL4",1
"16585","CTLA4",2
"16586","KLF10",2
"16587","GRINA",1
"16588","MIR3150B",1
"16589","TOR4A",1
"16590","NRARP",1
"16591","NPY1R",1
"16592","TMEM168",1
"16593","MED30",2
"16594","GALR3",1
"16595","KRTAP9-4",2
"16596","REC8",2
"16597","MARVELD2",1
"16598","MFSD3",1
"16599","TMEM139",1
"16600","CEL",3
"16601","TRIM59",1
"16602","ACTRT3",2
"16603","PGBD2",3
"16604","FOXO4",1
"16605","PFDN5",1
"16606","RNF103",1
"16607","LCAT",1
"16608","RNU4-83P",1
"16609","PGLS",2
"16610","SYTL1",2
"16611","TRAF4",1
"16612","KRTAP4-3",1
"16613","ERFE",1
"16614","CARD19",1
"16615","GALNTL5",2
"16616","ZNF596",1
"16617","CYP11A1",4
"16618","GOLGA6D",2
"16619","ZNF552",1
"16620","CMTM4",2
"16621","RWDD2B",1
"16622","KRTAP15-1",2
"16623","LIPJ",2
"16624","FOXO3B",1
"16625","MOCS2",1
"16626","TADA3",1
"16627","ANKZF1",1
"16628","UGT1A4",2
"16629","RAB37",1
"16630","ZNF550",2
"16631","SNORA7B",1
"16632","RHOB",1
"16633","TUBA1B",2
"16634","TUBA1A",3
"16635","TAF9B",3
"16636","MUL1",2
"16637","BET1L",1
"16638","TEFM",1
"16639","NEUROD2",1
"16640","C5orf34",3
"16641","ZNF260",1
"16642","SMG8",2
"16643","MIR422A",2
"16644","MAPK12",2
"16645","RNU6-1146P",1
"16646","PRSS54",1
"16647","ADM",2
"16648","MANBAL",1
"16649","JAML",2
"16650","PRKAG1",1
"16651","SSU72L6",2
"16652","TLDC2",2
"16653","TMEM106C",3
"16654","MIR125B1",1
"16655","NEFL",2
"16656","DOK2",2
"16657","OR52E8",1
"16658","ALDOC",1
"16659","TSG101",2
"16660","C19orf12",1
"16661","GALR1",2
"16662","FOLR3",1
"16663","PDRG1",1
"16664","TBRG1",1
"16665","SERTAD3",2
"16666","GPR139",1
"16667","NPIPB3",1
"16668","ANGPTL8",1
"16669","RAD23A",2
"16670","EIF4EBP2",1
"16671","MON1B",2
"16672","MAPK1IP1L",1
"16673","SSTR5",1
"16674","PTTG1",2
"16675","TOMM34",1
"16676","C5orf46",2
"16677","H2BC6",2
"16678","CMAS",1
"16679","ZSCAN23",2
"16680","CTBS",2
"16681","UGP2",2
"16682","FPGT",2
"16683","DCTPP1",1
"16684","ABCD2",2
"16685","PCDHGB5",1
"16686","ECI2",1
"16687","N4BP3",3
"16688","PRR23D2",1
"16689","LPCAT2",1
"16690","CTSF",1
"16691","HUS1B",1
"16692","IRX6",2
"16693","HAAO",3
"16694","PRSS8",1
"16695","ZKSCAN8",5
"16696","PIANP",1
"16697","IGHV3OR16-9",2
"16698","TRIM7",1
"16699","MIR7-3",1
"16700","ZNF17",2
"16701","ADNP2",2
"16702","VPS4B",2
"16703","DUSP2",1
"16704","TTC36",2
"16705","NOXA1",1
"16706","CYGB",1
"16707","IFI35",1
"16708","OR10H4",1
"16709","NDUFB10",1
"16710","MTNR1B",1
"16711","OR6T1",1
"16712","PPIF",1
"16713","ACOT4",1
"16714","SLC22A11",2
"16715","MC4R",1
"16716","OLR1",1
"16717","LRRC66",1
"16718","SLC52A3",1
"16719","SCGB1C1",1
"16720","OR2C1",1
"16721","EN2",2
"16722","MARCHF5",1
"16723","CDK5R2",2
"16724","NAT9",1
"16725","OSTC",2
"16726","TDRD7",2
"16727","DNAJA3",1
"16728","STARD6",2
"16729","TVP23B",1
"16730","CCK",2
"16731","MPPE1",1
"16732","HMGN2",1
"16733","ZDHHC18",2
"16734","SETD6",1
"16735","PPIL3",2
"16736","IGF1",1
"16737","NDUFS8",2
"16738","MPL",2
"16739","KLRC1",1
"16740","OR12D3",1
"16741","SLC35D1",2
"16742","KCTD15",1
"16743","RASL11B",1
"16744","SOX15",1
"16745","GOT2",1
"16746","C20orf204",1
"16747","CD160",1
"16748","XYLB",1
"16749","LRATD1",1
"16750","OR5M8",1
"16751","OGFRL1",2
"16752","LSM11",2
"16753","THAP1",1
"16754","ZHX1",1
"16755","SPINT4",1
"16756","GAPDHS",2
"16757","U2AF1L4",2
"16758","CTU1",1
"16759","HAS1",2
"16760","FAHD1",2
"16761","OR5M11",1
"16762","TPRN",1
"16763","GPATCH4",3
"16764","OVOL2",1
"16765","GLRX3",2
"16766","C1orf50",1
"16767","TYMP",2
"16768","PRSS33",1
"16769","UQCR11",1
"16770","CRYBB2",2
"16771","LSM2",1
"16772","HOXA4",1
"16773","MPV17",2
"16774","ACTL6B",1
"16775","TMEM30A",2
"16776","B3GALT4",1
"16777","NRBF2",1
"16778","AVP",1
"16779","LST1",1
"16780","ALDH18A1",2
"16781","TIFA",1
"16782","DEFA5",1
"16783","SERPINA1",1
"16784","DUSP14",1
"16785","NKX6-2",2
"16786","DPEP2",2
"16787","KLRC4",1
"16788","KIF3A",2
"16789","RAG1",1
"16790","GPX4",1
"16791","RNU6-798P",1
"16792","MTNAP1",1
"16793","FANCF",1
"16794","TRIM56",2
"16795","GOLGA8F",1
"16796","OR4D1",1
"16797","TRIM11",1
"16798","SOWAHA",1
"16799","TADA2B",2
"16800","EIF3G",1
"16801","SERTAD2",1
"16802","MIR8070",1
"16803","FTL",1
"16804","PDCD2L",1
"16805","OR56A3",1
"16806","TMEM106A",2
"16807","TNFRSF11B",1
"16808","THEM6",2
"16809","CNNM2",1
"16810","KLC3",1
"16811","NUTM2D",2
"16812","OR10AG1",1
"16813","GPR119",1
"16814","ADIPOR1",3
"16815","ABHD17B",2
"16816","PCDHGC3",1
"16817","CST3",1
"16818","LIN7B",1
"16819","NXPH2",1
"16820","ZBED4",1
"16821","SPATA24",1
"16822","ZNF570",1
"16823","THAP3",1
"16824","RAB29",2
"16825","CD37",2
"16826","HDHD2",1
"16827","SMS",3
"16828","DNAJC27",1
"16829","TMEM248",1
"16830","RLN3",1
"16831","RNU6-22P",1
"16832","HOXD11",1
"16833","CLEC3A",1
"16834","TMEM259",1
"16835","DHRS12",2
"16836","TBPL1",2
"16837","HSFX2",1
"16838","OR8G5",2
"16839","CLDN4",1
"16840","UPK3B",3
"16841","ZNHIT2",1
"16842","SLC39A3",1
"16843","MED20",1
"16844","ACKR4",1
"16845","CBLN4",3
"16846","POU5F2",1
"16847","H1-4",1
"16848","SRP9",3
"16849","ZCCHC18",1
"16850","PAGE5",1
"16851","TUBA1C",1
"16852","GLO1",1
"16853","BEX3",1
"16854","USP1",2
"16855","ARL6IP5",1
"16856","CYTIP",2
"16857","FAM50B",1
"16858","KRTAP11-1",1
"16859","ZNF454",2
"16860","DDX41",1
"16861","HTR1F",1
"16862","PAPOLA",2
"16863","SNORD113-5",1
"16864","ARMCX4",3
"16865","RNF225",1
"16866","TUBAL3",1
"16867","SCAND1",1
"16868","DYDC2",1
"16869","VCF2",1
"16870","GDPD2",2
"16871","IGBP1",1
"16872","VDAC1",1
"16873","BCL2L2-PABPN1",2
"16874","F10",1
"16875","PMM1",2
"16876","FKRP",3
"16877","WIPF2",1
"16878","MACIR",1
"16879","CYSTM1",1
"16880","MGAT2",1
"16881","FKBPL",2
"16882","CDX4",1
"16883","LRFN1",1
"16884","TMEM80",1
"16885","PCDHA4",1
"16886","ZNF362",1
"16887","TPRX1",1
"16888","SPRY2",2
"16889","GMCL2",1
"16890","CFAP36",1
"16891","NEU2",1
"16892","ERCC6L",1
"16893","CD151",2
"16894","COA3",1
"16895","FGF4",1
"16896","SH3BGRL",2
"16897","AMDHD1",1
"16898","NKX2-5",1
"16899","NMUR1",1
"16900","OR8J1",2
"16901","UBTFL1",1
"16902","METTL1",1
"16903","OR52L1",1
"16904","FEV",1
"16905","DIO3",1
"16906","SCRG1",1
"16907","BTN3A2",3
"16908","MOB4",2
"16909","MRPL44",1
"16910","TM4SF20",1
"16911","FZD10",1
"16912","SLC15A3",1
"16913","OR9A2",1
"16914","H1-6",1
"16915","RBIS",1
"16916","POLR2H",1
"16917","FEZF2",1
"16918","KCNS2",1
"16919","TRIM43B",1
"16920","HAS2",1
"16921","PABIR2",1
"16922","LENG9",1
"16923","SHQ1",2
"16924","HOXA6",2
"16925","CLEC1B",1
"16926","GNL1",1
"16927","RNU7-174P",4
"16928","MTPN",2
"16929","RNF5",1
"16930","ZNF670",1
"16931","GSTM5",2
"16932","TMEM263",1
"16933","DDX51",5
"16934","PPM1J",1
"16935","ZBED2",1
"16936","RNPC3",1
"16937","GPR171",1
"16938","SERPINH1",1
"16939","NEK8",1
"16940","OR4A15",4
"16941","RAB5A",1
"16942","NAGPA",1
"16943","SULT6B1",1
"16944","TMEM9",2
"16945","RAB6A",2
"16946","MDK",1
"16947","RBP1",2
"16948","UBAP1",1
"16949","CD63",1
"16950","TBP",1
"16951","RMI1",1
"16952","CCDC25",2
"16953","RNU6-204P",1
"16954","PHOSPHO2",1
"16955","C9orf85",3
"16956","MAB21L1",1
"16957","OR1A1",1
"16958","C1orf198",1
"16959","SPATA33",3
"16960","NDUFB1",1
"16961","RPL38",1
"16962","SNORD114-21",1
"16963","DUSP28",2
"16964","SHE",2
"16965","C11orf42",1
"16966","SAT2",1
"16967","TMEM45B",1
"16968","GID4",1
"16969","OR10A6",1
"16970","CNBP",1
"16971","PATE1",2
"16972","FN3K",1
"16973","ZCCHC12",1
"16974","MIR6511A1",2
"16975","NPDC1",1
"16976","FAM222B",2
"16977","TAFAZZIN",1
"16978","IQCJ",1
"16979","OR51B5",1
"16980","DDN",1
"16981","KCTD13",1
"16982","MC5R",1
"16983","SEPHS2",1
"16984","RELL1",2
"16985","ERAP2",2
"16986","PIM2",1
"16987","PF4",1
"16988","CLEC19A",1
"16989","GM2A",1
"16990","HSF1",2
"16991","PFDN1",1
"16992","RNU7-34P",2
"16993","OR6N1",1
"16994","PIP4P2",2
"16995","LDLRAD1",2
"16996","ZG16",2
"16997","KRT222",1
"16998","WTIP",1
"16999","RNU1-75P",1
"17000","H2AC20",1
"17001","ZNF566",2
"17002","KLHL10",1
"17003","RNU6-1266P",1
"17004","CHMP5",1
"17005","SMIM41",1
"17006","CLDN34",1
"17007","OR4M1",1
"17008","LPGAT1",2
"17009","TM4SF19-DYNLT2B",1
"17010","ANKRD20A4P",2
"17011","ZBTB25",3
"17012","CXCL2",1
"17013","FAM163B",1
"17014","TUSC1",1
"17015","NAIF1",1
"17016","TMBIM4",2
"17017","CCDC110",1
"17018","OOSP1",1
"17019","HENMT1",1
"17020","SPACA4",1
"17021","ACTL7A",1
"17022","C2orf69",1
"17023","C11orf24",2
"17024","DRD1",2
"17025","PCGF3",1
"17026","PPP1CA",1
"17027","GDNF",3
"17028","C19orf18",1
"17029","ZNF256",1
"17030","SBK2",2
"17031","FSD2",1
"17032","MFSD10",1
"17033","PCDHGB7",1
"17034","SCYGR8",2
"17035","OR5D13",1
"17036","SCG2",1
"17037","GOLGA8T",1
"17038","MBLAC2",1
"17039","SLC5A2",1
"17040","TEDC2",1
"17041","RASL10A",1
"17042","OTUD5",1
"17043","HSPA2",1
"17044","C1QTNF4",1
"17045","RPE",1
"17046","TFG",2
"17047","KLHL17",1
"17048","AP1AR",1
"17049","BRICD5",1
"17050","EZHIP",2
"17051","DEFB132",1
"17052","CCDC74A",1
"17053","BLOC1S4",1
"17054","NICN1",1
"17055","MST1",1
"17056","TRAIP",2
"17057","RTL6",1
"17058","BMERB1",1
"17059","HSPB2",1
"17060","TMEM238L",1
"17061","TWF2",1
"17062","NPIPA9",1
"17063","DNAJB4",1
"17064","ONECUT2",1
"17065","MTRFR",1
"17066","GPRASP2",1
"17067","H3-3A",1
"17068","KCNF1",1
"17069","MED28",1
"17070","ZNF513",1
"17071","SIX3",1
"17072","STH",1
"17073","AP1S2",1
"17074","SSR3",1
"17075","MIR510",2
"17076","FBXL8",2
"17077","DCAKD",2
"17078","FUT9",1
"17079","RNU7-62P",1
"17080","BIRC3",1
"17081","HSPB2-C11orf52",1
"17082","FAXDC2",1
"17083","MFAP2",1
"17084","TMEM275",1
"17085","CDC42EP3",1
"17086","RPL12",1
"17087","MAFF",1
"17088","APOBEC3H",1
"17089","SWSAP1",2
"17090","SPAG11B",2
"17091","TAF1D",1
"17092","CITED1",1
"17093","FAM133A",2
"17094","TEX13B",1
"17095","RNU6-614P",1
"17096","FBXO30",1
"17097","RNU6-1222P",1
"17098","GPR37",1
"17099","OR4D11",1
"17100","CLDN23",1
"17101","CTAGE9",1
"17102","MAD2L1",2
"17103","EFNA4",1
"17104","KCNA1",1
"17105","INSYN2A",1
"17106","PRR23A",1
"17107","IRAK1BP1",2
"17108","TPM2",1
"17109","DMRTB1",1
"17110","MIRLET7C",1
"17111","ZNF823",2
"17112","RUNX3",1
"17113","RNU6-152P",1
"17114","CCR5",1
"17115","ZBTB7A",1
"17116","TLCD4",1
"17117","TMEM81",2
"17118","EPS8L2",2
"17119","XCR1",1
"17120","IDH3A",1
"17121","ZNF146",1
"17122","STX17",1
"17123","RNU6-698P",1
"17124","HLA-DMB",1
"17125","RNU6-243P",1
"17126","MRPL14",1
"17127","C19orf67",1
"17128","KIAA1958",1
"17129","CRIP3",2
"17130","MIR4278",2
"17131","GPHA2",1
"17132","CDCA7",1
"17133","FAM220A",1
"17134","TMBIM1",1
"17135","VPS18",1
"17136","LAS1L",1
"17137","ASNSD1",1
"17138","SERPINA4",1
"17139","PLP1",1
"17140","OR10H3",2
"17141","MAB21L2",1
"17142","MBD2",1
"17143","GPR173",1
"17144","SCNM1",1
"17145","FIGNL2",1
"17146","DNAJB2",1
"17147","LINC02203",1
"17148","ARMH4",1
"17149","OR7C2",2
"17150","TIMM9",1
"17151","SMAD7",1
"17152","NOG",1
"17153","ATP5F1E",2
"17154","LANCL3",1
"17155","DESI2",1
"17156","TMEM97",2
"17157","LHFPL7",1
"17158","TSNAXIP1",1
"17159","DDX28",1
"17160","CCDC195",1
"17161","CD164",1
"17162","RPS29",2
"17163","OR13A1",1
"17164","FAAP24",1
"17165","EIF5AL1",1
"17166","HCRTR1",1
"17167","H2BC18",1
"17168","TXN",1
"17169","ZBTB8B",2
"17170","SOX21",1
"17171","OR10G2",1
"17172","NTPCR",2
"17173","THOC6",1
"17174","OR1E1",1
"17175","MIR4710",1
"17176","CHN2",1
"17177","NUTM2A",1
"17178","PRLH",2
"17179","PPP1R7",2
"17180","RTBDN",1
"17181","PCDHAC2",1
"17182","FLAD1",2
"17183","ABITRAM",2
"17184","PKMYT1",1
"17185","MRPL15",1
"17186","SRXN1",1
"17187","PCDHA13",1
"17188","C16orf92",1
"17189","HSF4",1
"17190","GARIN4",1
"17191","RRAGD",1
"17192","GSTM3",1
"17193","SLFN5",1
"17194","FAM241B",1
"17195","DAG1",1
"17196","ZNF85",1
"17197","FILIP1L",1
"17198","ZNF664",1
"17199","NXPE3",2
"17200","KRTAP9-1",1
"17201","METAP2",3
"17202","SIKE1",1
"17203","TRIM45",1
"17204","PCDHGB2",1
"17205","SHISAL2B",1
"17206","H2BC3",1
"17207","XPNPEP1",1
"17208","RBM15",2
"17209","RPS6KB2",1
"17210","PPP2CB",1
"17211","MIEN1",1
"17212","BCL7B",1
"17213","RHOA",1
"17214","CCDC166",1
"17215","SIGLEC14",1
"17216","MARCKS",1
"17217","CMTM5",2
"17218","OXT",1
"17219","BORCS7-ASMT",1
"17220","SLC25A44",1
"17221","RFPL4AL1",1
"17222","ZNF416",1
"17223","DEFA4",1
"17224","RNU2-43P",1
"17225","BORCS7",1
"17226","CCNE2",1
"17227","SHOX2",1
"17228","MIR4770",1
"17229","CACNB3",1
"17230","HOXB1",1
"17231","APOBEC4",1
"17232","RABAC1",1
"17233","KLK12",1
"17234","RIT1",1
"17235","GIN1",1
"17236","KLK7",1
"17237","GNRHR",2
"17238","ZKSCAN1",3
"17239","COPS6",1
"17240","OR2A1",1
"17241","CNRIP1",1
"17242","C9orf78",2
"17243","KRTAP5-6",1
"17244","PABPC3",2
"17245","ASTE1",1
"17246","CCL19",1
"17247","GIMAP4",1
"17248","CD7",1
"17249","ZNF746",2
"17250","RPL9",1
"17251","MCEMP1",1
"17252","RNU7-149P",1
"17253","SNORD116-14",1
"17254","JSRP1",1
"17255","ZBTB18",1
"17256","LRIF1",1
"17257","ARL8B",1
"17258","EMC9",1
"17259","PPTC7",1
"17260","QRFP",1
"17261","DMP1",1
"17262","OR56B1",1
"17263","ALDOB",2
"17264","ARF6",1
"17265","PLEKHO2",2
"17266","HOXC11",1
"17267","TMEM74B",1
"17268","STEAP1",1
"17269","HSD17B6",1
"17270","SNORD115-27",1
"17271","TIGD6",1
"17272","DDIT4",1
"17273","DNAJB12",1
"17274","DHRS3",1
"17275","FAM24B",1
"17276","CLRN3",1
"17277","CHAC1",1
"17278","CDK5",1
"17279","ADRB3",1
"17280","NDUFA7",1
"17281","RNU7-167P",1
"17282","LPCAT4",1
"17283","TAFA4",1
"17284","KANSL2",1
"17285","ARHGEF35",1
"17286","DDOST",1
"17287","LRRN3",1
"17288","RIBC1",1
"17289","MAGEA10",1
"17290","C17orf113",1
"17291","ERMN",1
"17292","INSIG1",1
"17293","FLRT1",1
"17294","HOXB6",1
"17295","CALCOCO2",1
"17296","SHMT2",1
"17297","FABP5",1
"17298","HOXA9",2
"17299","ARPC1A",1
"17300","HSD17B10",1
"17301","RTP2",1
"17302","C1orf52",1
"17303","CARNMT1",2
"17304","AMT",1
"17305","RNU6-912P",1
"17306","TSPYL2",1
"17307","YIPF6",1
"17308","MSANTD1",1
"17309","MIR513B",1
"17310","ZNF586",1
"17311","TNFAIP1",1
"17312","TCIRG1",1
"17313","JUN",1
"17314","H3C4",1
"17315","ASCL1",1
"17316","ITGB1BP2",1
"17317","IFNG",2
"17318","TENT5D",1
"17319","NTN3",1
"17320","THAP11",1
"17321","CRLF2",1
"17322","HTRA2",1
"17323","MXD1",1
"17324","OLIG3",1
"17325","GCGR",1
"17326","OXLD1",1
"17327","SMIM12",1
"17328","STMN2",1
"17329","DNAJB9",1
"17330","ZNF358",1
"17331","HSD11B1L",1
"17332","RHBDD3",1
"17333","MAGEB6B",1
"17334","RNU12-2P",1
"17335","KANTR",1
"17336","LRRC38",2
"17337","RNU6-598P",1
"17338","CRYBA2",1
"17339","ZC3H10",1
"17340","QPRT",1
"17341","RNU6-686P",1
"17342","PUS3",1
"17343","TAAR1",1
"17344","FAM156A",1
"17345","RNU5F-6P",1
"17346","OR11H4",1
"17347","PI15",2
"17348","WFDC6",1
"17349","SMIM19",1
"17350","GSPT2",1
"17351","TUFM",1
"17352","RABEP2",1
"17353","LRRTM3",2
"17354","AKAP14",1
"17355","IZUMO1",1
"17356","CD27",1
"17357","DEFA3",1
"17358","LY6K",1
"17359","POP5",1
"17360","FZD1",2
"17361","GADD45GIP1",2
"17362","MIR596",1
"17363","MIR297",1
"17364","OR2T34",1
"17365","TMEM243",1
"17366","AVPI1",1
"17367","CXCL6",1
"17368","PDLIM4",1
"17369","RNU6-353P",1
"17370","HSPA1B",1
"17371","MS4A12",1
"17372","KRTAP9-2",1
"17373","CALCA",1
"17374","OR3A1",2
"17375","KRTAP2-2",1
"17376","MIR670",1
"17377","CD200R1",1
"17378","PSORS1C2",1
"17379","INHBA",1
"17380","MUC22",1
"17381","TICAM2",1
"17382","NEURL3",1
"17383","DMWD",1
"17384","MOSPD1",1
"17385","NPY5R",1
"17386","MAPKAPK3",1
"17387","DNASE1L2",1
"17388","TAF5L",1
"17389","YIF1A",1
"17390","SNRPA1",1
"17391","ZNF32",1
"17392","AURKB",1
"17393","BAX",1
"17394","ZNF383",1
"17395","HEXA",1
"17396","FZD2",1
"17397","LBX2",1
"17398","MIR4460",1
"17399","RNU6-604P",1
"17400","EIF3C",1
"17401","PIAS2",1
"17402","STARD5",1
"17403","LCE6A",1
"17404","CCT3",1
"17405","DYNC1LI2",1
"17406","KRTAP3-1",1
"17407","PRAP1",1
"17408","TMEM208",1
"17409","RNU6-221P",1
"17410","MID1IP1",1
"17411","MIR193A",1
"17412","CFAP184",1
"17413","FAM200B",1
"17414","GSX2",1
"17415","NUP37",1
"17416","GPRASP1",1
"17417","SNX18",1
"17418","DCANP1",1
"17419","ANKRD66",1
"17420","ARL6",1
"17421","OR5H2",1
"17422","TRIM52",1
"17423","RNU6-819P",1
"17424","ZNF366",1
"17425","F2RL1",1
"17426","RNU6-84P",1
"17427","PSMB1",1
"17428","RAB35",1
"17429","GPR15",1
"17430","OPN1MW",1
"17431","ITPRIP",1
"17432","TMSB4X",1
"17433","FGF23",1
"17434","RNU1-65P",1
"17435","REEP2",1
"17436","RAB2B",1
"17437","S1PR1",1
"17438","TENT5C",1
"17439","RNU6-1103P",1
"17440","SLC39A8",1
"17441","SLC51B",1
"17442","OR52B4",1
"17443","ENOPH1",1
"17444","SKIL",1
"17445","CRELD2",1
"17446","CLPS",1
"17447","ADM2",1
"17448","ZNF564",1
