"","block_id","conc1","conc2","ZIP_synergy","Bliss_synergy","Loewe_synergy","HSA_synergy","idSample","drug1","drug2"
"1",1,0.39,3.125,0.65136861281862,-7.20740089251164,-18.5425498044128,-8.6578873634071,"AU565 R1","TBF","FLUVA"
"2",1,0.39,6.25,0.879648018093453,1.23338983986274,-12.3923676805686,-0.25217147660409,"AU565 R1","TBF","FLUVA"
"3",1,0.39,12.5,2.98469508435324,11.9326956283761,0.853639604385204,10.4861305687868,"AU565 R1","TBF","FLUVA"
"4",1,0.39,25,5.69573252716996,8.1994904756024,1.67319690334849,6.82263939478844,"AU565 R1","TBF","FLUVA"
"5",1,1.56,25,6.16241535405602,5.46092244940066,-1.8871365578948,14.7870551975343,"AU565 R1","TBF","FLUVA"
"6",1,1.56,50,9.48496126140127,9.63348170059086,-9.52615596006763,20.2717848136733,"AU565 R1","TBF","FLUVA"
"7",1,6.25,0.78,2.30190032722449,6.03863583246694,10.4953711128316,8.0694872513309,"AU565 R1","TBF","FLUVA"
"8",1,6.25,12.5,4.98444198614396,7.77365818058607,-5.44237899172916,10.8153544410199,"AU565 R1","TBF","FLUVA"
"9",1,6.25,25,4.17355475234491,4.03994469671711,-7.22158885443581,9.03614457831325,"AU565 R1","TBF","FLUVA"
"10",1,6.25,50,9.05746128015817,8.27444674146423,-7.98001702007809,26.9613337069207,"AU565 R1","TBF","FLUVA"
"11",1,25,12.5,0.431796842943939,0.906057979891443,3.43074229625701,1.3659288316055,"AU565 R1","TBF","FLUVA"
"12",1,0.39,12.5,0.057864698555786,1.9132040305086,-1.51672779618811,2.30579994162532,"AU565 R1","TBF","FLUVA"
"13",1,0.39,25,2.50672792266107,1.68397176091856,-3.30995828847428,2.551807530334,"AU565 R1","TBF","FLUVA"
"14",1,0.39,50,17.4158301140297,18.900123852305,10.948379643436,19.6097235541842,"AU565 R1","TBF","FLUVA"
"15",1,1.56,1.56,0.529741478652918,-0.453870533310058,-0.379156067932621,-0.0583746820664572,"AU565 R1","TBF","FLUVA"
"16",1,1.56,3.125,0.675984419468497,0.546044121869267,-0.279085184390107,0.0416962014760571,"AU565 R1","TBF","FLUVA"
"17",1,1.56,6.25,2.75555722345073,4.18975734575394,0.888261542531053,2.9270733436184,"AU565 R1","TBF","FLUVA"
"18",1,1.56,12.5,3.6312266152252,2.56569664405423,-2.56447776850173,2.91039486302799,"AU565 R1","TBF","FLUVA"
"19",1,1.56,25,16.9647013727488,17.412878083671,5.33621783916834,19.401242546804,"AU565 R1","TBF","FLUVA"
"20",1,1.56,50,31.2795590687968,29.5949928145551,12.4061306366084,39.9658091147896,"AU565 R1","TBF","FLUVA"
"21",1,6.25,0.78,8.60468702611956,12.4509503075109,11.6800290732927,12.5088604428137,"AU565 R1","TBF","FLUVA"
"22",1,6.25,1.56,8.97436509424217,11.2352004802412,10.6167759356536,11.4456073051745,"AU565 R1","TBF","FLUVA"
"23",1,6.25,3.125,7.94173857179759,7.02727121950299,5.93012288974604,6.75895425926698,"AU565 R1","TBF","FLUVA"
"24",1,6.25,6.25,11.1052548592989,10.528739598449,7.31012024419505,9.85698202893717,"AU565 R1","TBF","FLUVA"
"25",1,6.25,12.5,15.9298134182108,14.2935390573577,8.49399853729851,14.476921152483,"AU565 R1","TBF","FLUVA"
"26",1,6.25,25,21.8537931161522,19.9820781266159,8.18485898874334,21.0399032648126,"AU565 R1","TBF","FLUVA"
"27",1,6.25,50,22.9300072039439,26.5525745262489,9.25944567156044,35.8587332693992,"AU565 R1","TBF","FLUVA"
"28",1,25,0.78,0.340100461730955,0.610351685040555,1.27791122259667,0.621273401993079,"AU565 R1","TBF","FLUVA"
"29",1,25,3.125,0.213792110560618,0.36332546628374,-0.748671083547237,0.31272151107035,"AU565 R1","TBF","FLUVA"
"30",1,25,12.5,0.0440619781105767,-0.0637727780495823,-1.09057993565082,-0.0291873410332357,"AU565 R1","TBF","FLUVA"
"31",1,25,25,1.44859760543011,1.6643168429797,-0.915602803859542,1.86382020597924,"AU565 R1","TBF","FLUVA"
"32",1,25,50,2.17322118243263,1.28453317333222,-3.17583075267743,3.03965308760372,"AU565 R1","TBF","FLUVA"
"33",1,0.39,1.56,1.04514912479966,-7.53596307012894,-2.79931421558324,-3.23325635103927,"AU565 R1","TBF","FLUVA"
"34",1,1.56,1.56,1.40720670107456,1.09983405268361,3.93054241481203,4.88634982375105,"AU565 R1","TBF","FLUVA"
"35",1,1.56,3.125,4.02415588168178,11.1883069808609,4.66547388028835,7.02564725902516,"AU565 R1","TBF","FLUVA"
"36",1,1.56,6.25,4.24849723009274,3.72674347402895,-0.805224754335807,4.3636805639966,"AU565 R1","TBF","FLUVA"
"37",1,1.56,12.5,8.66120601690748,8.651552433089,4.01899349039747,13.4009967181233,"AU565 R1","TBF","FLUVA"
"38",1,1.56,25,8.61517986192311,10.8664827450117,5.084573956942,24.9057979822536,"AU565 R1","TBF","FLUVA"
"39",1,1.56,50,8.64885091035384,8.9929560262734,8.93703749129271,17.3574814634739,"AU565 R1","TBF","FLUVA"
"40",1,6.25,0.78,5.7295263565036,6.19051904045961,7.09960823418052,6.98310441230097,"AU565 R1","TBF","FLUVA"
"41",1,6.25,1.56,6.15824015926044,3.80287388679157,4.89908327568697,6.18694542360521,"AU565 R1","TBF","FLUVA"
"42",1,6.25,3.125,9.02741029572457,12.3145913387584,8.40582935566752,9.69369150358576,"AU565 R1","TBF","FLUVA"
"43",1,6.25,6.25,10.9912695626184,10.374466068399,6.67890123277304,10.7754953202869,"AU565 R1","TBF","FLUVA"
"44",1,6.25,12.5,15.7210378724308,14.6710069594628,9.35166694316816,17.6613589400754,"AU565 R1","TBF","FLUVA"
"45",1,6.25,25,15.7725507371167,12.9490292978075,7.8421745197292,23.1736963656254,"AU565 R1","TBF","FLUVA"
"46",1,6.25,50,12.7689068763047,12.5385431660929,14.4696168638783,35.5293545642397,"AU565 R1","TBF","FLUVA"
"47",1,25,0.78,0.591736992809032,1.41261435998706,2.108534330474,1.55585268019935,"AU565 R1","TBF","FLUVA"
"48",1,0.39,1.56,1.54788883754048,-11.5613396284762,-10.619127304066,-8.09990340830689,"AU565 R2","TBF","FLUVA"
"49",1,0.39,6.25,0.33467567134904,-1.3057481720571,-3.82321175280337,2.2906030081413,"AU565 R2","TBF","FLUVA"
"50",1,0.39,12.5,2.52924396723051,-0.150794924557694,2.179272033591,3.25651993928523,"AU565 R2","TBF","FLUVA"
"51",1,0.39,25,1.07850637490073,1.90021007441323,2.81571919262463,5.02966744859941,"AU565 R2","TBF","FLUVA"
"52",1,1.56,0.78,4.12125491537427,6.18968029271076,3.33147294431266,9.16241203256519,"AU565 R2","TBF","FLUVA"
"53",1,1.56,1.56,5.43836682831429,4.92830367381836,6.52589822373865,9.04512211949772,"AU565 R2","TBF","FLUVA"
"54",1,1.56,3.125,6.11497759399342,6.37670971666657,1.9101951742009,7.74113426245343,"AU565 R2","TBF","FLUVA"
"55",1,1.56,6.25,8.7072622156094,7.41031690068637,5.57378010589678,11.4047191941493,"AU565 R2","TBF","FLUVA"
"56",1,1.56,12.5,14.9803406781817,13.527238299565,7.96267655429153,17.5796881468194,"AU565 R2","TBF","FLUVA"
"57",1,1.56,25,15.6962466661121,14.7822253272144,7.75049669524871,18.5042086380571,"AU565 R2","TBF","FLUVA"
"58",1,1.56,50,6.20237563536365,7.28776079914227,-6.17949775127163,9.71436456464744,"AU565 R2","TBF","FLUVA"
"59",1,6.25,0.78,9.09540460935482,11.3105171120041,15.1569635260799,12.9708845039327,"AU565 R2","TBF","FLUVA"
"60",1,6.25,1.56,11.7954653086353,10.6846465819643,17.0198033218575,14.8337242997102,"AU565 R2","TBF","FLUVA"
"61",1,6.25,3.125,13.451437934688,14.3821220998286,8.79051293432009,15.1441975990065,"AU565 R2","TBF","FLUVA"
"62",1,6.25,6.25,16.8634335495119,15.1279034987122,11.0052224693001,17.3589071339865,"AU565 R2","TBF","FLUVA"
"63",1,6.25,12.5,22.6548351259782,20.8438681697135,10.8689360834186,25.7623844349386,"AU565 R2","TBF","FLUVA"
"64",1,6.25,25,26.8501686273206,27.7946552647252,13.2302349052092,36.6634469435628,"AU565 R2","TBF","FLUVA"
"65",1,6.25,50,22.4364560542801,22.9628485564151,6.80339140072921,47.3161308127501,"AU565 R2","TBF","FLUVA"
"66",1,0.39,3.125,0.643235427345362,-4.67940172135716,1.66260736903658,-0.298804780876495,"AU565 R2","TBF","FLUVA"
"67",1,0.39,12.5,0.203370059399977,-1.72251661239062,-0.943228008381887,1.08731739707838,"AU565 R2","TBF","FLUVA"
"68",1,0.39,50,3.59566293186799,2.64412586760087,4.31248783866959,5.96779548472776,"AU565 R2","TBF","FLUVA"
"69",1,1.56,3.125,1.47142152003703,0.434689831863345,3.23822029866865,5.37018592297478,"AU565 R2","TBF","FLUVA"
"70",1,1.56,6.25,3.55568916601482,3.1796101616112,0.399981202790674,5.5776892430279,"AU565 R2","TBF","FLUVA"
"71",1,1.56,12.5,8.57921900900061,8.68061135824122,2.04533261634335,11.2840305444887,"AU565 R2","TBF","FLUVA"
"72",1,1.56,25,15.0378474194543,15.4132759990362,7.12056399590557,24.4812416998672,"AU565 R2","TBF","FLUVA"
"73",1,1.56,50,25.0295678209073,25.2736622263712,28.9144877866163,33.6155378486056,"AU565 R2","TBF","FLUVA"
"74",1,6.25,0.78,3.54162774369943,4.77943699141019,5.41743113327282,5.18758300132802,"AU565 R2","TBF","FLUVA"
"75",1,6.25,1.56,4.47432518791466,4.20405394937513,5.39253073486644,5.16268260292164,"AU565 R2","TBF","FLUVA"
"76",1,6.25,3.125,9.32381066000178,9.76013876929201,12.2982412262343,12.0683930942895,"AU565 R2","TBF","FLUVA"
"77",1,6.25,6.25,10.5353899798833,10.0919353379973,11.4433275476154,11.2134794156706,"AU565 R2","TBF","FLUVA"
"78",1,6.25,12.5,14.4564916410238,13.0752502523108,14.5226768172038,14.292828685259,"AU565 R2","TBF","FLUVA"
"79",1,6.25,25,19.2670888992456,18.2731645008611,22.7439583577084,22.5141102257636,"AU565 R2","TBF","FLUVA"
"80",1,6.25,50,21.1559126789268,22.4171101740118,34.3682943470842,34.1384462151394,"AU565 R2","TBF","FLUVA"
"81",1,1.56,50,1.78621861564631,3.08885176030819,4.44517991206462,12.9831580305866,"AU565 R2","TBF","FLUVA"
"82",1,6.25,0.78,3.73493263087177,7.10684275718975,8.61843978998711,8.71781635155192,"AU565 R2","TBF","FLUVA"
"83",1,6.25,25,12.5012459300846,12.0963319459063,9.72566954992737,22.2688262244305,"AU565 R2","TBF","FLUVA"
"84",1,6.25,50,8.98030112124884,8.51820693686273,14.1326672755437,32.6256694844163,"AU565 R2","TBF","FLUVA"
"85",1,25,0.78,0.297497919206478,0.453006141494711,-0.722741431842934,0.658191908111249,"AU565 R2","TBF","FLUVA"
"86",1,25,1.56,0.614233369164765,0.844645762556112,0.038696265775954,1.41962960573014,"AU565 R2","TBF","FLUVA"
"87",1,25,3.125,0.679672637261149,1.25674991230424,0.200017811881651,1.58095115183583,"AU565 R2","TBF","FLUVA"
"88",1,25,25,0.0714264305400576,0.53051418540943,0.445226561962315,1.8261599019165,"AU565 R2","TBF","FLUVA"
"89",1,0.39,0.78,5.86771915417157,16.8119215789666,-9.43142503287291,-4.22775657762604,"AU565 R3","TBF","FLUVA"
"90",1,0.39,1.56,0.223166344342717,1.1776353635661,-31.1405703749394,-23.7597911227154,"AU565 R3","TBF","FLUVA"
"91",1,0.39,3.125,4.61470094332159,-6.10528066039653,-26.209861397233,-18.8290821450091,"AU565 R3","TBF","FLUVA"
"92",1,0.39,6.25,6.51157069311682,6.33129922940859,-16.5894556932764,-9.20867644105243,"AU565 R3","TBF","FLUVA"
"93",1,0.39,12.5,1.79005933547945,6.03199434814407,-26.8103503826014,-17.2524603334003,"AU565 R3","TBF","FLUVA"
"94",1,1.56,0.78,13.8840151100328,3.63265219848247,-8.25428262453682,-12.7033540871661,"AU565 R3","TBF","FLUVA"
"95",1,1.56,1.56,8.06682227916851,0.543326357122903,-14.3699685052358,-18.819039967865,"AU565 R3","TBF","FLUVA"
"96",1,1.56,3.125,8.82148350963416,-7.86528363896396,-13.2954555508273,-17.7445270134565,"AU565 R3","TBF","FLUVA"
"97",1,1.56,6.25,14.158131426216,5.46811773134652,-4.32574971795902,-6.59771038361116,"AU565 R3","TBF","FLUVA"
"98",1,1.56,12.5,13.0348336406528,7.60494539003965,-14.7333624864762,-10.473990761197,"AU565 R3","TBF","FLUVA"
"99",1,1.56,25,3.74858146398399,-1.03828931482098,-4.78752382736765,3.82606949186584,"AU565 R3","TBF","FLUVA"
"100",1,1.56,50,12.3677846639475,8.68842752736832,21.4748110474769,23.4886523398273,"AU565 R3","TBF","FLUVA"
"101",1,6.25,0.78,13.2488876562572,20.9270258645258,6.96403111360553,8.71660976099619,"AU565 R3","TBF","FLUVA"
"102",1,6.25,1.56,15.7923830434945,23.5706940429176,7.34563384507771,9.09821249246837,"AU565 R3","TBF","FLUVA"
"103",1,6.25,3.125,19.1189175066643,20.0273827319167,10.8905223769114,12.6431010243021,"AU565 R3","TBF","FLUVA"
"104",1,6.25,6.25,20.5629051845385,18.6691858365892,7.89795358799797,9.65053223538864,"AU565 R3","TBF","FLUVA"
"105",1,6.25,12.5,30.3350379682285,35.5959238482284,20.3301688922759,22.0827475396666,"AU565 R3","TBF","FLUVA"
"106",1,6.25,25,29.5548323667805,31.7929156645499,33.6762223166584,35.428800964049,"AU565 R3","TBF","FLUVA"
"107",1,6.25,50,30.0970761176502,31.2926522767384,47.1628662210568,48.9154448684475,"AU565 R3","TBF","FLUVA"
"108",1,25,0.78,2.17462873330705,2.11397005805586,-0.0707876209356186,0.140590480016073,"AU565 R3","TBF","FLUVA"
"109",1,25,1.56,2.28424559472934,3.20258925607658,0.652249133432733,0.863627234384424,"AU565 R3","TBF","FLUVA"
"110",1,25,3.125,2.28741383818758,1.7356841292174,0.330899464824583,0.542277565776274,"AU565 R3","TBF","FLUVA"
"111",1,25,6.25,2.43721840006101,2.15045488702681,0.481532121984642,0.692910222936334,"AU565 R3","TBF","FLUVA"
"112",1,25,12.5,2.98487451922388,3.61995577246893,1.22465323064101,1.4360313315927,"AU565 R3","TBF","FLUVA"
"113",1,25,25,0.57435185720847,-0.0855027145341865,0.290730756248564,0.502108857200255,"AU565 R3","TBF","FLUVA"
"114",1,0.39,0.78,2.53747238359368,4.60163881609478,-7.7070083379179,-5.30496585683096,"AU565 R3","TBF","FLUVA"
"115",1,0.39,1.56,3.71586198451868,7.23809927564439,-3.74454259722015,-1.34250011613321,"AU565 R3","TBF","FLUVA"
"116",1,0.39,3.125,3.99913192743837,6.99142683978118,-3.27536435594176,-0.873321874854824,"AU565 R3","TBF","FLUVA"
"117",1,0.39,6.25,3.41732838185619,10.4238930473855,-1.65414449251445,0.74789798857249,"AU565 R3","TBF","FLUVA"
"118",1,0.39,12.5,4.40612476951089,9.41411433287225,-2.94657666180101,0.492404886886249,"AU565 R3","TBF","FLUVA"
"119",1,0.39,25,5.95262408600003,7.9862844818069,-7.0360050006031,2.62461095368607,"AU565 R3","TBF","FLUVA"
"120",1,0.39,50,6.37719317840861,8.17803189439774,5.28600640876409,5.3560644771682,"AU565 R3","TBF","FLUVA"
"121",1,1.56,0.78,5.30155831324732,5.1337584940583,-3.91331315741863,-3.94388442421148,"AU565 R3","TBF","FLUVA"
"122",1,1.56,1.56,8.67506339947518,9.89260351673145,2.06058009291817,2.03000882612533,"AU565 R3","TBF","FLUVA"
"123",1,1.56,3.125,9.33261355963909,9.77086641671942,1.55785387429819,2.56422167510566,"AU565 R3","TBF","FLUVA"
"124",1,1.56,6.25,11.2728108777126,12.3967803154158,0.450204196383783,3.53045013239189,"AU565 R3","TBF","FLUVA"
"125",1,1.56,12.5,16.4382463139749,17.2335532318821,1.83038958064873,9.05839178705811,"AU565 R3","TBF","FLUVA"
"126",1,1.56,25,26.2904042709802,25.7519675338213,8.42624889494425,20.8389464393552,"AU565 R3","TBF","FLUVA"
"127",1,1.56,50,36.2168710912542,36.005365975534,39.2098143100865,40.316811446091,"AU565 R3","TBF","FLUVA"
"128",1,6.25,0.78,9.9410790411867,13.6450083247677,9.52363562843603,9.25814093928555,"AU565 R3","TBF","FLUVA"
"129",1,6.25,1.56,9.85449086692753,11.139302432287,7.60511470122834,7.33962001207785,"AU565 R3","TBF","FLUVA"
"130",1,6.25,3.125,11.9827180881448,12.3366849439411,9.11949199485959,8.85399730570911,"AU565 R3","TBF","FLUVA"
"131",1,6.25,6.25,15.1625857483238,16.0420762677761,12.0228226958398,11.7573280066893,"AU565 R3","TBF","FLUVA"
"132",1,6.25,12.5,19.5312484186203,19.0805705739917,15.3953316380983,15.1298369489478,"AU565 R3","TBF","FLUVA"
"133",1,6.25,25,26.1777054005084,25.0759930592952,22.9672181062546,22.7017234171041,"AU565 R3","TBF","FLUVA"
"134",1,6.25,50,27.0373667460823,28.4640234041206,36.777781584677,36.5122868955265,"AU565 R3","TBF","FLUVA"
"135",1,25,0.78,0.901194939182446,1.36256909457724,0.939125799088956,0.562084823709768,"AU565 R3","TBF","FLUVA"
"136",1,25,1.56,0.42335594820976,0.238096692628176,-0.0782012785344932,-0.455242253913681,"AU565 R3","TBF","FLUVA"
"137",1,25,3.125,0.674175134757149,0.686594620051153,0.428139595716445,0.0510986203372568,"AU565 R3","TBF","FLUVA"
"138",1,25,6.25,0.5983164765764,0.489194566760744,0.084385240720394,-0.292655734658794,"AU565 R3","TBF","FLUVA"
"139",1,25,12.5,1.79408792205069,1.78932739097763,1.44546667333989,1.06842569796071,"AU565 R3","TBF","FLUVA"
"140",1,25,25,2.77548504840485,2.76054967957016,2.70435086528489,2.32730988990571,"AU565 R3","TBF","FLUVA"
"141",1,25,50,1.06151574704589,0.933045438735547,2.77867613122999,2.4016351558508,"AU565 R3","TBF","FLUVA"
"142",1,0.39,0.78,1.09034473675084,-5.32027187201025,-2.4095104203401,-6.33186018481318,"AU565 R3","TBF","FLUVA"
"143",1,0.39,1.56,3.66398582583897,-3.1358347964471,3.6571830308451,-4.10606669345121,"AU565 R3","TBF","FLUVA"
"144",1,0.39,3.125,4.26744959711187,9.59924237153719,11.2023819058953,8.57372438730411,"AU565 R3","TBF","FLUVA"
"145",1,0.39,6.25,4.33174414259852,16.3278877038882,4.06698616463379,7.27199678585777,"AU565 R3","TBF","FLUVA"
"146",1,0.39,12.5,9.85222021405517,11.2910588832728,4.78692910550968,10.2129369224588,"AU565 R3","TBF","FLUVA"
"147",1,0.39,25,9.88681037324272,10.9766488822413,-3.43504604968494,10.0843712334271,"AU565 R3","TBF","FLUVA"
"148",1,0.39,50,4.53660481570466,6.15245319663651,6.1932616423362,5.67296102852551,"AU565 R3","TBF","FLUVA"
"149",1,1.56,0.78,2.45326718906541,0.324783971128248,5.33061330253665,5.76134993973484,"AU565 R3","TBF","FLUVA"
"150",1,1.56,1.56,5.81912038771665,1.51008382241445,9.96701346324377,10.397750100442,"AU565 R3","TBF","FLUVA"
"151",1,1.56,3.125,9.70054245798714,6.59767000515403,9.38470972410354,10.8718360787465,"AU565 R3","TBF","FLUVA"
"152",1,1.56,6.25,14.3571603476596,25.1976095382156,12.4911532676311,17.1474487746083,"AU565 R3","TBF","FLUVA"
"153",1,1.56,12.5,21.5938093862113,21.8511548039175,7.57183383794859,21.7356368019285,"AU565 R3","TBF","FLUVA"
"154",1,1.56,25,21.7991900183904,17.4959365603997,-5.57205613977717,25.9059863398955,"AU565 R3","TBF","FLUVA"
"155",1,1.56,50,13.6944568231448,14.9261678666163,19.9658610798613,19.4455604660506,"AU565 R3","TBF","FLUVA"
"156",1,6.25,0.78,3.2285415505884,3.34338005666072,5.22849989602842,6.25954198473283,"AU565 R3","TBF","FLUVA"
"157",1,6.25,1.56,3.20377191879121,0.0217474364100525,2.70164011028315,4.78907191643231,"AU565 R3","TBF","FLUVA"
"158",1,6.25,3.125,3.21378719743236,1.28308002378001,0.431911702601369,3.57573322619527,"AU565 R3","TBF","FLUVA"
"159",1,6.25,6.25,7.68849827605607,11.8873933212927,4.42548341814977,7.56930494174367,"AU565 R3","TBF","FLUVA"
"160",1,6.25,12.5,15.1937746653728,16.6630081962887,12.4008333551847,16.6010445962234,"AU565 R3","TBF","FLUVA"
"161",1,6.25,25,16.9927206930144,17.826114453616,21.8825529212755,26.0827641623142,"AU565 R3","TBF","FLUVA"
"162",1,6.25,50,13.3529251914408,13.7165592084481,36.2497686705725,36.7858577742065,"AU565 R3","TBF","FLUVA"
"163",1,25,0.78,0.532736653511677,0.215927985910199,0.859093606209598,0.626757734029724,"AU565 R3","TBF","FLUVA"
"164",1,25,1.56,0.814781743215903,0.252443818288612,1.1564017620955,0.924065889915624,"AU565 R3","TBF","FLUVA"
"165",1,25,3.125,1.45866452542205,1.34032894595602,1.89565447402801,1.66331860184813,"AU565 R3","TBF","FLUVA"
"166",1,25,6.25,1.47164006482164,2.18326324861128,1.80726556281869,1.57492969063881,"AU565 R3","TBF","FLUVA"
"167",1,25,12.5,1.86675960059235,1.95328549676431,2.17689191878493,1.94455604660506,"AU565 R3","TBF","FLUVA"
"168",1,25,25,1.28417185826366,0.869745724094813,2.26528082999425,2.03294495781438,"AU565 R3","TBF","FLUVA"
"169",1,0.39,0.78,20.6180065994333,-10.1546109868257,-32.5463773122074,-27.158836689038,"BT20 R1","TBF","FLUVA"
"170",1,0.39,1.56,17.5806152791581,-7.85384041759881,-37.3785920773081,-31.9910514541387,"BT20 R1","TBF","FLUVA"
"171",1,0.39,3.125,12.9819141120605,14.2828734775043,-25.4173691093738,-20.0298284862044,"BT20 R1","TBF","FLUVA"
"172",1,0.39,6.25,5.71622023537691,9.03007705692266,-49.7872423383074,-44.399701715138,"BT20 R1","TBF","FLUVA"
"173",1,0.39,12.5,11.1392161254152,4.70693512304251,-39.1683012495676,-33.7807606263982,"BT20 R1","TBF","FLUVA"
"174",1,1.56,0.78,21.7071465179269,2.34493496845043,-17.5426487514319,-14.3325876211782,"BT20 R1","TBF","FLUVA"
"175",1,1.56,1.56,20.0985825789778,20.2730140617623,-6.61050855754677,-3.40044742729307,"BT20 R1","TBF","FLUVA"
"176",1,1.56,3.125,14.0705843880392,-2.03633358746494,-38.8998448737287,-35.689783743475,"BT20 R1","TBF","FLUVA"
"177",1,1.56,6.25,12.4957379507114,35.3413354197703,-20.2719552391277,-17.061894108874,"BT20 R1","TBF","FLUVA"
"178",1,1.56,12.5,12.2280185463106,-6.02507394561808,-46.9833646351008,-43.7733035048471,"BT20 R1","TBF","FLUVA"
"179",1,6.25,0.78,7.91766508973801,-9.72503184986107,-26.225000610202,-20.9246830723341,"BT20 R1","TBF","FLUVA"
"180",1,6.25,1.56,11.2458248266157,1.37124287027442,-25.0904707996071,-14.5264727815063,"BT20 R1","TBF","FLUVA"
"181",1,6.25,3.125,12.2438050775622,10.3252717456282,-31.6112208915688,-12.2744220730798,"BT20 R1","TBF","FLUVA"
"182",1,6.25,6.25,10.2582858712656,17.6368876721714,-46.5409438301614,-17.5540641312453,"BT20 R1","TBF","FLUVA"
"183",1,6.25,12.5,21.2678235563472,29.3316116891632,-26.7593369507163,3.98210290827741,"BT20 R1","TBF","FLUVA"
"184",1,25,0.78,4.7466626576452,-3.43185075080036,-9.09716551993657,-9.09768829231918,"BT20 R1","TBF","FLUVA"
"185",1,25,1.56,14.882532426288,19.2431572151404,11.2011775916804,11.2005965697241,"BT20 R1","TBF","FLUVA"
"186",1,25,3.125,7.94664181671968,8.73357389640439,-2.69895522910883,-2.69947800149143,"BT20 R1","TBF","FLUVA"
"187",1,25,6.25,8.46815191597541,16.4009562465488,-1.40141607922068,-1.40193885160328,"BT20 R1","TBF","FLUVA"
"188",1,25,12.5,9.78769948914065,13.8085071243037,0.984864836910475,0.984340044742716,"BT20 R1","TBF","FLUVA"
"189",1,0.39,0.78,17.8340794786516,9.1621723048303,16.4464132564515,8.78806150135665,"BT20 R1","TBF","FLUVA"
"190",1,0.39,1.56,13.3496055562987,-18.5296208885099,-19.4896735689932,-27.148025324088,"BT20 R1","TBF","FLUVA"
"191",1,0.39,3.125,12.2123044746317,-6.82024767304925,-9.87254966184817,-17.530901416943,"BT20 R1","TBF","FLUVA"
"192",1,0.39,12.5,4.92567556150952,-4.38113594114931,-21.8713437528943,-29.5296955079891,"BT20 R1","TBF","FLUVA"
"193",1,1.56,0.78,10.2365865577167,-0.513701945078068,-8.4857543648931,-7.6575218570998,"BT20 R1","TBF","FLUVA"
"194",1,1.56,1.56,5.75214211524045,-7.18639664170535,-24.7655252421919,-17.2294241784745,"BT20 R1","TBF","FLUVA"
"195",1,1.56,3.125,4.89130547564373,8.48655245190429,-11.5306744734249,-3.99457340970758,"BT20 R1","TBF","FLUVA"
"196",1,1.56,12.5,6.77685278222875,28.4313349461199,-9.39614411194625,-0.874283991558642,"BT20 R1","TBF","FLUVA"
"197",1,1.56,25,24.5741799772589,30.5624163768762,-29.6893146070243,24.8567983117275,"BT20 R1","TBF","FLUVA"
"198",1,1.56,50,0.293667142928015,2.21196767385999,0.968477877810628,0.949653301175772,"BT20 R1","TBF","FLUVA"
"199",1,6.25,0.78,5.09038371673313,-2.69561051140338,-7.53181027641535,-2.87910762737414,"BT20 R1","TBF","FLUVA"
"200",1,6.25,1.56,6.17052472022646,3.33787200332578,-9.48509672920441,-0.889357853482068,"BT20 R1","TBF","FLUVA"
"201",1,6.25,3.125,5.97783099535168,3.53503420907759,-16.2287134750145,-1.71842025927043,"BT20 R1","TBF","FLUVA"
"202",1,6.25,6.25,6.93520568036954,15.9501181959827,-23.3007973845118,-0.904431715405487,"BT20 R1","TBF","FLUVA"
"203",1,6.25,12.5,13.7422920646088,22.6154577386989,-16.0590280640117,10.2803738317757,"BT20 R1","TBF","FLUVA"
"204",1,6.25,25,5.89179725564788,-0.0366144424229802,-18.4315824176371,8.89357853482062,"BT20 R1","TBF","FLUVA"
"205",1,25,0.78,2.48336494073422,0.249168619936825,0.17877131894393,0.180886343081099,"BT20 R1","TBF","FLUVA"
"206",1,25,1.56,1.77376946630989,0.336964663177582,-1.23826399465706,-1.23605667772084,"BT20 R1","TBF","FLUVA"
"207",1,25,3.125,2.60692105593543,2.39203829242636,0.434976071190036,0.437141995779314,"BT20 R1","TBF","FLUVA"
"208",1,25,6.25,2.80409343680168,7.10091598364697,0.826870773245986,0.829062405788363,"BT20 R1","TBF","FLUVA"
"209",1,25,12.5,2.6832100478358,4.96693293672004,0.374642156403581,0.376846548085624,"BT20 R1","TBF","FLUVA"
"210",1,0.39,0.78,8.33689108057397,41.2038874176569,-2.91293301018659,10.7449856733524,"BT20 R1","TBF","FLUVA"
"211",1,0.39,1.56,6.58289915108982,38.702706833784,-12.1615799379166,1.4963387456224,"BT20 R1","TBF","FLUVA"
"212",1,0.39,3.125,13.9926759588761,19.0456584667908,-7.40194924705384,-2.80165552371857,"BT20 R1","TBF","FLUVA"
"213",1,0.39,6.25,8.16069120480974,25.1525129889566,-14.1991475915301,-0.541228907991098,"BT20 R1","TBF","FLUVA"
"214",1,0.39,12.5,12.3529251885669,30.7732021093707,3.77283585323268,8.83476599808976,"BT20 R1","TBF","FLUVA"
"215",1,0.39,25,9.458569060334,14.7275443520959,-10.4404027649841,-5.03024514485833,"BT20 R1","TBF","FLUVA"
"216",1,0.39,50,2.54644256906201,5.66216539607561,-3.82234959685707,-0.238777459407842,"BT20 R1","TBF","FLUVA"
"217",1,1.56,0.78,21.6443546709198,26.9063806871378,-2.75374803724806,-0.620821394460364,"BT20 R1","TBF","FLUVA"
"218",1,1.56,1.56,22.6400372027967,36.9521839965432,1.1940392916281,3.3269659344158,"BT20 R1","TBF","FLUVA"
"219",1,1.56,3.125,21.8072203456282,17.7032086642845,4.01161331264051,6.1445399554282,"BT20 R1","TBF","FLUVA"
"220",1,1.56,6.25,11.9949184150996,10.0401778614601,-15.3134424021,-13.1805157593123,"BT20 R1","TBF","FLUVA"
"221",1,1.56,12.5,23.1834981262526,20.5746197425248,-5.01219518777937,8.51639605221267,"BT20 R1","TBF","FLUVA"
"222",1,1.56,25,42.1079420890555,42.5579884857723,6.1347118483118,34.3361986628462,"BT20 R1","TBF","FLUVA"
"223",1,1.56,50,0.379847961943511,-1.85835912677237,-7.89748490408407,-4.31391276663484,"BT20 R1","TBF","FLUVA"
"224",1,6.25,0.78,6.33095317236185,10.3542704397104,-5.33856577016567,-2.78573702642471,"BT20 R1","TBF","FLUVA"
"225",1,6.25,1.56,8.21344420122046,16.6876125913134,-1.91608885198674,0.636739891754218,"BT20 R1","TBF","FLUVA"
"226",1,6.25,3.125,7.56956338262758,2.49297300464094,-5.5773432295735,-3.02451448583254,"BT20 R1","TBF","FLUVA"
"227",1,6.25,6.25,9.99353369280614,12.6761614092041,-0.960979014355416,1.59184972938554,"BT20 R1","TBF","FLUVA"
"228",1,6.25,12.5,12.8592263242991,11.725384686882,-7.9790568557495,5.9694364851958,"BT20 R1","TBF","FLUVA"
"229",1,6.25,25,18.0508455414395,18.2441791057484,4.2463490659315,18.1948424068768,"BT20 R1","TBF","FLUVA"
"230",1,25,0.78,3.95837810789853,5.69551264605767,-3.53581664556766,-1.51225724291626,"BT20 R1","TBF","FLUVA"
"231",1,25,1.56,4.34269584408537,8.10407098970686,-2.72397328358103,-0.700413880929631,"BT20 R1","TBF","FLUVA"
"232",1,25,3.125,4.48664928300178,3.69511856062321,-1.35498251630948,0.668576886341924,"BT20 R1","TBF","FLUVA"
"233",1,25,6.25,2.38197879129213,2.8168543691131,-5.28685134789177,-3.26329194524037,"BT20 R1","TBF","FLUVA"
"234",1,25,12.5,2.71171692900046,1.91570322001655,-3.26520219157211,-1.24164278892071,"BT20 R1","TBF","FLUVA"
"235",1,0.39,0.78,13.8532212928768,37.8584163341032,-12.1260801974659,1.81058495821728,"BT20 R2","TBF","FLUVA"
"236",1,0.39,1.56,19.6774771480912,15.7898744951918,-19.3374698601091,-16.2797895388425,"BT20 R2","TBF","FLUVA"
"237",1,0.39,3.125,10.5782069334147,42.0753219473874,-16.9852569229379,-3.04859176725472,"BT20 R2","TBF","FLUVA"
"238",1,0.39,6.25,8.08800888131753,29.6108712975823,-36.5921897610685,-22.6555246053853,"BT20 R2","TBF","FLUVA"
"239",1,0.39,12.5,11.7116395732642,-10.5316647254559,-42.0930679200448,-41.4268028474156,"BT20 R2","TBF","FLUVA"
"240",1,1.56,0.78,19.7557452223386,11.1527084847435,-23.6859687768531,-21.5567935623646,"BT20 R2","TBF","FLUVA"
"241",1,1.56,1.56,25.5808556518281,14.4928698222046,-6.86455125905677,-4.73537604456824,"BT20 R2","TBF","FLUVA"
"242",1,1.56,3.125,20.0469094500147,28.2400187137891,-14.8342200922353,-12.7050448777468,"BT20 R2","TBF","FLUVA"
"243",1,1.56,6.25,20.1950457192338,41.7003109673092,-7.85495670628673,-5.7257814917982,"BT20 R2","TBF","FLUVA"
"244",1,1.56,12.5,17.6133934303489,1.90684084974166,-31.4266174877387,-15.7226864747756,"BT20 R2","TBF","FLUVA"
"245",1,6.25,0.78,16.3969607758527,18.1808541729709,-8.46573581301235,-2.98669142680286,"BT20 R2","TBF","FLUVA"
"246",1,6.25,1.56,12.5425199998217,1.75003527514759,-21.8114529268957,-10.693283813061,"BT20 R2","TBF","FLUVA"
"247",1,6.25,3.125,13.0022070932994,16.9025335937707,-28.2315548540419,-9.59455277004024,"BT20 R2","TBF","FLUVA"
"248",1,6.25,6.25,13.8388507961031,22.1644313286992,-38.4420234364975,-8.52677189724544,"BT20 R2","TBF","FLUVA"
"249",1,6.25,12.5,13.8021837928886,12.0465850352335,-35.5729482252427,2.80099040544721,"BT20 R2","TBF","FLUVA"
"250",1,25,0.78,5.12563101313511,9.77902526792589,0.864589318104407,0.866604766326219,"BT20 R2","TBF","FLUVA"
"251",1,25,1.56,1.28700402695933,-1.5698805702763,-6.53653328532655,-6.80903744970598,"BT20 R2","TBF","FLUVA"
"252",1,25,6.25,2.34740080201716,8.88328078701369,-4.70634717137612,-4.03899721448468,"BT20 R2","TBF","FLUVA"
"253",1,0.39,0.78,17.0800621869149,8.8364496044838,-1.05736811574954,2.11877513145687,"BT20 R2","TBF","FLUVA"
"254",1,0.39,1.56,12.0976038233534,0.00469514381009617,-20.466585560847,-17.2904423136406,"BT20 R2","TBF","FLUVA"
"255",1,0.39,3.125,4.77010458327269,17.2168699124182,-20.188206346495,-17.0120630992886,"BT20 R2","TBF","FLUVA"
"256",1,0.39,6.25,4.65069073281201,12.9769206534569,-23.3277052639092,-20.1515620167028,"BT20 R2","TBF","FLUVA"
"257",1,0.39,12.5,4.31175824129632,11.765217169177,-26.8153847858519,-22.5951128982369,"BT20 R2","TBF","FLUVA"
"258",1,0.39,25,1.40952563471269,2.98844109649093,-28.9704621924282,-3.24775750077328,"BT20 R2","TBF","FLUVA"
"259",1,0.39,50,3.6082982187086,4.66461461216774,3.58916338415,3.40241261985771,"BT20 R2","TBF","FLUVA"
"260",1,1.56,0.78,17.1532568402346,0.890151908352326,-5.4269949896507,-5.42839467986391,"BT20 R2","TBF","FLUVA"
"261",1,1.56,1.56,11.6595703936962,-4.88926636069862,-22.199549240947,-21.1568202907516,"BT20 R2","TBF","FLUVA"
"262",1,1.56,3.125,13.1878797817303,17.5803261850108,-15.6576377036751,-14.6149087534797,"BT20 R2","TBF","FLUVA"
"263",1,1.56,6.25,5.42608125959568,2.23966013568893,-32.051493499803,-28.9205072687906,"BT20 R2","TBF","FLUVA"
"264",1,1.56,12.5,12.2149608636909,16.8378476714526,-29.0532500554505,-15.4809774203526,"BT20 R2","TBF","FLUVA"
"265",1,1.56,25,38.7148468417924,38.5858494727805,-22.5283676706181,38.0296937828642,"BT20 R2","TBF","FLUVA"
"266",1,1.56,50,3.06245104593403,3.50410326388793,3.71288747941755,3.52613671512526,"BT20 R2","TBF","FLUVA"
"267",1,6.25,0.78,9.68214777031515,4.59590717401711,0.748054097944639,1.77853386947109,"BT20 R2","TBF","FLUVA"
"268",1,6.25,1.56,9.97454552157331,9.48056449644668,-0.891703337527566,2.22703371481597,"BT20 R2","TBF","FLUVA"
"269",1,6.25,3.125,9.83720965557026,16.1804462161351,-3.38206392796421,1.82493040519642,"BT20 R2","TBF","FLUVA"
"270",1,6.25,6.25,12.6435126932909,17.7139715520686,-6.60765609381762,3.81998144138572,"BT20 R2","TBF","FLUVA"
"271",1,6.25,12.5,21.3737778833036,26.7984983959016,-5.34866297939936,12.3878750386638,"BT20 R2","TBF","FLUVA"
"272",1,6.25,25,24.887234888472,24.3741825355193,0.124888716658504,24.1261985771729,"BT20 R2","TBF","FLUVA"
"273",1,25,0.78,3.78112302420593,2.4110053788218,1.27231606254939,1.33003402412619,"BT20 R2","TBF","FLUVA"
"274",1,25,1.56,2.34237530871043,1.23648752919098,-1.22896333509604,-1.54655119084441,"BT20 R2","TBF","FLUVA"
"275",1,25,3.125,1.85601292442995,2.67774360238222,-2.51260082349691,-2.83018867924528,"BT20 R2","TBF","FLUVA"
"276",1,25,6.25,3.65368334903128,6.39797416623287,0.723802832730343,1.06712032168265,"BT20 R2","TBF","FLUVA"
"277",1,25,12.5,2.53598750448006,4.19904195148067,-1.01244616837783,-1.33003402412621,"BT20 R2","TBF","FLUVA"
"278",1,0.39,0.78,0.123152741468799,9.00408464552427,4.41905323389499,6.62784935579782,"BT20 R2","TBF","FLUVA"
"279",1,0.39,1.56,0.326333522277202,11.7885389276492,6.79764589990093,9.40287413280475,"BT20 R2","TBF","FLUVA"
"280",1,0.39,3.125,0.655631404860865,5.7495056876614,3.67574302576813,3.43161546085233,"BT20 R2","TBF","FLUVA"
"281",1,0.39,6.25,1.26135584302598,2.71373299374018,-3.41707182773133,0.39643211100099,"BT20 R2","TBF","FLUVA"
"282",1,0.39,12.5,2.18475886844202,0.22110225021386,-7.12492641719756,-1.98216055500498,"BT20 R2","TBF","FLUVA"
"283",1,0.39,25,6.48469828160484,9.34892459440849,2.93585074601926,7.59415262636273,"BT20 R2","TBF","FLUVA"
"284",1,1.56,0.78,3.79884811879949,5.01698784281409,4.73087140242585,5.10406342913775,"BT20 R2","TBF","FLUVA"
"285",1,1.56,1.56,2.50415615812488,1.4753000989116,0.840881313228634,1.21407333994054,"BT20 R2","TBF","FLUVA"
"286",1,1.56,25,15.7449367534082,15.2876527015041,5.29756962101101,24.2443012884043,"BT20 R2","TBF","FLUVA"
"287",1,6.25,0.78,5.87444676418989,9.45101617651248,8.82170224025685,9.501982160555,"BT20 R2","TBF","FLUVA"
"288",1,6.25,1.56,3.95850880126774,4.51365117313849,3.68047330071275,4.3607532210109,"BT20 R2","TBF","FLUVA"
"289",1,6.25,3.125,6.59247444657829,4.8942661487642,3.48515606226827,6.20664023785926,"BT20 R2","TBF","FLUVA"
"290",1,6.25,6.25,9.87480164347306,9.39093991538984,5.95336706961172,10.7160555004955,"BT20 R2","TBF","FLUVA"
"291",1,6.25,12.5,14.3689137890399,16.7247666811383,9.62906054753896,20.5153617443013,"BT20 R2","TBF","FLUVA"
"292",1,6.25,25,7.26559401294295,4.95960813776113,-0.604636552918834,18.4464816650149,"BT20 R2","TBF","FLUVA"
"293",1,25,0.78,0.473317190868215,0.0254154630132604,-0.0975011459434967,0.0495540138751238,"BT20 R2","TBF","FLUVA"
"294",1,25,1.56,0.878248817345025,0.927222391931494,0.707751579527269,0.854806739345889,"BT20 R2","TBF","FLUVA"
"295",1,25,3.125,1.38261852229955,1.86852151253191,2.34303403740635,2.49008919722498,"BT20 R2","TBF","FLUVA"
"296",1,0.39,0.78,12.4392091411053,-13.2853926975917,-19.2163832078687,-17.7317213586644,"BT20 R3","TBF","FLUVA"
"297",1,0.39,1.56,6.28130097508349,3.00852388447581,-21.605559949377,-15.9902130109384,"BT20 R3","TBF","FLUVA"
"298",1,0.39,3.125,1.04056061916337,-6.74864417604714,-36.4731477444259,-30.8578008059873,"BT20 R3","TBF","FLUVA"
"299",1,0.39,12.5,2.65752594252483,-26.8795930887531,-46.8746833558775,-34.8157743235463,"BT20 R3","TBF","FLUVA"
"300",1,1.56,0.78,12.237777091459,-24.055666918227,-20.5793465683127,-24.3235463442717,"BT20 R3","TBF","FLUVA"
"301",1,1.56,1.56,10.1680747455357,9.54635786063026,-4.12194499745392,-6.57743235463444,"BT20 R3","TBF","FLUVA"
"302",1,1.56,3.125,0.982597527657512,-13.6064718283928,-31.6118701557728,-34.0673575129534,"BT20 R3","TBF","FLUVA"
"303",1,1.56,6.25,5.9867941728156,13.5338043709186,-19.9837682230363,-19.8618307426598,"BT20 R3","TBF","FLUVA"
"304",1,1.56,12.5,2.88893433001984,-29.4046422325034,-45.282820784883,-36.139896373057,"BT20 R3","TBF","FLUVA"
"305",1,6.25,0.78,7.74007955403667,-4.92844451205747,-7.54877405403075,-5.15256188831316,"BT20 R3","TBF","FLUVA"
"306",1,6.25,1.56,4.91916534586936,-1.03243305230829,-16.9183768174159,-14.5221646516983,"BT20 R3","TBF","FLUVA"
"307",1,6.25,3.125,5.26616796991147,7.02906433149753,-13.7741588965283,-10.0892343120322,"BT20 R3","TBF","FLUVA"
"308",1,6.25,6.25,5.25539099358298,16.1236162110906,-19.3674118696169,-11.8163500287853,"BT20 R3","TBF","FLUVA"
"309",1,6.25,12.5,6.18475978361373,5.99476694875231,-16.2122329979576,0.359815774323565,"BT20 R3","TBF","FLUVA"
"310",1,6.25,25,0.385761541867637,1.21600745599602,-2.33911962505833,15.7887161773172,"BT20 R3","TBF","FLUVA"
"311",1,25,0.78,6.37964090830886,0.362823560761754,-0.597611277332376,0.244674726540005,"BT20 R3","TBF","FLUVA"
"312",1,25,1.56,4.96451030322699,5.053288364026,-2.90043223300307,-2.05814622913069,"BT20 R3","TBF","FLUVA"
"313",1,25,3.125,8.41525937892218,11.1832151264977,0.0278962232903837,2.15889464594127,"BT20 R3","TBF","FLUVA"
"314",1,25,6.25,15.5685161872534,25.4517314078197,6.01408681463377,10.7225100748417,"BT20 R3","TBF","FLUVA"
"315",1,25,12.5,13.2451219652884,13.3476861919236,3.09123883372617,10.3770869314911,"BT20 R3","TBF","FLUVA"
"316",1,0.39,0.78,12.8592050383907,-1.51821225380832,10.4434518704197,6.16526791478375,"BT20 R3","TBF","FLUVA"
"317",1,0.39,1.56,1.96634212955914,4.04929970021687,-3.95293289394442,-7.6985151710781,"BT20 R3","TBF","FLUVA"
"318",1,0.39,3.125,7.75914047451845,-18.5347822227297,-15.9122614930406,-19.6578437701743,"BT20 R3","TBF","FLUVA"
"319",1,1.56,0.78,4.1560278536754,-29.1469204188879,-22.6261497073779,-21.4493221433183,"BT20 R3","TBF","FLUVA"
"320",1,1.56,25,26.0383041376575,26.728470459919,-13.2427141888866,36.5719819238218,"BT20 R3","TBF","FLUVA"
"321",1,1.56,50,2.59334725284941,2.97422669241199,6.65591879074091,5.90703679793415,"BT20 R3","TBF","FLUVA"
"322",1,6.25,0.78,3.75195514306543,-3.35730667779166,-0.483771428864415,0.0968366688185895,"BT20 R3","TBF","FLUVA"
"323",1,6.25,1.56,4.19754713379174,5.93957356440212,-0.55271989086387,1.00064557779212,"BT20 R3","TBF","FLUVA"
"324",1,6.25,3.125,2.12504236086587,-2.72346098046971,-6.69449028161549,-3.19561007101355,"BT20 R3","TBF","FLUVA"
"325",1,6.25,6.25,3.61223922552939,6.07409672247364,-7.3693795669037,-0.952227243382829,"BT20 R3","TBF","FLUVA"
"326",1,6.25,12.5,14.5408391314145,23.1210622984653,-0.762411849552379,11.4912846998063,"BT20 R3","TBF","FLUVA"
"327",1,6.25,25,17.0346412427027,14.595186986252,1.89478257382677,19.0122659780504,"BT20 R3","TBF","FLUVA"
"328",1,25,0.78,2.85580919117955,0.910143823395927,2.43331904521295,2.29180116204003,"BT20 R3","TBF","FLUVA"
"329",1,25,1.56,1.88011790634584,2.36291786991838,0.528864558447296,0.387346675274372,"BT20 R3","TBF","FLUVA"
"330",1,25,3.125,2.06417217145859,1.09266854519106,1.04532679214645,0.903808908973531,"BT20 R3","TBF","FLUVA"
"331",1,25,6.25,1.52046444596225,2.8105295863426,0.141517883172924,0,"BT20 R3","TBF","FLUVA"
"332",1,25,12.5,1.91931535156105,5.29748883158754,0.787095675296868,0.645577792123945,"BT20 R3","TBF","FLUVA"
"333",1,0.39,1.56,3.75945123720689,0.900767825192155,-4.99504358999677,-5.44173300274042,"BT20 R3","TBF","FLUVA"
"334",1,0.39,3.125,0.981270170712154,12.8460498049703,3.08273273781219,6.27691504632652,"BT20 R3","TBF","FLUVA"
"335",1,0.39,25,6.18611467851026,10.4863035931482,-0.694978843384259,5.67662795249903,"BT20 R3","TBF","FLUVA"
"336",1,1.56,0.78,1.83091857621631,3.63384704519732,-8.17097350800239,-6.53790943494715,"BT20 R3","TBF","FLUVA"
"337",1,1.56,1.56,5.81264832373638,4.50686697421182,1.0551781297374,2.68824220279264,"BT20 R3","TBF","FLUVA"
"338",1,1.56,3.125,1.05987649253663,-2.13348011869372,-11.7047135994234,-7.45138979511943,"BT20 R3","TBF","FLUVA"
"339",1,1.56,6.25,3.14082123728629,3.25764796918149,-7.60436782369051,-0.730784288137812,"BT20 R3","TBF","FLUVA"
"340",1,1.56,12.5,9.19343943290766,9.18873778730265,-1.99510269022268,12.8278742007047,"BT20 R3","TBF","FLUVA"
"341",1,1.56,25,15.4888655353916,14.4165885622028,0.568729719549836,17.421375440428,"BT20 R3","TBF","FLUVA"
"342",1,1.56,50,3.99171215869137,4.32491679505362,1.13930858327588,5.52003131932663,"BT20 R3","TBF","FLUVA"
"343",1,6.25,0.78,5.74982818690616,10.7580521222108,4.11067143413707,4.84144590891296,"BT20 R3","TBF","FLUVA"
"344",1,6.25,1.56,2.25313331302581,-2.20459027584904,-3.99320433253394,-3.26242985775805,"BT20 R3","TBF","FLUVA"
"345",1,6.25,3.125,8.61728576303648,11.4711887211325,5.02688566869808,8.3779198747227,"BT20 R3","TBF","FLUVA"
"346",1,6.25,6.25,8.60185441953733,9.32765096927164,1.03640539719096,7.00769933446431,"BT20 R3","TBF","FLUVA"
"347",1,6.25,12.5,10.9270421231701,9.16021675102041,1.53776248434768,12.7495758841185,"BT20 R3","TBF","FLUVA"
"348",1,6.25,25,7.30501115901631,8.49712820173455,-0.487058249338347,21.2057940754274,"BT20 R3","TBF","FLUVA"
"349",1,25,0.78,1.5212659947982,3.25230240356829,1.2409724643354,0.287093827482721,"BT20 R3","TBF","FLUVA"
"350",1,25,1.56,0.304471884711432,-0.46162424576903,-0.0379000399057645,-0.991778676758443,"BT20 R3","TBF","FLUVA"
"351",1,0.39,0.78,0.455099990172161,4.39231319809727,-7.36925501488971,-3.81305534177571,"BT474 1","TBF","FLUVA"
"352",1,0.39,1.56,2.60207726670322,0.47375090085851,-6.32678667374369,-7.36724270621981,"BT474 1","TBF","FLUVA"
"353",1,0.39,3.125,1.4784685580202,2.91768486255036,-6.86551192386613,-5.14237738753235,"BT474 1","TBF","FLUVA"
"354",1,0.39,6.25,2.93995336052782,3.05027294821683,-4.34679646874823,-4.83453438746237,"BT474 1","TBF","FLUVA"
"355",1,0.39,12.5,3.08316895654436,7.57346391694674,-0.437577180707786,-0.174910795494284,"BT474 1","TBF","FLUVA"
"356",1,0.39,25,1.20324950161007,-1.72003504687108,-8.43122248233986,-8.28377527460995,"BT474 1","TBF","FLUVA"
"357",1,1.56,0.78,2.34575422373827,11.7614806206058,1.18038466887158,4.73658434198558,"BT474 1","TBF","FLUVA"
"358",1,1.56,1.56,3.85318885134066,4.88687374770147,-0.78561267248434,-1.82606870496046,"BT474 1","TBF","FLUVA"
"359",1,1.56,3.125,3.65317436136747,8.16684876006736,-0.456780376955058,1.26635415937872,"BT474 1","TBF","FLUVA"
"360",1,1.56,6.25,5.9179881190018,7.98182488254715,1.71910991899402,1.23137200027988,"BT474 1","TBF","FLUVA"
"361",1,1.56,12.5,7.00913588651137,6.58467323063126,-1.54740467374766,-0.0489750227383894,"BT474 1","TBF","FLUVA"
"362",1,1.56,25,6.04936302262884,9.41150825364798,2.40885557279071,3.79206604631638,"BT474 1","TBF","FLUVA"
"363",1,6.25,0.78,6.36334669450676,12.1037457911088,3.60115007851265,7.15734975162665,"BT474 1","TBF","FLUVA"
"364",1,6.25,1.56,5.50705796916857,5.10454927204925,1.41826335074382,0.377807318267699,"BT474 1","TBF","FLUVA"
"365",1,6.25,3.125,9.29898248800637,13.1985485974881,6.61661219283435,8.33974672916813,"BT474 1","TBF","FLUVA"
"366",1,6.25,6.25,10.8137626057359,10.5951745061988,5.09399522242793,5.84202056950956,"BT474 1","TBF","FLUVA"
"367",1,6.25,12.5,14.921164636043,15.2705032348426,6.62963802435364,10.5995942069544,"BT474 1","TBF","FLUVA"
"368",1,6.25,25,8.74056198818828,4.1386897300022,-3.67282977780314,0.18190722731407,"BT474 1","TBF","FLUVA"
"369",1,25,0.78,2.26025447658471,6.04232910270542,1.5414459921674,2.79157629608898,"BT474 1","TBF","FLUVA"
"370",1,25,1.56,2.13709793322308,0.997261004387944,-0.484914069262574,2.00097950045478,"BT474 1","TBF","FLUVA"
"371",1,25,3.125,4.09450891209653,6.65454356471721,1.37874196110061,5.10039879661373,"BT474 1","TBF","FLUVA"
"372",1,25,6.25,5.17505389132644,5.16796749896272,-1.76883329070494,5.66011334219549,"BT474 1","TBF","FLUVA"
"373",1,25,12.5,8.07211009216849,8.33953918092132,-0.71155301882758,10.4246834114602,"BT474 1","TBF","FLUVA"
"374",1,25,25,9.10952297734786,8.11571063425671,9.18921707324148,14.2797173441545,"BT474 1","TBF","FLUVA"
"375",1,25,50,7.09838765395146,7.38962463083518,10.5363313880399,10.305744070524,"BT474 1","TBF","FLUVA"
"376",1,0.39,1.56,0.131746522939257,3.42672058273589,-18.2669091248584,-0.429433051869736,"BT474 R1","TBF","FLUVA"
"377",1,0.39,6.25,1.14757698050496,3.76781268870743,-18.0160044203952,-0.0916767189385013,"BT474 R1","TBF","FLUVA"
"378",1,0.39,12.5,3.57057380838492,6.52566211852903,-12.8531576170176,2.75512665862486,"BT474 R1","TBF","FLUVA"
"379",1,0.39,25,4.2076105980312,4.10178903761564,-11.8398886182239,0.458383594692407,"BT474 R1","TBF","FLUVA"
"380",1,1.56,0.78,0.83683552626013,-0.935324871478847,-20.4381998365592,-2.10373944511457,"BT474 R1","TBF","FLUVA"
"381",1,1.56,1.56,1.20834431314969,0.757351787800791,-18.2427836725062,-0.405307599517485,"BT474 R1","TBF","FLUVA"
"382",1,1.56,3.125,0.998103073330054,1.01050781312522,-19.0292734191889,-0.434258142340184,"BT474 R1","TBF","FLUVA"
"383",1,1.56,6.25,3.79647081077966,6.64496792246095,-12.4430249270297,5.48130277442701,"BT474 R1","TBF","FLUVA"
"384",1,1.56,12.5,7.23349674472351,6.3479425703647,-10.3971865675605,5.21109770808204,"BT474 R1","TBF","FLUVA"
"385",1,1.56,25,8.13019565182799,7.93084231004843,-5.46594410676434,6.83232810615199,"BT474 R1","TBF","FLUVA"
"386",1,6.25,0.78,1.94234276423339,3.8755175549771,-10.2283084010949,3.01568154402896,"BT474 R1","TBF","FLUVA"
"387",1,6.25,1.56,0.229007814585771,-0.253221679148928,-13.8809018872227,-0.636911942098905,"BT474 R1","TBF","FLUVA"
"388",1,6.25,3.125,3.42916610743145,6.55048834397252,-8.06184277986445,5.18214716525937,"BT474 R1","TBF","FLUVA"
"389",1,6.25,6.25,3.53852613592462,3.25580249141132,-10.4550876532058,2.78890229191799,"BT474 R1","TBF","FLUVA"
"390",1,6.25,12.5,7.87513667117895,7.47836662830073,-4.01359187515999,9.23039806996383,"BT474 R1","TBF","FLUVA"
"391",1,6.25,25,10.4388963790391,8.64489982407923,0.324164457771257,12.6224366706876,"BT474 R1","TBF","FLUVA"
"392",1,25,0.78,2.45279545997625,4.42657035886977,1.60281343243954,3.66706875753923,"BT474 R1","TBF","FLUVA"
"393",1,25,1.56,3.62718224947491,5.67064235108209,3.26746964474351,5.33172496984319,"BT474 R1","TBF","FLUVA"
"394",1,25,3.125,4.02956083673894,5.84558115711956,2.57265661699924,4.63691194209892,"BT474 R1","TBF","FLUVA"
"395",1,25,6.25,6.35393377396315,6.70916060013882,4.23248773883277,6.29674306393245,"BT474 R1","TBF","FLUVA"
"396",1,25,12.5,13.2716808291103,12.3052481443919,11.7885794155517,13.8528347406514,"BT474 R1","TBF","FLUVA"
"397",1,25,25,22.0804858410396,21.0698174294025,23.3543212732115,25.4185765983112,"BT474 R1","TBF","FLUVA"
"398",1,25,50,11.9037429275614,12.3601284556655,18.6450696604723,19.2183353437877,"BT474 R1","TBF","FLUVA"
"399",1,0.39,0.78,0.770360880179364,-5.38846184541983,-4.47675885231748,-6.93153000845308,"BT474 R1","TBF","FLUVA"
"400",1,0.39,1.56,0.918453822916149,-11.3141296573249,-10.1801052796458,-12.8536621749291,"BT474 R1","TBF","FLUVA"
"401",1,0.39,3.125,0.516623188165556,-5.70314071704881,-5.64030119233042,-7.25970861717468,"BT474 R1","TBF","FLUVA"
"402",1,0.39,6.25,1.32240072475058,9.3955373790524,2.42493673716091,6.10113868032423,"BT474 R1","TBF","FLUVA"
"403",1,0.39,12.5,1.65639172048754,4.97459204839132,0.5354235354305,3.34642732832779,"BT474 R1","TBF","FLUVA"
"404",1,0.39,0.78,0.370819824678696,2.87919069139795,-35.0191606043253,0.190308206461197,"BT474 R2","TBF","FLUVA"
"405",1,0.39,1.56,0.485298188588427,2.94491017545042,-33.5291865976413,0.292424805050132,"BT474 R2","TBF","FLUVA"
"406",1,0.39,3.125,1.47019123839017,2.12928021535114,-32.034570927385,-0.46416635722241,"BT474 R2","TBF","FLUVA"
"407",1,0.39,6.25,1.62239796729893,5.97111108223119,-29.5884142248228,3.34199777200149,"BT474 R2","TBF","FLUVA"
"408",1,0.39,12.5,1.59081290359455,2.07525839570591,-31.0644632407902,-0.492016338655787,"BT474 R2","TBF","FLUVA"
"409",1,0.39,25,0.718811995926925,-1.10094942617113,-26.9240993343661,-3.48124767916823,"BT474 R2","TBF","FLUVA"
"410",1,1.56,0.78,1.909193717677,7.63114224980415,-30.0340139277564,5.04084663943557,"BT474 R2","TBF","FLUVA"
"411",1,1.56,1.56,1.55626553419571,4.48798710579295,-31.7560711130516,2.06554028963981,"BT474 R2","TBF","FLUVA"
"412",1,1.56,3.125,2.47501925587125,1.05957906988574,-32.8793536975299,-1.30894912736724,"BT474 R2","TBF","FLUVA"
"413",1,1.56,6.25,4.67361170085356,6.53218229269292,-28.7993314175447,4.13108057927964,"BT474 R2","TBF","FLUVA"
"414",1,1.56,12.5,5.16299688909243,4.04347499651484,-28.8735980347003,1.69884886743408,"BT474 R2","TBF","FLUVA"
"415",1,1.56,25,4.7211514587099,6.15641265213037,-19.4603043102294,3.98254734496842,"BT474 R2","TBF","FLUVA"
"416",1,6.25,0.78,1.33873706192952,3.54481115099604,-25.9632749749157,1.15577422948384,"BT474 R2","TBF","FLUVA"
"417",1,6.25,1.56,0.0221206619887315,-0.495169670815232,-28.6925731553835,-1.57352395098404,"BT474 R2","TBF","FLUVA"
"418",1,6.25,3.125,2.91565458332996,3.07412784985732,-22.9972519522643,4.12179725213515,"BT474 R2","TBF","FLUVA"
"419",1,6.25,6.25,3.60688070092045,4.13106765225517,-23.2246934673033,3.89435573709616,"BT474 R2","TBF","FLUVA"
"420",1,6.25,12.5,5.22448158161072,5.10697009300146,-20.0219456024686,7.09710360193091,"BT474 R2","TBF","FLUVA"
"421",1,6.25,25,4.50789425975513,3.42396113950305,-14.9718156358886,8.47103601930931,"BT474 R2","TBF","FLUVA"
"422",1,25,1.56,0.409964966511655,0.757493037676987,-11.7644261074816,-0.143891570738958,"BT474 R2","TBF","FLUVA"
"423",1,25,3.125,0.630658397010293,-1.001060369342,-11.7458594531927,-0.125324916450069,"BT474 R2","TBF","FLUVA"
"424",1,25,6.25,2.9073745068659,3.83692915466636,-7.98147029611879,3.63906424062384,"BT474 R2","TBF","FLUVA"
"425",1,25,12.5,5.47005416031229,4.84872304784347,-5.10828054491196,6.51225399183066,"BT474 R2","TBF","FLUVA"
"426",1,25,25,11.6449687964675,11.7112821657116,7.3824361279436,19.0029706646862,"BT474 R2","TBF","FLUVA"
"427",1,25,50,11.4749766017484,11.4921501419766,10.859753355094,20.4558113627924,"BT474 R2","TBF","FLUVA"
"428",1,0.39,0.78,1.16814593363246,6.38134076016062,-0.114739265037533,-0.368785956630774,"BT474 R2","TBF","FLUVA"
"429",1,0.39,3.125,0.136792507039472,4.92687375417097,-4.68030940812648,-2.02094704233663,"BT474 R2","TBF","FLUVA"
"430",1,0.39,6.25,2.42690367093887,8.01869818241781,2.45201099311263,1.32762944387076,"BT474 R2","TBF","FLUVA"
"431",1,0.39,12.5,1.24414951865085,1.53328242393442,-6.62163898777902,-4.9786104145154,"BT474 R2","TBF","FLUVA"
"432",1,1.56,0.78,4.25518002812884,5.1254649102148,2.45201099311263,2.19796430151939,"BT474 R2","TBF","FLUVA"
"433",1,1.56,1.56,2.71559993063783,6.99764742957118,1.27189593189417,3.98288833161234,"BT474 R2","TBF","FLUVA"
"434",1,1.56,3.125,3.86506220264301,7.00350372227381,1.33090168495509,3.99026405074494,"BT474 R2","TBF","FLUVA"
"435",1,1.56,6.25,7.29305633869577,7.57809335038284,3.99794828865944,4.67620593007817,"BT474 R2","TBF","FLUVA"
"436",1,1.56,12.5,7.31415872557239,8.40022327571543,2.13037590033305,5.57604366425727,"BT474 R2","TBF","FLUVA"
"437",1,1.56,25,3.8097726080618,2.05679582266426,-0.305194034451695,-0.243398731376317,"BT474 R2","TBF","FLUVA"
"438",1,6.25,0.78,3.19606634636851,5.16003580558575,5.04674868001857,5.65717657471603,"BT474 R2","TBF","FLUVA"
"439",1,6.25,1.56,0.117978048510774,0.259830623720377,-2.66825353269716,-2.0578256379997,"BT474 R2","TBF","FLUVA"
"440",1,6.25,3.125,0.833358277655756,1.56794906547496,-3.11376040295653,-0.700693317598464,"BT474 R2","TBF","FLUVA"
"441",1,6.25,6.25,3.20359821009818,2.89553662039654,0.00320506783736718,4.21891134385604,"BT474 R2","TBF","FLUVA"
"442",1,6.25,12.5,3.21734615401702,3.70790043643063,-0.282999703806901,7.53798495353297,"BT474 R2","TBF","FLUVA"
"443",1,25,1.56,0.12342367352522,0.689578057728484,-0.555901311713662,-1.41613807346215,"BT474 R2","TBF","FLUVA"
"444",1,25,3.125,0.21310457089761,0.600791981850186,-0.60015562650937,-1.46039238825786,"BT474 R2","TBF","FLUVA"
"445",1,25,6.25,3.91979070981684,4.4769461828842,4.73690130320177,5.67930373211388,"BT474 R2","TBF","FLUVA"
"446",1,25,12.5,4.16852974747293,4.04339447067178,6.58083108635563,7.52323351526775,"BT474 R2","TBF","FLUVA"
"447",1,25,25,6.52085487052647,6.53553887826529,17.2195146246426,17.2813099277179,"BT474 R2","TBF","FLUVA"
"448",1,0.39,3.125,0.0240053849133685,0.809495302173719,-15.0968007317122,-0.952745727007226,"BT474 R2","TBF","FLUVA"
"449",1,0.39,6.25,0.66893788613549,3.23795416102388,-13.2726996161858,1.46502609278497,"BT474 R2","TBF","FLUVA"
"450",1,0.39,12.5,6.28817394910339,7.58432004249218,-7.25460223503961,5.8409537032604,"BT474 R2","TBF","FLUVA"
"451",1,0.39,25,8.4104358282491,7.33345747908663,-2.52438726879268,5.6781730262843,"BT474 R2","TBF","FLUVA"
"452",1,1.56,0.78,0.13820392089531,-1.30674885301657,-13.5838979692283,0.25374634940394,"BT474 R2","TBF","FLUVA"
"453",1,1.56,1.56,1.51201386501937,5.06078174384173,-9.15530602208417,4.68233829654811,"BT474 R2","TBF","FLUVA"
"454",1,1.56,3.125,4.30443239026346,4.63741624107062,-7.14448589473224,6.69315842390004,"BT474 R2","TBF","FLUVA"
"455",1,1.56,6.25,4.58237008364471,3.00964729220528,-9.3516003678495,4.48604395078279,"BT474 R2","TBF","FLUVA"
"456",1,1.56,12.5,10.4090070562022,10.120656703055,-0.638046482657753,12.4575094556423,"BT474 R2","TBF","FLUVA"
"457",1,1.56,25,13.6256174678299,13.1735637650642,7.18978901310517,15.3923493081821,"BT474 R2","TBF","FLUVA"
"458",1,6.25,0.78,0.356075467532722,1.45082125198494,-5.53104212588081,2.92526451860009,"BT474 R2","TBF","FLUVA"
"459",1,6.25,3.125,2.63440522770957,3.39586832019287,-3.11805797305848,5.33824867142242,"BT474 R2","TBF","FLUVA"
"460",1,6.25,6.25,3.29806966346108,5.45138151468971,-1.60994287754451,6.84636376693639,"BT474 R2","TBF","FLUVA"
"461",1,6.25,12.5,7.12800305561961,5.87142519672408,0.324274578289252,8.78058122277015,"BT474 R2","TBF","FLUVA"
"462",1,6.25,25,11.4410622913202,8.76632618332665,7.73079538070225,15.9333556757792,"BT474 R2","TBF","FLUVA"
"463",1,25,12.5,0.040562897055576,-0.165480630499253,-12.0810874757306,2.3938334849428,"BT474 R2","TBF","FLUVA"
"464",1,25,25,10.3474430680569,10.9705357824309,3.02400181425842,17.4989227749318,"BT474 R2","TBF","FLUVA"
"465",1,25,50,5.41056957829279,5.38383499936023,20.1920586332218,13.4677071862881,"BT474 R2","TBF","FLUVA"
"466",1,1.56,6.25,0.341983746388282,4.17095574466183,-5.15157521009678,4.73835813730197,"BT474 R3","TBF","FLUVA"
"467",1,1.56,12.5,1.91879941685537,-0.611581904953079,-2.72718730803245,3.69179068650983,"BT474 R3","TBF","FLUVA"
"468",1,1.56,25,2.67922485343185,5.6767485870231,-5.75993719416056,9.79836773883821,"BT474 R3","TBF","FLUVA"
"469",1,25,6.25,0.510823498845173,4.22172035283689,5.58907864837425,4.64714354296689,"BT474 R3","TBF","FLUVA"
"470",1,25,12.5,1.39300368693778,-0.168878254318074,-6.41630685945332,5.66010561689872,"BT474 R3","TBF","FLUVA"
"471",1,25,25,3.05668994715682,3.04556719473582,-0.42974901019744,11.6466634661546,"BT474 R3","TBF","FLUVA"
"472",1,25,50,2.51398410472197,2.64037775568816,7.2205457446707,14.1286605856937,"BT474 R3","TBF","FLUVA"
"473",1,0.39,1.56,1.34824739437822,-8.35105697767776,-25.1818317811266,-5.83163036435229,"BT474 R3","TBF","FLUVA"
"474",1,1.56,1.56,1.0041042382177,-10.2808933596697,-22.9040069294095,-7.87519314160394,"BT474 R3","TBF","FLUVA"
"475",1,1.56,3.125,0.862616887237078,-3.74336540440902,-21.2143294135843,-6.1855156257788,"BT474 R3","TBF","FLUVA"
"476",1,1.56,25,0.407621838630984,1.2317646604543,0.00383337363593483,8.52315207097642,"BT474 R3","TBF","FLUVA"
"477",1,6.25,3.125,0.0439557592076749,6.310290307209,-10.9815626289559,3.87280067786473,"BT474 R3","TBF","FLUVA"
"478",1,25,0.78,1.46729600258178,4.37630957574108,1.10536355356916,-0.393759657080196,"BT474 R3","TBF","FLUVA"
"479",1,25,25,3.42725993478426,3.77191923197002,-8.40426205504025,15.0775058565519,"BT474 R3","TBF","FLUVA"
"480",1,25,50,0.973772769934342,0.633407994642923,-0.867583521696801,9.99850471016299,"BT474 R3","TBF","FLUVA"
"481",1,0.39,0.78,4.15674921189304,4.35472815924158,-10.5608131956442,-6.63293985385047,"BT474 RR3","TBF","FLUVA"
"482",1,0.39,1.56,7.25734169771582,0.817669653687016,-7.49729436484033,-5.87408656548625,"BT474 RR3","TBF","FLUVA"
"483",1,0.39,3.125,4.61056076715776,13.4139580612247,-3.51565674070692,0.412216601086769,"BT474 RR3","TBF","FLUVA"
"484",1,0.39,6.25,1.05522123302787,8.33042376115156,-13.9334944772631,-10.0056211354694,"BT474 RR3","TBF","FLUVA"
"485",1,0.39,12.5,4.31931806317455,7.02558903345297,-10.851238528228,-6.9233651864343,"BT474 RR3","TBF","FLUVA"
"486",1,1.56,0.78,9.05752646892171,7.39024137038447,-2.59786734018733,-3.06351883080382,"BT474 RR3","TBF","FLUVA"
"487",1,1.56,1.56,9.15649883424804,-2.08428234537603,-5.79254599860966,-6.25819748922615,"BT474 RR3","TBF","FLUVA"
"488",1,1.56,3.125,7.7922290342303,9.20339371797126,-2.700921490459,-3.16657298107549,"BT474 RR3","TBF","FLUVA"
"489",1,1.56,6.25,3.86476052362291,8.37630284322865,-8.6031137332921,-9.06876522390858,"BT474 RR3","TBF","FLUVA"
"490",1,1.56,12.5,8.80220117412596,12.9900961498189,-0.593325082257225,-0.281056773468237,"BT474 RR3","TBF","FLUVA"
"491",1,1.56,25,4.88981784443108,6.14247112080652,-5.77267514151304,4.97470489038786,"BT474 RR3","TBF","FLUVA"
"492",1,6.25,0.78,8.98824143691855,7.88043099514673,-2.70289784731907,-2.19224283305228,"BT474 RR3","TBF","FLUVA"
"493",1,6.25,1.56,5.90121938347147,-3.81035817526943,-8.34277043491512,-7.83211542064832,"BT474 RR3","TBF","FLUVA"
"494",1,6.25,3.125,6.82478105612118,1.5761367544917,-11.6314640773035,-10.3428892636312,"BT474 RR3","TBF","FLUVA"
"495",1,6.25,6.25,3.83180787583122,3.62755453854817,-15.2480572887382,-13.1815626756605,"BT474 RR3","TBF","FLUVA"
"496",1,6.25,12.5,10.8623220039764,14.3425407820207,-4.40091279691418,1.55518081319093,"BT474 RR3","TBF","FLUVA"
"497",1,6.25,25,2.23991341594575,1.98751076453937,-12.7174125886587,4.25332583848603,"BT474 RR3","TBF","FLUVA"
"498",1,25,0.78,0.721596804039804,-4.00698030503129,-13.0891904179929,-12.6288176878396,"BT474 RR3","TBF","FLUVA"
"499",1,25,1.56,4.94637524394133,-2.54403336885207,-6.44688200502681,-5.98650927487353,"BT474 RR3","TBF","FLUVA"
"500",1,25,3.125,2.27548249207365,0.749370628378783,-10.6911686772072,-9.45287614764848,"BT474 RR3","TBF","FLUVA"
"501",1,25,6.25,6.27326549452173,11.2776228990124,-5.90449375475157,-3.11036162638186,"BT474 RR3","TBF","FLUVA"
"502",1,25,12.5,9.77863895138116,13.4281767850089,-2.64522336095001,2.48266816563611,"BT474 RR3","TBF","FLUVA"
"503",1,25,25,7.48419522085424,7.45587921232763,4.26712630231867,13.2846168259322,"BT474 RR3","TBF","FLUVA"
"504",1,0.39,12.5,2.87422047314178,-6.45432840078976,-17.1208180259309,-11.1242006058566,"BT549 R1","TBF","FLUVA"
"505",1,0.39,50,1.2239417269938,2.02043309340982,-11.6497681975852,0.538539212386397,"BT549 R1","TBF","FLUVA"
"506",1,1.56,0.78,0.976042148087237,3.36526585974152,-8.0161394665233,4.28587456524178,"BT549 R1","TBF","FLUVA"
"507",1,1.56,3.125,3.08550323122391,10.5695769301837,-7.14101324639541,5.16100078536968,"BT549 R1","TBF","FLUVA"
"508",1,1.56,6.25,1.689350854615,4.94560190521918,-5.7946652154294,6.50734881633569,"BT549 R1","TBF","FLUVA"
"509",1,1.56,12.5,3.02115441742797,-2.60512824211717,-6.48466858129948,-0.488051161225187,"BT549 R1","TBF","FLUVA"
"510",1,1.56,25,5.58221497643401,5.64442905199922,-18.7921557595771,7.84247728037697,"BT549 R1","TBF","FLUVA"
"511",1,1.56,50,14.165569670904,14.0931364912997,2.57664266295558,14.7649500729272,"BT549 R1","TBF","FLUVA"
"512",1,6.25,12.5,0.936170184185045,-2.65564996582584,-19.9750645938616,2.18220576685739,"BT549 R1","TBF","FLUVA"
"513",1,6.25,25,20.2463051817491,20.7907732789115,1.51040606697092,23.6676764276899,"BT549 R1","TBF","FLUVA"
"514",1,6.25,50,5.01420266505431,5.24670150963408,-11.357681719406,17.9737462133962,"BT549 R1","TBF","FLUVA"
"515",1,0.39,0.78,10.2262508702749,44.3258941298686,13.8596254946977,17.7869372225745,"BT549 R1","TBF","FLUVA"
"516",1,0.39,1.56,6.99988681908487,-7.61041906503968,-21.4209705737868,-17.49365884591,"BT549 R1","TBF","FLUVA"
"517",1,0.39,3.125,10.5529260274061,-11.6438650339435,-17.2833675300328,-18.6905516804058,"BT549 R1","TBF","FLUVA"
"518",1,0.39,6.25,2.88623735037038,16.3924236478002,-8.77004478980389,-3.78091312618896,"BT549 R1","TBF","FLUVA"
"519",1,0.39,12.5,4.20327612868183,-6.70748692463677,-29.3147372928591,-22.2019657577679,"BT549 R1","TBF","FLUVA"
"520",1,0.39,50,1.73132680313611,2.82773704034173,1.84199537032792,0.903614457831324,"BT549 R1","TBF","FLUVA"
"521",1,1.56,0.78,17.4020062258626,18.2726240877806,-3.81877061006024,-3.01204819277109,"BT549 R1","TBF","FLUVA"
"522",1,1.56,1.56,7.30855911365176,3.18650532443829,-6.60855503533545,-4.74001268230818,"BT549 R1","TBF","FLUVA"
"523",1,1.56,3.125,4.73785745902301,-9.49394815855215,-14.8593350463171,-10.8671528218136,"BT549 R1","TBF","FLUVA"
"524",1,1.56,6.25,7.3816335810502,9.16444035997812,-17.3780035510438,-7.0149017121116,"BT549 R1","TBF","FLUVA"
"525",1,1.56,12.5,8.0436434616345,8.27336646924784,-31.5056767397212,-4.15345592897906,"BT549 R1","TBF","FLUVA"
"526",1,1.56,25,23.3184123857395,22.9411002485395,-30.6329633876562,25.3883956880152,"BT549 R1","TBF","FLUVA"
"527",1,1.56,50,12.0724090638535,11.9668977280815,16.854677678508,15.9162967660114,"BT549 R1","TBF","FLUVA"
"528",1,6.25,1.56,1.8240128450205,0.672665715426533,-1.27018620730755,-1.10970196575778,"BT549 R1","TBF","FLUVA"
"529",1,6.25,3.125,3.30584546164249,3.01169760978298,2.54243268933163,2.7029169308814,"BT549 R1","TBF","FLUVA"
"530",1,6.25,6.25,0.437215816182928,1.58516035238641,-2.21343287820164,-2.05294863665188,"BT549 R1","TBF","FLUVA"
"531",1,6.25,12.5,7.46916484868979,7.62151583338324,4.66671930949651,4.82720355104628,"BT549 R1","TBF","FLUVA"
"532",1,6.25,25,7.49507764231542,5.822557660472,6.21237561894483,6.3728598604946,"BT549 R1","TBF","FLUVA"
"533",1,25,0.78,3.14013973805052,1.51963211957397,0.643643580105774,-0.134749524413451,"BT549 R1","TBF","FLUVA"
"534",1,25,1.56,0.14995495679679,-0.358852474276517,-0.196559336825104,-0.974952441344328,"BT549 R1","TBF","FLUVA"
"535",1,25,3.125,0.983636282817784,0.162219397899975,0.833878202807114,0.0554850982878889,"BT549 R1","TBF","FLUVA"
"536",1,25,6.25,0.924076329030186,0.900872622419058,0.421703186954232,-0.356689917564992,"BT549 R1","TBF","FLUVA"
"537",1,0.39,0.78,2.3718820487652,-11.6254953134161,-4.79202180058981,-12.6421877762716,"BT549 R1","TBF","FLUVA"
"538",1,0.39,25,1.82980512223465,4.07839104979245,-8.89545186356105,2.98815347439147,"BT549 R1","TBF","FLUVA"
"539",1,0.39,50,41.1881462653528,42.0495182267303,41.3913807019446,41.2683444333117,"BT549 R1","TBF","FLUVA"
"540",1,1.56,25,5.99723714353466,5.59582255729593,-10.5152616037075,9.27683149643426,"BT549 R1","TBF","FLUVA"
"541",1,1.56,50,51.0301290078397,50.789544147821,57.8008692979653,58.6255672776566,"BT549 R1","TBF","FLUVA"
"542",1,6.25,6.25,0.168070921284851,1.96243013677176,1.01263314848794,1.20233394235869,"BT549 R1","TBF","FLUVA"
"543",1,6.25,12.5,4.8255863172506,5.84582543263502,5.71588062889109,5.90558142276183,"BT549 R1","TBF","FLUVA"
"544",1,6.25,25,18.0521402831492,18.1651787150125,19.6605968427179,19.8502976365887,"BT549 R1","TBF","FLUVA"
"545",1,6.25,50,20.1202475472983,20.5427675227915,33.0571902298812,33.246891023752,"BT549 R1","TBF","FLUVA"
"546",1,25,0.78,0.77726480346891,0.812693276238633,1.77373312309658,2.00388990393117,"BT549 R1","TBF","FLUVA"
"547",1,25,12.5,1.66460545096699,1.88127557955417,1.66764483406493,1.89780161489952,"BT549 R1","TBF","FLUVA"
"548",1,25,25,2.77479666790624,2.83449035091259,3.07036776681674,3.30052454765134,"BT549 R1","TBF","FLUVA"
"549",1,0.39,50,2.70560549537217,2.89291282580939,-1.08953730851289,3.42721971614039,"BT549 R2","TBF","FLUVA"
"550",1,1.56,50,15.0514318478984,14.9642335331612,2.94095186774747,19.1330179337661,"BT549 R2","TBF","FLUVA"
"551",1,6.25,25,15.6497440038671,15.7161877082536,-0.762516225263184,20.2552536032567,"BT549 R2","TBF","FLUVA"
"552",1,6.25,50,5.44180432034358,5.29467641059722,-8.3547774618784,19.5125976455056,"BT549 R2","TBF","FLUVA"
"553",1,25,25,0.0520682261677052,1.01281358203937,-4.06692460395601,1.87589393772693,"BT549 R2","TBF","FLUVA"
"554",1,0.39,0.78,4.94988893029236,24.0934467094317,5.46466011673693,9.79201457416124,"BT549 R2","TBF","FLUVA"
"555",1,0.39,1.56,1.88645850706212,-6.83387253449176,-30.257216306521,-25.9298618490967,"BT549 R2","TBF","FLUVA"
"556",1,0.39,3.125,4.65690141647148,-5.04799086598131,-22.7803679688863,-18.453013511462,"BT549 R2","TBF","FLUVA"
"557",1,0.39,6.25,4.52507929529354,6.0584828229758,-18.502304095617,-7.36298770305146,"BT549 R2","TBF","FLUVA"
"558",1,0.39,12.5,5.82375579313679,-2.94504584836616,-23.6488047787808,-12.5094883862153,"BT549 R2","TBF","FLUVA"
"559",1,0.39,25,2.11850605533341,2.11637597451074,-21.5340929625937,-6.6646424776074,"BT549 R2","TBF","FLUVA"
"560",1,1.56,0.78,5.64838146835844,0.888521467486083,-13.6763104414993,-9.76165173827235,"BT549 R2","TBF","FLUVA"
"561",1,1.56,3.125,2.30323688658555,-2.9215817189085,-16.8188639559975,-12.9042052527706,"BT549 R2","TBF","FLUVA"
"562",1,1.56,6.25,0.266573369480033,-7.79015897021173,-28.511651760275,-17.7850311219068,"BT549 R2","TBF","FLUVA"
"563",1,1.56,25,4.96729852720082,4.61609081875922,-44.4144855744358,0.371944739638678,"BT549 R2","TBF","FLUVA"
"564",1,1.56,50,11.6340135641065,11.5053990372441,-1.15982838104003,16.608471231213,"BT549 R2","TBF","FLUVA"
"565",1,6.25,3.125,0.292585776261973,-0.439737941115297,-3.80588982528239,-2.51252466980415,"BT549 R2","TBF","FLUVA"
"566",1,6.25,6.25,0.327536300567871,0.329466961678335,-3.03922821908837,-1.74586306361013,"BT549 R2","TBF","FLUVA"
"567",1,6.25,12.5,1.51658156412314,1.9495509289555,-0.82274119920072,0.470623956277521,"BT549 R2","TBF","FLUVA"
"568",1,6.25,25,6.17866729356795,6.40728840354244,-2.57929095884479,5.52603613177472,"BT549 R2","TBF","FLUVA"
"569",1,25,0.78,3.4429603834687,3.07981291109186,2.69625177684672,2.02671929558221,"BT549 R2","TBF","FLUVA"
"570",1,25,1.56,2.11406711790693,2.13485146283575,1.39824054259743,0.728708061332924,"BT549 R2","TBF","FLUVA"
"571",1,25,3.125,1.83907990830298,1.56397990447668,1.24642636315308,0.576893881888566,"BT549 R2","TBF","FLUVA"
"572",1,25,6.25,2.31767764301432,1.98268004644265,1.66391535662507,0.994382875360557,"BT549 R2","TBF","FLUVA"
"573",1,25,12.5,2.4486422459231,1.94915912068915,1.91440875270827,1.24487627144376,"BT549 R2","TBF","FLUVA"
"574",1,25,25,0.660948362174125,0.571477132606049,-5.99061527443239,0.151814179444358,"BT549 R2","TBF","FLUVA"
"575",1,0.39,1.56,2.71311945596088,-12.5006428418429,-2.84288948504214,-9.39876360851252,"BT549 R2","TBF","FLUVA"
"576",1,0.39,25,0.460405222000077,1.2865671957075,-12.6295798216237,4.51884676404616,"BT549 R2","TBF","FLUVA"
"577",1,0.39,50,28.2371121154535,27.4324966981132,29.9126228800965,29.6022758356584,"BT549 R2","TBF","FLUVA"
"578",1,1.56,50,42.6658205565269,42.8403122560312,50.8803232400168,51.474369495049,"BT549 R2","TBF","FLUVA"
"579",1,6.25,25,9.18152478456216,9.18202680440757,11.0143158813268,11.2478800809672,"BT549 R2","TBF","FLUVA"
"580",1,6.25,50,12.7621775834272,12.5510935994154,25.7908353845819,26.0243995842223,"BT549 R2","TBF","FLUVA"
"581",1,25,0.78,1.15857096159247,1.48334660947832,1.28468415817677,1.44975108047487,"BT549 R2","TBF","FLUVA"
"582",1,25,1.56,0.644127524126148,-0.769278055067346,0.223356952093283,0.388423874391378,"BT549 R2","TBF","FLUVA"
"583",1,25,3.125,1.71170294557722,2.52654300441259,2.23112542958111,2.39619235187921,"BT549 R2","TBF","FLUVA"
"584",1,25,6.25,1.14692424068278,0.992770777891167,1.12603215314367,1.29109907544176,"BT549 R2","TBF","FLUVA"
"585",1,25,12.5,0.919664578921115,0.820529119495674,0.535190203365246,0.700257125663342,"BT549 R2","TBF","FLUVA"
"586",1,25,25,1.16189672286015,1.33959934693405,1.86458459036672,2.02965151266481,"BT549 R2","TBF","FLUVA"
"587",1,0.39,0.78,4.66415434361033,-22.4334699623007,-5.58482717962486,-14.4856687078681,"BT549 R3","TBF","FLUVA"
"588",1,0.39,1.56,2.18507307436616,-11.9817099863199,-0.428649543644831,-9.32949107188803,"BT549 R3","TBF","FLUVA"
"589",1,0.39,6.25,1.38279390187566,-18.7646011002779,-7.81814164471002,-16.7189831729532,"BT549 R3","TBF","FLUVA"
"590",1,0.39,12.5,1.4488387798388,-8.7131308286945,2.21118990471623,-6.68965162352697,"BT549 R3","TBF","FLUVA"
"591",1,1.56,25,0.0419674369657752,3.34863312648364,-32.7379698293524,2.6552771059538,"BT549 R3","TBF","FLUVA"
"592",1,1.56,50,8.94647403521478,10.1991177139967,4.2798128046622,10.0344774352905,"BT549 R3","TBF","FLUVA"
"593",1,6.25,25,5.83094250356477,5.85027483566564,-13.7205073485678,10.1116657232543,"BT549 R3","TBF","FLUVA"
"594",1,25,0.78,0.529063612782821,0.196651856756134,1.62622616774065,1.63639170483198,"BT549 R3","TBF","FLUVA"
"595",1,25,3.125,1.28620639179371,2.22372865392445,1.97536221290122,1.98631194360108,"BT549 R3","TBF","FLUVA"
"596",1,25,6.25,2.0874101702555,1.91935664145207,2.27848608496203,2.28991920959193,"BT549 R3","TBF","FLUVA"
"597",1,25,12.5,3.13417600255957,2.55116513429486,2.90596833828855,2.9177172850306,"BT549 R3","TBF","FLUVA"
"598",1,25,25,5.04276726658287,6.49846765115365,8.07233373193807,8.08418669273915,"BT549 R3","TBF","FLUVA"
"599",1,0.39,0.78,7.63471277005152,28.1645281524103,9.34164276091354,13.7861125190066,"BT549 R3","TBF","FLUVA"
"600",1,0.39,1.56,2.91492198204769,8.07385109153866,-22.0101782513231,-17.56570849323,"BT549 R3","TBF","FLUVA"
"601",1,0.39,3.125,9.07173404531721,-4.6818877985504,-19.9900493685485,-15.5455796104554,"BT549 R3","TBF","FLUVA"
"602",1,0.39,6.25,4.57715926439831,6.75095354777104,-19.6529903097085,-14.1191803634784,"BT549 R3","TBF","FLUVA"
"603",1,0.39,12.5,5.14890313914419,-2.64417039447398,-29.5356747407217,-21.8231844182174,"BT549 R3","TBF","FLUVA"
"604",1,0.39,25,1.0305923339958,-17.1815176028783,-64.014058070381,-25.0380131779017,"BT549 R3","TBF","FLUVA"
"605",1,0.39,50,0.791122114474163,1.88620206271429,-0.165021227713936,-0.246180580696546,"BT549 R3","TBF","FLUVA"
"606",1,1.56,0.78,5.64156018821422,-3.17229524949868,-15.0767501219761,-14.0395337050177,"BT549 R3","TBF","FLUVA"
"607",1,1.56,1.56,5.71008152822282,7.43143728437593,-14.0735553741925,-11.9469987690971,"BT549 R3","TBF","FLUVA"
"608",1,1.56,3.125,3.36746347845563,-8.24709349148118,-21.8524730496023,-16.4578958800956,"BT549 R3","TBF","FLUVA"
"609",1,1.56,6.25,2.37284112659657,-3.09532390846042,-30.7996357481881,-18.8690174498588,"BT549 R3","TBF","FLUVA"
"610",1,1.56,12.5,0.337301070517283,-8.37753081266567,-51.1437933092206,-22.873072188835,"BT549 R3","TBF","FLUVA"
"611",1,1.56,25,9.82786534917076,9.42065872773865,-45.2128181042354,7.02338715516616,"BT549 R3","TBF","FLUVA"
"612",1,1.56,50,13.9784326628413,13.8674032682837,19.160154356965,19.0789950039823,"BT549 R3","TBF","FLUVA"
"613",1,6.25,0.78,0.909456091322753,1.86080096445218,-0.146089076554432,-0.137571500977486,"BT549 R3","TBF","FLUVA"
"614",1,6.25,12.5,2.57829061328806,4.02681354842605,1.35271622356866,1.36123379914561,"BT549 R3","TBF","FLUVA"
"615",1,6.25,25,4.42422798325137,3.57601548519649,3.12666452564672,3.13518210122366,"BT549 R3","TBF","FLUVA"
"616",1,25,0.78,1.93318535578437,1.32948858641592,0.872893575748549,0.514082977336912,"BT549 R3","TBF","FLUVA"
"617",1,25,1.56,0.846537892001052,1.09923985387704,0.866571746808859,-0.354789660415605,"BT549 R3","TBF","FLUVA"
"618",1,25,3.125,0.779027994401758,0.073038839375485,0.678316008629139,-0.543045398595325,"BT549 R3","TBF","FLUVA"
"619",1,25,6.25,0.79207420399581,0.676711135356328,0.714519035202159,-0.506842372022305,"BT549 R3","TBF","FLUVA"
"620",1,25,12.5,0.69287988157042,0.609769482267794,0.743481456460586,-0.477879950763878,"BT549 R3","TBF","FLUVA"
"621",1,0.39,25,1.39866884059651,2.77177123839389,-1.98024447463988,4.62511091393078,"BT549 R3","TBF","FLUVA"
"622",1,0.39,50,25.8125303719318,25.3587154090254,15.0476490366934,26.4252440106477,"BT549 R3","TBF","FLUVA"
"623",1,1.56,25,3.23179277859519,3.1754633166198,-16.4227085441729,11.0303904170364,"BT549 R3","TBF","FLUVA"
"624",1,1.56,50,37.7502124797332,37.8182504616657,14.5597165665616,42.8682342502218,"BT549 R3","TBF","FLUVA"
"625",1,6.25,25,10.6922765761107,10.7925774665408,-0.393040409947034,13.7034161490683,"BT549 R3","TBF","FLUVA"
"626",1,6.25,50,8.80756597219688,8.51123931112508,3.05404417852864,24.4066104702751,"BT549 R3","TBF","FLUVA"
"627",1,25,1.56,1.03086225550892,1.17612745929745,2.49392882804062,1.94653948535937,"BT549 R3","TBF","FLUVA"
"628",1,25,3.125,0.72864314281432,0.584004717729471,1.5178862370912,0.970496894409948,"BT549 R3","TBF","FLUVA"
"629",1,25,6.25,1.17391519337441,1.15209323718301,1.98372474640797,1.43633540372672,"BT549 R3","TBF","FLUVA"
"630",1,25,12.5,2.03110642643166,2.20228276271546,3.26478064702908,2.71739130434783,"BT549 R3","TBF","FLUVA"
"631",1,25,25,1.77209791499297,1.54331118876509,3.09840975084452,2.55102040816327,"BT549 R3","TBF","FLUVA"
"632",1,0.39,0.78,2.09555280142724,13.5265702225272,-7.78227850950755,-1.73577627772418,"CAL51 R1","TBF","FLUVA"
"633",1,0.39,1.56,4.41483365117702,2.9971661418422,-10.9594596494355,-11.3739024514033,"CAL51 R1","TBF","FLUVA"
"634",1,0.39,3.125,2.31064887775728,10.4351755220097,-12.8373462656868,-5.06521849464548,"CAL51 R1","TBF","FLUVA"
"635",1,0.39,6.25,3.61895398837855,18.6418371178751,-4.24069863581134,3.4207988631173,"CAL51 R1","TBF","FLUVA"
"636",1,0.39,12.5,5.64091856256656,12.6713842880123,-9.58711814030951,-2.00984621631223,"CAL51 R1","TBF","FLUVA"
"637",1,0.39,25,2.16766531845798,4.96318201246487,-21.3134045425205,-7.4201898188093,"CAL51 R1","TBF","FLUVA"
"638",1,0.39,50,2.11676922511354,4.65849371052326,-0.821406767552574,0.482160077145608,"CAL51 R1","TBF","FLUVA"
"639",1,1.56,0.78,6.13637851366641,5.24472938180448,-2.45831201274193,-4.17195350961784,"CAL51 R1","TBF","FLUVA"
"640",1,1.56,1.56,5.94440761783151,0.444174017968797,-2.49689120749814,-3.25331167842461,"CAL51 R1","TBF","FLUVA"
"641",1,1.56,3.125,7.75287060239085,14.0249473704457,2.87994856947582,3.08074912449879,"CAL51 R1","TBF","FLUVA"
"642",1,1.56,6.25,8.00946411650294,7.6746816036546,-5.50661710565623,-1.47693244683551,"CAL51 R1","TBF","FLUVA"
"643",1,1.56,12.5,6.64870042671666,5.57101485713302,-13.7186284106767,-0.116733492361575,"CAL51 R1","TBF","FLUVA"
"644",1,1.56,25,7.21679746280145,6.19421703161357,-20.3664939696515,15.2514845455007,"CAL51 R1","TBF","FLUVA"
"645",1,1.56,50,9.95050410888766,9.27365912553383,7.61687656508067,12.7493275135766,"CAL51 R1","TBF","FLUVA"
"646",1,25,0.78,1.93098366483306,2.50912262393709,0.752889716959274,0.751154646500538,"CAL51 R1","TBF","FLUVA"
"647",1,25,1.56,2.25226518827505,2.06569588537475,1.37716013263201,1.37542506217328,"CAL51 R1","TBF","FLUVA"
"648",1,25,3.125,0.499921219624838,0.449468599464879,-1.59193086873834,-1.59366593919708,"CAL51 R1","TBF","FLUVA"
"649",1,0.39,0.78,13.5962729394014,31.6573563500642,13.0285689572659,14.003391217915,"CAL51 R1","TBF","FLUVA"
"650",1,0.39,1.56,6.93736832368497,-5.11482053753107,-14.299969895567,-13.3251476349178,"CAL51 R1","TBF","FLUVA"
"651",1,0.39,3.125,9.66932417985244,17.3894544833108,3.2895752629436,5.33824475238264,"CAL51 R1","TBF","FLUVA"
"652",1,0.39,6.25,5.85509803554664,1.54742696920803,-11.6941123447272,-8.57159562649827,"CAL51 R1","TBF","FLUVA"
"653",1,0.39,12.5,4.26717626495736,-4.17352128570976,-25.0756265010726,-17.657720867684,"CAL51 R1","TBF","FLUVA"
"654",1,1.56,0.78,15.3150979777056,20.4537685416495,6.22939967504241,6.8292112494884,"CAL51 R1","TBF","FLUVA"
"655",1,1.56,1.56,12.6635067361835,18.0302258354955,8.94634884723515,11.6938548792609,"CAL51 R1","TBF","FLUVA"
"656",1,1.56,3.125,12.2001986372158,13.6214753737334,-0.574321111718668,4.32087937788692,"CAL51 R1","TBF","FLUVA"
"657",1,1.56,6.25,5.091947641927,2.44778610552135,-16.6999163244862,-5.36163246214115,"CAL51 R1","TBF","FLUVA"
"658",1,1.56,12.5,4.95758742706635,6.635246619403,-32.2911077215451,-3.77126819856166,"CAL51 R1","TBF","FLUVA"
"659",1,1.56,50,5.14024518171979,5.09285498868871,11.0823226885672,10.0917967608022,"CAL51 R1","TBF","FLUVA"
"660",1,6.25,1.56,0.143218092964958,-1.07176097834471,-2.61293812941607,-2.53756650879963,"CAL51 R1","TBF","FLUVA"
"661",1,25,0.78,0.714184762179187,-0.716970118713732,-1.19752035755874,-1.53189498918317,"CAL51 R1","TBF","FLUVA"
"662",1,25,3.125,0.95795829550579,0.334112776656411,0.112191388918475,-0.222183242705952,"CAL51 R1","TBF","FLUVA"
"663",1,25,6.25,0.0189195782881342,-0.152669999945189,-0.285399676976397,-0.619774308600824,"CAL51 R1","TBF","FLUVA"
"664",1,0.39,50,28.829714428254,31.3759091450993,31.8792392272074,31.1765189509167,"CAL51 R1","TBF","FLUVA"
"665",1,6.25,50,11.612962212968,14.3446037388668,28.7736574771147,28.8127928964893,"CAL51 R1","TBF","FLUVA"
"666",1,0.39,0.78,2.62045217463778,1.97502942095613,-2.66014458520309,-0.892777827129777,"CAL51 R2","TBF","FLUVA"
"667",1,0.39,1.56,2.60041608614449,5.57283480848401,-1.4120322995142,0.355334458559113,"CAL51 R2","TBF","FLUVA"
"668",1,0.39,3.125,3.71776468976528,11.2706857460259,0.988273419335596,6.0895442835569,"CAL51 R2","TBF","FLUVA"
"669",1,0.39,6.25,3.7282436736131,9.54074915169896,-2.99591419725853,2.10535666696278,"CAL51 R2","TBF","FLUVA"
"670",1,0.39,12.5,2.90661636893902,0.921938761245292,-6.25430973096271,-1.37247934618458,"CAL51 R2","TBF","FLUVA"
"671",1,0.39,50,1.01015071508465,0.772594792793981,-1.17344338148916,0.262059163187345,"CAL51 R2","TBF","FLUVA"
"672",1,1.56,0.78,2.46526173045446,0.47568183153084,-2.0888586379376,-1.97210624500312,"CAL51 R2","TBF","FLUVA"
"673",1,1.56,1.56,2.57866469158957,2.6233725651416,-1.94672485451394,-1.82997246157946,"CAL51 R2","TBF","FLUVA"
"674",1,1.56,3.125,4.92709375132583,4.78652908349177,-3.08643867905938,0.3642178200231,"CAL51 R2","TBF","FLUVA"
"675",1,1.56,6.25,3.58308027862454,10.4993760695279,-2.63158912082077,4.1529714844097,"CAL51 R2","TBF","FLUVA"
"676",1,1.56,12.5,1.96003219869013,4.77959115214675,-7.59823361276498,5.85413520476149,"CAL51 R2","TBF","FLUVA"
"677",1,1.56,50,1.53263779350989,2.36485427811033,0.378501317550729,5.14790796837524,"CAL51 R2","TBF","FLUVA"
"678",1,25,0.78,1.69002129303105,2.38109125099849,0.840436113677583,1.86994758816736,"CAL51 R2","TBF","FLUVA"
"679",1,25,25,1.96263508757319,1.99491123934146,3.54541967945887,4.57493115394865,"CAL51 R2","TBF","FLUVA"
"680",1,0.39,0.78,4.16173979939714,4.61066261226314,6.82778543165048,4.52481840193705,"CAL51 R2","TBF","FLUVA"
"681",1,0.39,1.56,2.5281850092208,-8.77594604106128,-0.21922828909207,-2.5221953188055,"CAL51 R2","TBF","FLUVA"
"682",1,6.25,3.125,1.53637158569043,1.02797271355156,2.25503031426679,-0.232041969330112,"CAL51 R2","TBF","FLUVA"
"683",1,6.25,12.5,0.0150696031272304,-4.16807738608227,-2.69351690122957,-5.18058918482647,"CAL51 R2","TBF","FLUVA"
"684",1,6.25,25,1.07666990001435,-1.45800650649038,2.46185033040884,-0.0252219531880655,"CAL51 R2","TBF","FLUVA"
"685",1,6.25,50,0.389145564274017,-0.480814093807581,13.4283555765751,10.9412832929782,"CAL51 R2","TBF","FLUVA"
"686",1,0.39,0.78,1.85793634846574,-1.44149316892752,0.121548384332974,-0.619826285527893,"CAL51 R2","TBF","FLUVA"
"687",1,0.39,3.125,0.362057574596394,0.0562114451735658,-1.14664881829312,-1.0153733230029,"CAL51 R2","TBF","FLUVA"
"688",1,0.39,6.25,0.521953969338693,-1.22908100877843,-2.52494674269062,-2.39367124740041,"CAL51 R2","TBF","FLUVA"
"689",1,0.39,50,37.3330578906694,40.8592872448349,41.5954275757982,41.4264160176161,"CAL51 R2","TBF","FLUVA"
"690",1,1.56,0.78,2.37042530593351,1.5381998085931,3.26103247737266,3.16437629980017,"CAL51 R2","TBF","FLUVA"
"691",1,1.56,6.25,1.23108048199336,2.05564880692442,-2.72560992308355,0.937895037311904,"CAL51 R2","TBF","FLUVA"
"692",1,1.56,50,32.164039798684,25.993654977421,29.4354145268237,29.2664029686417,"CAL51 R2","TBF","FLUVA"
"693",1,6.25,0.78,0.341607098317489,-0.880560337664363,-0.225222642834211,-0.134567548831704,"CAL51 R2","TBF","FLUVA"
"694",1,6.25,1.56,0.25614190653247,0.95096436501538,-0.355712387155869,-0.265057293153362,"CAL51 R2","TBF","FLUVA"
"695",1,6.25,50,14.0542531083179,16.1884327739822,30.1381097390114,30.2287648330139,"CAL51 R2","TBF","FLUVA"
"696",1,25,0.78,0.0202133587137752,-0.297287795733382,-0.163806187975126,-0.13048974432165,"CAL51 R2","TBF","FLUVA"
"697",1,25,1.56,0.290545720388863,0.667439803857391,0.36223059382155,0.395547037475026,"CAL51 R2","TBF","FLUVA"
"698",1,25,3.125,0.143949276346248,0.215593522783593,0.0767842781179269,0.110100721771403,"CAL51 R2","TBF","FLUVA"
"699",1,25,12.5,2.01130671409847,2.18712844523327,0.780505521059965,1.97773518737512,"CAL51 R2","TBF","FLUVA"
"700",1,25,25,1.93367299027329,1.97352950977987,0.459939092517303,2.01851323247564,"CAL51 R2","TBF","FLUVA"
"701",1,0.39,0.78,4.01964315853243,0.199603686938167,-3.01330181538685,-1.91040551894926,"CAL51 R3","TBF","FLUVA"
"702",1,0.39,1.56,4.58207670642162,11.1668673379897,0.816353692506826,6.09826206164595,"CAL51 R3","TBF","FLUVA"
"703",1,0.39,3.125,1.60896213520885,10.4024619299747,0.860576042482509,6.14248441162164,"CAL51 R3","TBF","FLUVA"
"704",1,0.39,6.25,0.272264804079156,6.29205952397534,-1.4699418012357,3.81196656790343,"CAL51 R3","TBF","FLUVA"
"705",1,0.39,50,0.0890621287929036,0.387376482325095,-4.68363641204577,-0.12824481492946,"CAL51 R3","TBF","FLUVA"
"706",1,1.56,0.78,5.60640837667579,7.78702429422354,10.0494754182568,9.63605005970018,"CAL51 R3","TBF","FLUVA"
"707",1,1.56,1.56,7.67030041452446,18.6410612852405,14.5247772357953,14.1113518772388,"CAL51 R3","TBF","FLUVA"
"708",1,1.56,3.125,4.5380872943733,7.26082076638532,-1.29848453467369,3.45376553310044,"CAL51 R3","TBF","FLUVA"
"709",1,1.56,6.25,2.54133392577114,5.50212921726854,-1.46652946458129,3.28572060319284,"CAL51 R3","TBF","FLUVA"
"710",1,1.56,50,5.15441328225887,5.06603461879972,2.59536239395078,7.15075399106709,"CAL51 R3","TBF","FLUVA"
"711",1,25,6.25,0.609346816355028,1.30597577712322,3.09507494867593,0.88886923451112,"CAL51 R3","TBF","FLUVA"
"712",1,25,12.5,1.43057162026179,0.967627767238781,-0.854485853323652,2.10498385884226,"CAL51 R3","TBF","FLUVA"
"713",1,25,25,0.831035436730588,1.19321474931476,1.83423302519755,4.79370273736346,"CAL51 R3","TBF","FLUVA"
"714",1,0.39,0.78,9.55632645490961,26.5856980508781,8.84525772309535,19.9844479004665,"CAL51 R3","TBF","FLUVA"
"715",1,0.39,1.56,4.30719910563743,11.800425732678,-4.981530768351,6.1576594090202,"CAL51 R3","TBF","FLUVA"
"716",1,0.39,3.125,6.86075083406659,13.1088969898645,0.549184628227547,11.6883748055987,"CAL51 R3","TBF","FLUVA"
"717",1,0.39,6.25,0.909945879153168,11.9459214966658,-7.83436902651583,3.30482115085536,"CAL51 R3","TBF","FLUVA"
"718",1,0.39,12.5,1.43540070155494,-5.84491536818935,-15.8388402551317,-6.96928460342149,"CAL51 R3","TBF","FLUVA"
"719",1,1.56,0.78,11.2769433361858,12.9672262328606,7.18448403582248,7.97045101088646,"CAL51 R3","TBF","FLUVA"
"720",1,1.56,1.56,8.45868445186006,12.2028276159816,7.14560378698889,7.93157076205287,"CAL51 R3","TBF","FLUVA"
"721",1,1.56,3.125,11.4438919451165,14.6347422082288,12.7735198056514,13.5594867807154,"CAL51 R3","TBF","FLUVA"
"722",1,1.56,6.25,5.74290007170538,7.78499509613034,0.458200987610965,1.24416796267495,"CAL51 R3","TBF","FLUVA"
"723",1,1.56,12.5,3.25397289830191,2.78298192461463,-11.3648977385421,3.64988335925349,"CAL51 R3","TBF","FLUVA"
"724",1,1.56,25,4.97560128917642,6.63766306424732,-13.0402515191276,16.2033437013997,"CAL51 R3","TBF","FLUVA"
"725",1,1.56,50,3.33711982382165,3.26567824870781,-8.42401115015308,8.2620528771384,"CAL51 R3","TBF","FLUVA"
"726",1,6.25,1.56,0.447583915079562,1.93541952121059,-4.61510371482422,0.592923794712291,"CAL51 R3","TBF","FLUVA"
"727",1,6.25,3.125,1.79806802686717,4.02672638244074,-1.51926390144942,3.68876360808709,"CAL51 R3","TBF","FLUVA"
"728",1,6.25,6.25,0.787038552522219,4.54903871532524,-2.71483155308238,2.49319595645413,"CAL51 R3","TBF","FLUVA"
"729",1,25,0.78,1.17975735933689,0.333142424685391,0.314324775196852,0.0486003110419944,"CAL51 R3","TBF","FLUVA"
"730",1,25,1.56,0.232594108323596,-0.548957708508183,-0.526460605829584,-0.792185069984441,"CAL51 R3","TBF","FLUVA"
"731",1,25,3.125,0.480563520909797,-0.410192435690377,-0.205698552952455,-0.471423017107313,"CAL51 R3","TBF","FLUVA"
"732",1,25,6.25,0.747683083676677,0.153766981387065,0.047023064465904,-0.218701399688953,"CAL51 R3","TBF","FLUVA"
"733",1,25,12.5,0.277021798420705,0.397757029509677,0.712847325741166,0.447122861586308,"CAL51 R3","TBF","FLUVA"
"734",1,0.39,0.78,0.734913568004254,-3.29156234273048,-1.63581902198575,-2.30886604561516,"CAL51 R3","TBF","FLUVA"
"735",1,0.39,1.56,0.244586515854535,-1.03469471824163,-0.154129333582291,-0.112431737873422,"CAL51 R3","TBF","FLUVA"
"736",1,0.39,50,26.0973168006941,30.8904822852552,27.883185735186,31.5330870542885,"CAL51 R3","TBF","FLUVA"
"737",1,1.56,3.125,0.285619991212863,1.86475332865739,-1.43883787704201,0.469804047542553,"CAL51 R3","TBF","FLUVA"
"738",1,1.56,50,18.8551731117535,10.5583838986359,4.61352689040083,14.8088660456152,"CAL51 R3","TBF","FLUVA"
"739",1,25,0.78,0.270974041639477,0.157855764594132,0.22951260746899,0.333279794410544,"CAL51 R3","TBF","FLUVA"
"740",1,25,1.56,0.818006098320353,1.16552927842982,1.15707444492482,1.26084163186637,"CAL51 R3","TBF","FLUVA"
"741",1,25,3.125,0.754507068407136,1.02417439730532,0.767578781577569,0.871345968519122,"CAL51 R3","TBF","FLUVA"
"742",1,25,6.25,0.827182734660582,0.725175938049915,0.550746144250226,0.65451333119178,"CAL51 R3","TBF","FLUVA"
"743",1,25,12.5,1.24670820640324,0.976275721771927,0.920164711548651,1.0239318984902,"CAL51 R3","TBF","FLUVA"
"744",1,25,25,1.63054398870079,1.60115711663337,2.05652834791229,2.16029553485384,"CAL51 R3","TBF","FLUVA"
"745",1,25,50,0.125473691517342,-0.391021600040204,0.629837783194418,3.26453581753935,"CAL51 R3","TBF","FLUVA"
"746",1,0.39,25,0.203370302319897,2.45392847687354,-2.78307736044755,-2.38415454212006,"CAMA1 R1","TBF","FLUVA"
"747",1,0.39,50,3.90023380037456,8.6354512369424,6.27383660222002,6.30883971145617,"CAMA1 R1","TBF","FLUVA"
"748",1,1.56,0.78,2.21270168726075,0.094395554572309,0.668852378314323,-0.362717528630228,"CAMA1 R1","TBF","FLUVA"
"749",1,1.56,1.56,1.80824218596699,2.0494652458,1.3779855241757,0.346415617231145,"CAMA1 R1","TBF","FLUVA"
"750",1,1.56,3.125,2.14727194735135,0.647693203714585,1.09270207469123,0.0611321677466776,"CAMA1 R1","TBF","FLUVA"
"751",1,1.56,6.25,2.25778509663845,-1.30690378058234,-0.643451489314163,-1.67502139625871,"CAMA1 R1","TBF","FLUVA"
"752",1,1.56,12.5,2.5283610794369,-2.19541292934414,-0.993942584395061,-2.02551249133961,"CAMA1 R1","TBF","FLUVA"
"753",1,1.56,25,2.21613300631563,-0.290392205555052,0.057530700847618,-0.974039206096933,"CAMA1 R1","TBF","FLUVA"
"754",1,1.56,50,8.79563489731166,7.68991413275278,8.01406564407517,8.04906875331131,"CAMA1 R1","TBF","FLUVA"
"755",1,6.25,0.78,1.05781673269008,2.63834912309845,0.359116061731196,0.529812120471107,"CAMA1 R1","TBF","FLUVA"
"756",1,6.25,1.56,2.03429909427638,5.42786912540239,1.86704286614902,3.29298610262053,"CAMA1 R1","TBF","FLUVA"
"757",1,6.25,3.125,0.73004049029367,1.14538600107726,-1.26699960033016,-0.965888250397313,"CAMA1 R1","TBF","FLUVA"
"758",1,6.25,6.25,1.40084847306948,3.17035486283689,0.982664172747231,1.06369971879202,"CAMA1 R1","TBF","FLUVA"
"759",1,6.25,12.5,2.63727574615327,4.42237630574674,2.78810086019882,2.32709785222316,"CAMA1 R1","TBF","FLUVA"
"760",1,6.25,25,7.52268940827294,7.86790191199636,3.47960068696938,5.75457472388639,"CAMA1 R1","TBF","FLUVA"
"761",1,6.25,50,29.6197356314374,32.2996571484535,24.0854411461812,31.283367974895,"CAMA1 R1","TBF","FLUVA"
"762",1,25,0.78,0.755768533890265,1.0778639850052,-2.23608616721501,0.737661490809799,"CAMA1 R1","TBF","FLUVA"
"763",1,25,1.56,1.27906195497487,3.07699225429497,-4.29098752370596,1.80951216530138,"CAMA1 R1","TBF","FLUVA"
"764",1,25,3.125,2.35996365375432,4.35307723716166,-7.18676872494284,3.91653421363655,"CAMA1 R1","TBF","FLUVA"
"765",1,25,6.25,1.66957064824378,2.56846240970619,-15.687663377316,2.29449402942495,"CAMA1 R1","TBF","FLUVA"
"766",1,25,12.5,2.44346408935255,1.59340470786103,-20.6397585975103,1.71985165260627,"CAMA1 R1","TBF","FLUVA"
"767",1,25,25,17.0217313008607,17.1897292596632,-5.67867941097563,16.6809308391409,"CAMA1 R1","TBF","FLUVA"
"768",1,25,50,11.4655438042913,9.07097676129044,12.9507370080314,21.7222969393161,"CAMA1 R1","TBF","FLUVA"
"769",1,0.39,1.56,1.06918484998552,12.8541394458967,12.6633812705494,10.5263157894737,"CAMA1 R1","TBF","FLUVA"
"770",1,0.39,25,10.1936286538985,15.3551515454236,9.7306029613628,12.9863225557006,"CAMA1 R1","TBF","FLUVA"
"771",1,0.39,50,1.07527837352931,0.440295265588574,-3.85115084322547,-1.3629114107583,"CAMA1 R1","TBF","FLUVA"
"772",1,1.56,0.78,1.11838410413022,-0.0205387548750364,-1.61249307072844,-1.98153786670532,"CAMA1 R1","TBF","FLUVA"
"773",1,1.56,1.56,0.132617421568438,-5.55047342250431,-4.33897733921378,-4.09840027064908,"CAMA1 R1","TBF","FLUVA"
"774",1,1.56,3.125,0.0816959583686314,-0.0901434809666202,-1.52132715314253,-1.28075008457783,"CAMA1 R1","TBF","FLUVA"
"775",1,1.56,25,9.09792569724734,6.830851412956,-3.9974115370248,6.60673722874681,"CAMA1 R1","TBF","FLUVA"
"776",1,1.56,50,21.4292031665196,21.7311000201835,18.7834037942425,24.3197525494176,"CAMA1 R1","TBF","FLUVA"
"777",1,6.25,0.78,0.0670996166168933,1.08833397531836,-0.935517379475055,-0.444637765211922,"CAMA1 R1","TBF","FLUVA"
"778",1,6.25,12.5,2.21972087020758,3.41686818436645,-2.8160203998143,2.5518341307815,"CAMA1 R1","TBF","FLUVA"
"779",1,6.25,25,7.61906756971691,7.23623780267922,1.08356463719552,7.0610410323329,"CAMA1 R1","TBF","FLUVA"
"780",1,6.25,50,35.4195635830616,34.5873183347073,19.9485792724682,52.4865883717558,"CAMA1 R1","TBF","FLUVA"
"781",1,25,0.78,2.91079105647592,4.9449256196105,4.04238683172232,3.96790875259775,"CAMA1 R1","TBF","FLUVA"
"782",1,25,1.56,3.50585865733774,3.61176048309976,4.40969628994088,4.33521821081631,"CAMA1 R1","TBF","FLUVA"
"783",1,25,3.125,5.09987421410707,6.54263543141795,6.02392469842765,5.94944661930308,"CAMA1 R1","TBF","FLUVA"
"784",1,25,6.25,6.75725682638529,7.12472238432143,6.53622473225879,6.46174665313422,"CAMA1 R1","TBF","FLUVA"
"785",1,25,12.5,10.6373137022568,9.9177078452445,6.07508612789095,9.36639118457301,"CAMA1 R1","TBF","FLUVA"
"786",1,25,25,18.2657107164432,17.457364932968,12.6256971855079,17.3457058624523,"CAMA1 R1","TBF","FLUVA"
"787",1,25,50,20.8290383541785,22.1478171782479,27.6340203173883,33.5556522159393,"CAMA1 R1","TBF","FLUVA"
"788",1,0.39,0.78,0.521836608612953,-1.03150769421489,-1.99547711467076,-1.99203187250998,"CAMA1 R1","TBF","FLUVA"
"789",1,0.39,1.56,0.498966559348143,-0.528144734168264,-1.55641702848488,-1.55297178632411,"CAMA1 R1","TBF","FLUVA"
"790",1,0.39,3.125,0.550509027434303,-1.02228731076448,-1.54015554381132,-1.53671030165054,"CAMA1 R1","TBF","FLUVA"
"791",1,0.39,6.25,0.622254863393582,1.46944210989794,-0.133537119549199,-0.130091877388423,"CAMA1 R1","TBF","FLUVA"
"792",1,0.39,12.5,0.383658067445844,-0.522478864813249,-1.06044174594158,-1.05699650378081,"CAMA1 R1","TBF","FLUVA"
"793",1,0.39,25,0.0689501986589143,-0.000199649092231358,-1.13180031657424,1.10984632896987,"CAMA1 R1","TBF","FLUVA"
"794",1,0.39,50,9.03720823515394,10.9072001204029,11.2949410920296,11.8749491828604,"CAMA1 R1","TBF","FLUVA"
"795",1,1.56,0.78,0.596496130634369,0.949351927477458,-0.679875014097763,-0.00813074233677469,"CAMA1 R1","TBF","FLUVA"
"796",1,1.56,1.56,0.609071016269855,0.842705596635434,-0.850620603170031,-0.178876331409043,"CAMA1 R1","TBF","FLUVA"
"797",1,1.56,6.25,1.2641226805301,2.28964751827156,0.0234341980333115,0.6951784697943,"CAMA1 R1","TBF","FLUVA"
"798",1,1.56,12.5,0.319086874479773,0.175072421220773,-2.01082954414515,-0.357752662818115,"CAMA1 R1","TBF","FLUVA"
"799",1,1.56,25,0.858656996755634,0.931496886059245,-3.82125791964858,2.3457191641597,"CAMA1 R1","TBF","FLUVA"
"800",1,1.56,50,17.0018727534928,14.7602372071853,14.4318294760403,15.9931701764371,"CAMA1 R1","TBF","FLUVA"
"801",1,6.25,0.78,1.57889559203803,2.41278638464056,0.970236529895857,1.53264493048212,"CAMA1 R1","TBF","FLUVA"
"802",1,6.25,1.56,1.750970646284,2.64651894850692,1.14504749013653,1.7074558907228,"CAMA1 R1","TBF","FLUVA"
"803",1,6.25,3.125,2.52082116737676,3.1504524289728,1.13533858981514,2.67907959996745,"CAMA1 R1","TBF","FLUVA"
"804",1,6.25,6.25,3.49089921975893,4.44152658544831,0.450778075541407,2.97585169525976,"CAMA1 R1","TBF","FLUVA"
"805",1,6.25,12.5,8.37481321595475,9.19374550165638,4.21622083266755,8.70395967151799,"CAMA1 R1","TBF","FLUVA"
"806",1,6.25,25,15.6545888882525,14.694410852089,9.82576394225708,17.2575006098057,"CAMA1 R1","TBF","FLUVA"
"807",1,6.25,50,35.5477212421109,37.1616351977277,42.5951427726455,45.1378160826083,"CAMA1 R1","TBF","FLUVA"
"808",1,25,0.78,1.19809368472004,2.03372894902781,1.2752408764362,1.50012196113505,"CAMA1 R1","TBF","FLUVA"
"809",1,25,1.56,0.089341539105078,-0.154306436539308,-0.948517152671855,-0.723636067973004,"CAMA1 R1","TBF","FLUVA"
"810",1,25,12.5,3.40619625802677,4.06147817636103,3.53965261722814,3.76453370192699,"CAMA1 R1","TBF","FLUVA"
"811",1,25,25,10.7900470216854,10.6747014804793,12.0037553898113,12.2286364745101,"CAMA1 R1","TBF","FLUVA"
"812",1,25,50,20.1791518112809,19.7212857684488,27.8912259158703,28.1161070005691,"CAMA1 R1","TBF","FLUVA"
"813",1,0.39,50,4.13298345624418,6.95926180753801,4.3915398677081,4.32546759009662,"CAMA1 R2","TBF","FLUVA"
"814",1,1.56,0.78,1.93573846339138,-1.7971448585839,-1.27939315000187,-1.62153195371791,"CAMA1 R2","TBF","FLUVA"
"815",1,1.56,1.56,2.32764324439688,-3.7573445927015,-2.45718106523431,-3.58312943225644,"CAMA1 R2","TBF","FLUVA"
"816",1,1.56,3.125,1.48992088844081,-0.380412818371299,-0.752706300584538,-0.203209886783057,"CAMA1 R2","TBF","FLUVA"
"817",1,1.56,6.25,2.71125374495583,-3.00534399123972,-0.939327625181224,-2.8324969933231,"CAMA1 R2","TBF","FLUVA"
"818",1,1.56,12.5,0.592468336160214,0.566080126934692,-1.59872297208954,-0.597188238709393,"CAMA1 R2","TBF","FLUVA"
"819",1,1.56,25,0.958457848997658,-1.1702553678713,-2.59818384381849,-1.59664911043835,"CAMA1 R2","TBF","FLUVA"
"820",1,1.56,50,14.5576455194699,12.9546507919591,13.1005350155537,13.0344627379422,"CAMA1 R2","TBF","FLUVA"
"821",1,6.25,0.78,0.798441572597167,-2.06812135749191,-3.78841318069073,-4.13055198440676,"CAMA1 R2","TBF","FLUVA"
"822",1,6.25,1.56,1.19029335314941,-3.40747456238013,-4.32754145174784,-5.45348981876997,"CAMA1 R2","TBF","FLUVA"
"823",1,6.25,3.125,0.354130643500014,-1.14951828923635,-3.78011889959753,-3.23062248579605,"CAMA1 R2","TBF","FLUVA"
"824",1,6.25,6.25,1.58308284602726,-2.73926432746808,-2.87604226044023,-4.76921162858211,"CAMA1 R2","TBF","FLUVA"
"825",1,6.25,25,4.19777133475124,5.56611427510187,-2.83964404170547,3.46286235640525,"CAMA1 R2","TBF","FLUVA"
"826",1,6.25,50,27.9651396326651,29.4530647407337,12.3311133519263,28.5157383983743,"CAMA1 R2","TBF","FLUVA"
"827",1,25,3.125,0.330074522798753,1.04515526433795,-0.317598670727108,1.447352050761,"CAMA1 R2","TBF","FLUVA"
"828",1,25,6.25,2.08330005456018,2.02469273146364,1.43786981963323,3.985402065276,"CAMA1 R2","TBF","FLUVA"
"829",1,25,12.5,4.08607541291425,4.77455545987323,0.700906841491083,4.03102061128852,"CAMA1 R2","TBF","FLUVA"
"830",1,25,25,18.0571693832691,18.9844393896596,15.3817843764307,18.7118981462282,"CAMA1 R2","TBF","FLUVA"
"831",1,25,50,10.1333491799018,9.04782270486234,5.01283228424941,25.247791647659,"CAMA1 R2","TBF","FLUVA"
"832",1,0.39,0.78,5.99571285247244,24.5095366115698,19.1756539814983,20.7075149027656,"CAMA1 R2","TBF","FLUVA"
"833",1,0.39,1.56,4.68508083219379,14.6602700038387,11.1623636463083,12.2300400664517,"CAMA1 R2","TBF","FLUVA"
"834",1,0.39,3.125,4.30814268844872,-2.28557775911558,-6.59391505983854,-5.06205413857131,"CAMA1 R2","TBF","FLUVA"
"835",1,0.39,6.25,3.89232572478836,-0.108415003419452,-5.37726305162979,-3.84540213036256,"CAMA1 R2","TBF","FLUVA"
"836",1,0.39,12.5,3.52206428070299,1.60502211880557,-5.10708413147081,-2.90237467018471,"CAMA1 R2","TBF","FLUVA"
"837",1,0.39,25,4.38531482643292,3.49873072241362,-3.16584100726608,-0.288283005961119,"CAMA1 R2","TBF","FLUVA"
"838",1,1.56,0.78,5.54122846407454,-0.208729393177635,-3.74297159751712,-3.8258575197889,"CAMA1 R2","TBF","FLUVA"
"839",1,1.56,1.56,0.910910526915001,-3.45058423688476,-5.23813430640014,-5.32102022867191,"CAMA1 R2","TBF","FLUVA"
"840",1,1.56,3.125,1.08097576617218,-1.20394672211352,-3.76251620809076,-3.84540213036253,"CAMA1 R2","TBF","FLUVA"
"841",1,1.56,6.25,1.1706684362578,-0.0653829106359582,-4.2106017265128,-3.62063910876572,"CAMA1 R2","TBF","FLUVA"
"842",1,1.56,12.5,1.09908488482881,0.276669261441521,-5.94719101802323,-4.01153132023842,"CAMA1 R2","TBF","FLUVA"
"843",1,1.56,25,5.17070431503798,5.63548948892734,-5.28580851827774,2.03263949965798,"CAMA1 R2","TBF","FLUVA"
"844",1,1.56,50,14.1689393149729,14.6727016883054,2.86359261818156,16.5445128505814,"CAMA1 R2","TBF","FLUVA"
"845",1,6.25,0.78,2.70204450964661,2.25379795110867,-1.26645183795401,-0.640085996286516,"CAMA1 R2","TBF","FLUVA"
"846",1,6.25,1.56,9.06806066000174,15.2216453955009,13.0988369336672,13.7252027753347,"CAMA1 R2","TBF","FLUVA"
"847",1,6.25,3.125,1.26759145287326,0.11486039885159,-3.97049935285932,-1.9984364311541,"CAMA1 R2","TBF","FLUVA"
"848",1,6.25,6.25,1.99291569353484,1.78408817730693,-4.3780551253626,-1.06029512361965,"CAMA1 R2","TBF","FLUVA"
"849",1,6.25,12.5,6.13362310903104,8.38044820225062,-2.40517861408322,4.9496726277729,"CAMA1 R2","TBF","FLUVA"
"850",1,6.25,25,15.0931907528497,15.4301007095603,-3.5542422738281,12.5476399882732,"CAMA1 R2","TBF","FLUVA"
"851",1,6.25,50,35.4517435023298,34.7808733629467,17.7161971061787,50.7036059806508,"CAMA1 R2","TBF","FLUVA"
"852",1,25,0.78,2.68767870196338,5.20626893622894,3.72505416609182,3.49359914003713,"CAMA1 R2","TBF","FLUVA"
"853",1,25,1.56,2.07910532654792,1.75047958354565,1.09630404393799,0.864849017883309,"CAMA1 R2","TBF","FLUVA"
"854",1,25,3.125,2.5582350576359,2.27679170891378,1.25754708117049,1.0260920551158,"CAMA1 R2","TBF","FLUVA"
"855",1,25,6.25,5.69013640424582,7.18029585246002,5.72837674988933,5.49692172383465,"CAMA1 R2","TBF","FLUVA"
"856",1,25,12.5,8.10949444304499,8.37752739743092,6.57856730984243,6.34711228378774,"CAMA1 R2","TBF","FLUVA"
"857",1,25,25,16.7668641670836,16.7406009412908,8.66226565894677,15.0346916837682,"CAMA1 R2","TBF","FLUVA"
"858",1,25,50,20.2916949086648,20.9893300712761,25.8046130111783,33.8366070556044,"CAMA1 R2","TBF","FLUVA"
"859",1,0.39,0.78,0.565913967493717,-0.321669106129303,-1.43859889929272,-0.762373441974901,"CAMA1 R2","TBF","FLUVA"
"860",1,0.39,1.56,0.412636399108489,0.119354465019324,-1.30548607609076,-0.423540801097175,"CAMA1 R2","TBF","FLUVA"
"861",1,0.39,12.5,0.468414635704489,0.714660455482305,-0.325291650694444,0.274293090234352,"CAMA1 R2","TBF","FLUVA"
"862",1,0.39,50,3.39832644489885,6.63028326840217,4.85587779924182,6.23613408091646,"CAMA1 R2","TBF","FLUVA"
"863",1,1.56,0.78,0.617765917506123,-0.717823195451922,-1.4708686746144,-0.951958371989818,"CAMA1 R2","TBF","FLUVA"
"864",1,1.56,1.56,0.488273742314178,0.129493358718769,-0.930349937976109,-0.411439635351527,"CAMA1 R2","TBF","FLUVA"
"865",1,1.56,3.125,0.438167766939864,0.997507164412252,-1.05942903926287,-0.54051873663829,"CAMA1 R2","TBF","FLUVA"
"866",1,1.56,6.25,0.478820727778334,0.828019740085796,-1.13606975565189,-0.617159453027313,"CAMA1 R2","TBF","FLUVA"
"867",1,1.56,12.5,0.516022789154642,-0.544431891091963,-1.22077791587133,-0.701867613246748,"CAMA1 R2","TBF","FLUVA"
"868",1,1.56,25,0.120952579221244,0.168986605640036,-3.1765718915072,0.0927756040498622,"CAMA1 R2","TBF","FLUVA"
"869",1,1.56,50,2.92158802432267,2.55347760401071,-3.41250392261901,2.48477269977008,"CAMA1 R2","TBF","FLUVA"
"870",1,6.25,0.78,0.902060719368937,0.72872861183876,0.179858844109515,0.50824896131661,"CAMA1 R2","TBF","FLUVA"
"871",1,6.25,1.56,0.430343722402613,0.0697083314138709,-0.768065805965096,-0.439675688758001,"CAMA1 R2","TBF","FLUVA"
"872",1,6.25,3.125,1.16381822881432,2.45271997842098,-0.453248445498135,1.00439675688757,"CAMA1 R2","TBF","FLUVA"
"873",1,6.25,6.25,0.925600826335336,1.77636499324827,-2.17142693029757,0.415473357266748,"CAMA1 R2","TBF","FLUVA"
"874",1,6.25,12.5,1.96299593088501,2.01183308293728,-2.98183093309399,1.86357952482756,"CAMA1 R2","TBF","FLUVA"
"875",1,6.25,25,4.9295846694574,4.80015576339778,-6.29239431899927,5.32854664999395,"CAMA1 R2","TBF","FLUVA"
"876",1,6.25,50,20.8910812791987,20.966734605916,5.55285783702688,26.1304505667379,"CAMA1 R2","TBF","FLUVA"
"877",1,25,50,8.84614630593568,8.82236324196767,12.7299714306706,15.5661328707999,"CAMA1 R2","TBF","FLUVA"
"878",1,0.39,0.78,1.66284151799902,3.01487404222065,-4.37926997371414,-3.75297692370866,"CAMA1 R3","TBF","FLUVA"
"879",1,0.39,1.56,1.41442255886914,5.38386658736499,-2.53973642686351,-1.41660507514167,"CAMA1 R3","TBF","FLUVA"
"880",1,0.39,3.125,1.64026330657953,3.61733040348462,-3.8249462486587,-3.15348608031536,"CAMA1 R3","TBF","FLUVA"
"881",1,0.39,6.25,1.82119884245894,4.23005201891626,-2.82716354355892,-2.5170403219184,"CAMA1 R3","TBF","FLUVA"
"882",1,0.39,12.5,2.00722855664005,3.59149099602414,-3.09816625358601,-3.13295557197996,"CAMA1 R3","TBF","FLUVA"
"883",1,0.39,25,2.59504480161819,3.90085879738504,-3.46549197748865,-2.82089184528209,"CAMA1 R3","TBF","FLUVA"
"884",1,0.39,50,2.52035018327054,4.11248893633717,1.52062716540478,1.23593660179026,"CAMA1 R3","TBF","FLUVA"
"885",1,1.56,0.78,2.38738001837082,2.52677802446759,-3.37327506528018,-2.7469820152747,"CAMA1 R3","TBF","FLUVA"
"886",1,1.56,1.56,2.13917785012274,6.49816098102252,0.075850335064719,1.19898168678655,"CAMA1 R3","TBF","FLUVA"
"887",1,1.56,3.125,2.36521426893229,6.58181121119048,0.634280161787236,1.30574033013058,"CAMA1 R3","TBF","FLUVA"
"888",1,1.56,6.25,2.55273425873275,5.22062923551537,-0.347078136644224,-0.0369549150037045,"CAMA1 R3","TBF","FLUVA"
"889",1,1.56,12.5,2.84636687148656,4.60759806918199,-0.597550338335945,-0.632339656729897,"CAMA1 R3","TBF","FLUVA"
"890",1,1.56,25,4.79304122649161,6.62159322288276,-0.701744804944064,1.38375626180505,"CAMA1 R3","TBF","FLUVA"
"891",1,1.56,50,10.5608675018428,11.0449980522909,9.0881725378282,8.80348197421367,"CAMA1 R3","TBF","FLUVA"
"892",1,6.25,0.78,1.97661363622673,1.90357720056853,-1.44939605895369,-1.23593660179024,"CAMA1 R3","TBF","FLUVA"
"893",1,6.25,1.56,2.14118430635697,2.83712000072513,-1.74281195284895,-0.808902028414224,"CAMA1 R3","TBF","FLUVA"
"894",1,6.25,3.125,1.95507867876203,1.80180374298837,-3.03811665351103,-1.38375626180503,"CAMA1 R3","TBF","FLUVA"
"895",1,6.25,6.25,2.13753608547143,1.93848462856208,-5.41486801754563,-0.878705756754528,"CAMA1 R3","TBF","FLUVA"
"896",1,6.25,12.5,2.76858873075269,2.78173466781742,-12.8653980396814,0.316169828364977,"CAMA1 R3","TBF","FLUVA"
"897",1,6.25,25,4.18592808687616,6.37377445914935,-22.9200569424723,3.95006980372835,"CAMA1 R3","TBF","FLUVA"
"898",1,6.25,50,26.2465907429042,26.3680273330614,17.5374722905497,25.5153157592182,"CAMA1 R3","TBF","FLUVA"
"899",1,25,0.78,0.278709021173849,-0.861703724057179,-2.94164890600704,-3.14527387698119,"CAMA1 R3","TBF","FLUVA"
"900",1,25,1.56,1.93561542404289,2.80801800094468,0.359656834323079,0.156031863348929,"CAMA1 R3","TBF","FLUVA"
"901",1,25,3.125,1.26068113049873,1.06059540504125,-1.0528421391515,-1.25646711012566,"CAMA1 R3","TBF","FLUVA"
"902",1,25,6.25,3.05922056452384,4.02005241742089,2.17455377117124,1.97092880019709,"CAMA1 R3","TBF","FLUVA"
"903",1,25,12.5,4.18634816545292,3.91211222030819,2.32237343118601,2.11874846021186,"CAMA1 R3","TBF","FLUVA"
"904",1,25,25,15.5431892078306,15.5676299627711,13.2878883084167,13.8047138047138,"CAMA1 R3","TBF","FLUVA"
"905",1,25,50,15.3048053360029,15.2009033572036,15.4050672381497,26.5254167693192,"CAMA1 R3","TBF","FLUVA"
"906",1,0.39,0.78,0.844525054904431,8.11037965441065,5.8662326333306,6.8378096232324,"CAMA1 R3","TBF","FLUVA"
"907",1,0.39,1.56,1.65595135578331,-4.39935062902706,-5.000237899079,-5.65151371358071,"CAMA1 R3","TBF","FLUVA"
"908",1,0.39,3.125,0.0549140110729143,8.72826205345771,4.87448925286177,5.90300844642688,"CAMA1 R3","TBF","FLUVA"
"909",1,1.56,1.56,0.1625366975502,-7.44651869109234,-6.91783316114479,-7.0418525196925,"CAMA1 R3","TBF","FLUVA"
"910",1,1.56,12.5,0.404792385287851,1.19520309264384,-7.53946777592468,-2.84236499952547,"CAMA1 R3","TBF","FLUVA"
"911",1,1.56,25,2.3709219323833,2.56757261740916,-14.2228350692352,2.79491316313943,"CAMA1 R3","TBF","FLUVA"
"912",1,1.56,50,8.29966423636889,8.86963155335554,11.5956779921797,11.7680554237449,"CAMA1 R3","TBF","FLUVA"
"913",1,6.25,1.56,2.81153326861901,2.60209374957135,1.98090047059217,2.92303312138181,"CAMA1 R3","TBF","FLUVA"
"914",1,6.25,3.125,0.416135845924703,0.189073749250525,-3.94478286613526,-1.93128974091297,"CAMA1 R3","TBF","FLUVA"
"915",1,6.25,6.25,2.27368651734158,3.8722587647847,-2.21121429620502,1.40931954066623,"CAMA1 R3","TBF","FLUVA"
"916",1,6.25,12.5,2.9581541771623,4.18917979422,-5.31193682612264,0.986998196830228,"CAMA1 R3","TBF","FLUVA"
"917",1,6.25,25,10.8338961267136,11.0088400019638,4.35452775966566,11.1891430198349,"CAMA1 R3","TBF","FLUVA"
"918",1,6.25,50,26.9152993797557,26.4425371771425,24.1881357194088,43.0862674385499,"CAMA1 R3","TBF","FLUVA"
"919",1,25,0.78,2.72014700549692,3.18586324545576,2.39050057286153,2.53392806301603,"CAMA1 R3","TBF","FLUVA"
"920",1,25,1.56,3.1348751630672,2.33780746612607,2.42371685833179,2.56714434848628,"CAMA1 R3","TBF","FLUVA"
"921",1,25,3.125,4.8868224835627,6.08003617525895,4.42143917018525,4.56486666033975,"CAMA1 R3","TBF","FLUVA"
"922",1,25,6.25,7.1124528911015,7.97141269363326,4.69436017021291,6.2114453829363,"CAMA1 R3","TBF","FLUVA"
"923",1,25,12.5,12.0600951535592,13.2163731055078,8.46135016696071,10.9281579197115,"CAMA1 R3","TBF","FLUVA"
"924",1,25,25,19.6385321374183,18.8993454456671,15.4836984055976,19.0281863908133,"CAMA1 R3","TBF","FLUVA"
"925",1,25,50,19.9279685188289,20.5909658098283,32.7850931825982,37.2449463794249,"CAMA1 R3","TBF","FLUVA"
"926",1,0.39,0.78,0.294663391091953,-1.07429298736025,-1.86089463406105,-0.945712101090592,"CAMA1 R3","TBF","FLUVA"
"927",1,0.39,1.56,0.0931381171258189,1.16220584750908,-0.412144181326535,0.527184192522839,"CAMA1 R3","TBF","FLUVA"
"928",1,0.39,3.125,0.0237461478359299,0.848232179865689,-0.786404714949622,0.152923658899752,"CAMA1 R3","TBF","FLUVA"
"929",1,0.39,12.5,0.47366590282721,-0.0398232925566551,-0.653602590115635,0.0885347498893196,"CAMA1 R3","TBF","FLUVA"
"930",1,0.39,25,0.664762591690479,1.35623803776258,0.453081783501009,1.39241015735038,"CAMA1 R3","TBF","FLUVA"
"931",1,0.39,50,4.18021748653984,5.59386355869624,2.31744273311071,5.70646706104871,"CAMA1 R3","TBF","FLUVA"
"932",1,1.56,1.56,0.418234757069173,0.52788900089545,-0.0137378068245473,-0.100607670328785,"CAMA1 R3","TBF","FLUVA"
"933",1,1.56,3.125,0.318324680074032,0.527191804194159,-0.0741024090218152,-0.160972272526053,"CAMA1 R3","TBF","FLUVA"
"934",1,1.56,12.5,0.387491935284893,-0.09281850132859,-1.03654280268371,0.229385488349635,"CAMA1 R3","TBF","FLUVA"
"935",1,1.56,25,0.511043825596784,0.431019147027999,-3.50470500978294,0.466819590325571,"CAMA1 R3","TBF","FLUVA"
"936",1,1.56,50,10.1028000819087,9.22792387093337,0.0848214320312977,10.2378365326572,"CAMA1 R3","TBF","FLUVA"
"937",1,6.25,0.78,0.391811729456732,0.126576587460075,0.167593914668201,0.265604249667973,"CAMA1 R3","TBF","FLUVA"
"938",1,6.25,1.56,0.660627543344839,1.42719112254468,0.751118402575171,0.849128737574944,"CAMA1 R3","TBF","FLUVA"
"939",1,6.25,3.125,0.959663490677718,2.03742480310481,-0.0463254117475085,1.40448307778985,"CAMA1 R3","TBF","FLUVA"
"940",1,6.25,6.25,0.421650944228025,0.907696985344622,-1.28581191019815,0.164996579339203,"CAMA1 R3","TBF","FLUVA"
"941",1,6.25,12.5,1.47991228366636,0.88277345838914,-2.97728290235918,1.17912189625335,"CAMA1 R3","TBF","FLUVA"
"942",1,6.25,25,8.49619638558314,8.53884590780544,-2.34862205928789,8.57177351201256,"CAMA1 R3","TBF","FLUVA"
"943",1,6.25,50,26.7401494090191,27.0699089464833,7.27610247161611,35.0154935812306,"CAMA1 R3","TBF","FLUVA"
"944",1,25,0.78,2.34350108337328,4.17682543396757,4.53215629036551,4.26978952875366,"CAMA1 R3","TBF","FLUVA"
"945",1,25,1.56,1.87248039544517,3.58585883688179,2.10889252352965,3.19932391645538,"CAMA1 R3","TBF","FLUVA"
"946",1,25,3.125,2.94504552924509,5.41739602875236,3.90373336219519,4.99416475512092,"CAMA1 R3","TBF","FLUVA"
"947",1,25,6.25,3.18909435132961,5.01189622439742,2.07204269689259,4.51527224435591,"CAMA1 R3","TBF","FLUVA"
"948",1,25,12.5,3.91335668553985,3.13396573398219,-1.81669981524909,3.33212604128938,"CAMA1 R3","TBF","FLUVA"
"949",1,25,25,10.2239403020131,9.33851983546722,-1.19948082729859,9.36053764739023,"CAMA1 R3","TBF","FLUVA"
"950",1,25,50,21.1071676013213,21.2914294827376,7.54431366194302,28.9267173729325,"CAMA1 R3","TBF","FLUVA"
"951",1,0.39,0.78,0.0411434078258739,0.00435316469762936,-0.974148211577657,-2.02574469840745,"EFM-19 R1","TBF","FLUVA"
"952",1,0.39,6.25,0.467703044355887,-2.71721803314426,-2.68464318058483,-2.6858651703936,"EFM-19 R1","TBF","FLUVA"
"953",1,1.56,25,2.13278808076247,2.56984534796012,-7.60487060662241,10.4711609868801,"EFM-19 R1","TBF","FLUVA"
"954",1,1.56,50,3.95905103381801,4.16340865861787,4.76413239308761,7.8141760871359,"EFM-19 R1","TBF","FLUVA"
"955",1,6.25,25,15.3936753048835,15.2598903326592,3.39353833317804,21.379651786451,"EFM-19 R1","TBF","FLUVA"
"956",1,6.25,50,11.2032330323809,11.1914109292765,12.0892474045253,21.4415380806997,"EFM-19 R1","TBF","FLUVA"
"957",1,25,12.5,0.945436887418161,1.21715533490836,-5.03304937788432,0.90353989603102,"EFM-19 R1","TBF","FLUVA"
"958",1,25,25,8.14935707692977,8.14110090067921,-0.542326643037114,11.6965096130044,"EFM-19 R1","TBF","FLUVA"
"959",1,25,50,3.38564222718587,3.34265429858146,4.28617811130141,23.0918392606651,"EFM-19 R1","TBF","FLUVA"
"960",1,0.39,0.78,0.535388348685608,8.43207416874499,8.3262795640731,7.56405386011564,"EFM-19 R1","TBF","FLUVA"
"961",1,0.39,1.56,0.610289914018593,-4.95496766517757,-3.68672115349895,-4.44894685745642,"EFM-19 R1","TBF","FLUVA"
"962",1,0.39,25,0.696002889145573,-3.81466864044911,-8.30983299884278,-5.30159132159892,"EFM-19 R1","TBF","FLUVA"
"963",1,0.39,50,15.3860525448874,15.1886705417059,4.67874620809454,20.1046811025284,"EFM-19 R1","TBF","FLUVA"
"964",1,1.56,0.78,0.153345831365609,-7.23928054745469,-7.7790889495431,-8.04102823857161,"EFM-19 R1","TBF","FLUVA"
"965",1,1.56,25,4.03980878076343,6.36685482125639,-2.28553804228216,4.99345743109198,"EFM-19 R1","TBF","FLUVA"
"966",1,1.56,50,24.693455767761,23.3035993660168,-1.61185839450575,32.6664134059347,"EFM-19 R1","TBF","FLUVA"
"967",1,6.25,25,6.83926621985584,7.78499804087556,-8.63322277894523,6.70718838377442,"EFM-19 R1","TBF","FLUVA"
"968",1,6.25,50,29.2991930146693,31.2348998170433,-19.8070138240109,52.1759317884429,"EFM-19 R1","TBF","FLUVA"
"969",1,25,3.125,2.15805871783037,4.27885829258149,0.534429839166052,4.31809547929593,"EFM-19 R1","TBF","FLUVA"
"970",1,25,25,6.95463855292608,7.0954017761936,-19.7161655923583,6.69030433497953,"EFM-19 R1","TBF","FLUVA"
"971",1,25,50,8.89340894378574,8.09262593017343,-61.8446531273957,17.3483601367608,"EFM-19 R1","TBF","FLUVA"
"972",1,0.39,0.78,1.26923163718141,-0.71709876343346,-1.37596450685658,-1.09448082319925,"EFM-19 R1","TBF","FLUVA"
"973",1,0.39,1.56,1.41109132969505,-1.62019858045557,-0.824046826781743,-0.542563143124411,"EFM-19 R1","TBF","FLUVA"
"974",1,0.39,3.125,2.66026316492186,-1.68345830843017,0.995410610075137,1.27689429373247,"EFM-19 R1","TBF","FLUVA"
"975",1,0.39,6.25,1.79743744588301,-2.21774850559302,-1.2496782580259,-0.968194574368567,"EFM-19 R1","TBF","FLUVA"
"976",1,0.39,12.5,2.06346755010619,2.21228104564298,3.348076653106,3.62956033676333,"EFM-19 R1","TBF","FLUVA"
"977",1,0.39,25,3.82380614196046,1.1138580158056,1.24855014032457,6.30495790458373,"EFM-19 R1","TBF","FLUVA"
"978",1,0.39,50,16.3428412518123,14.9225844249148,15.22819757237,20.7951356407858,"EFM-19 R1","TBF","FLUVA"
"979",1,1.56,1.56,0.373551892354438,4.88877595577729,4.22329289055843,5.92609915809167,"EFM-19 R1","TBF","FLUVA"
"980",1,1.56,3.125,1.46080402905751,5.7238215164851,6.87062684752757,8.57343311506081,"EFM-19 R1","TBF","FLUVA"
"981",1,1.56,6.25,2.03417260608765,7.99269926082532,2.71777947412873,9.1955098222638,"EFM-19 R1","TBF","FLUVA"
"982",1,1.56,12.5,3.98307350989075,4.27652413759308,-0.836944567031242,5.64078578110383,"EFM-19 R1","TBF","FLUVA"
"983",1,1.56,25,9.827742889927,9.73180743830076,3.47606399970089,14.7287184284378,"EFM-19 R1","TBF","FLUVA"
"984",1,1.56,50,19.0639502126782,20.0264578507667,12.6848975870316,27.8016838166511,"EFM-19 R1","TBF","FLUVA"
"985",1,6.25,0.78,2.83385060430447,4.66394985478155,4.15540199378255,4.38727782974743,"EFM-19 R1","TBF","FLUVA"
"986",1,6.25,1.56,4.28849715956542,6.78712259168803,7.34529909387609,7.57717492984097,"EFM-19 R1","TBF","FLUVA"
"987",1,6.25,3.125,5.68115419602396,5.83246803137315,7.77093052512024,8.00280636108512,"EFM-19 R1","TBF","FLUVA"
"988",1,6.25,6.25,8.68692471221213,9.31777160753649,5.22706350719381,10.2338634237605,"EFM-19 R1","TBF","FLUVA"
"989",1,6.25,12.5,12.3961855021061,12.6746940086335,8.70695125275041,13.7137511693171,"EFM-19 R1","TBF","FLUVA"
"990",1,6.25,25,18.4093529958747,15.0436145440735,4.29274387732786,18.8493919550982,"EFM-19 R1","TBF","FLUVA"
"991",1,6.25,50,17.3420675373668,19.300466151715,4.53000949661683,38.7464920486436,"EFM-19 R1","TBF","FLUVA"
"992",1,25,0.78,2.2784451226525,4.10145253469447,1.39099531716251,3.97567820392889,"EFM-19 R1","TBF","FLUVA"
"993",1,25,1.56,2.02861016833839,1.95609230626525,-0.26943499153721,2.31524789522918,"EFM-19 R1","TBF","FLUVA"
"994",1,25,3.125,4.02078331673809,4.16772010945421,2.56966697291556,5.15434985968194,"EFM-19 R1","TBF","FLUVA"
"995",1,25,6.25,4.28192486007315,3.47971185575986,1.31148175308394,3.89616463985033,"EFM-19 R1","TBF","FLUVA"
"996",1,25,12.5,7.48298552582813,6.95514985198129,0.0678953712660189,7.42750233863423,"EFM-19 R1","TBF","FLUVA"
"997",1,25,25,9.5602382429383,8.64876295218335,-6.53059638207982,10.378858746492,"EFM-19 R1","TBF","FLUVA"
"998",1,25,50,5.18806366074139,5.54840425950833,-27.0837891351014,18.4752104770814,"EFM-19 R1","TBF","FLUVA"
"999",1,0.39,1.56,0.395923642277329,-0.492231777175063,1.25470651930722,0.74349442379183,"EFM-19 R2","TBF","FLUVA"
"1000",1,0.39,3.125,0.246219384373517,0.222816226901195,1.76635859589514,1.25514650037975,"EFM-19 R2","TBF","FLUVA"
"1001",1,0.39,6.25,0.886611346165877,-1.77122918928617,0.363312667126702,-0.147899428388683,"EFM-19 R2","TBF","FLUVA"
"1002",1,0.39,12.5,0.332707821566948,1.12937424879899,3.03749422366824,2.52628212815286,"EFM-19 R2","TBF","FLUVA"
"1003",1,0.39,25,2.76978148809456,3.6136846778703,3.85533544818886,7.31102850061957,"EFM-19 R2","TBF","FLUVA"
"1004",1,0.39,50,12.2192867469045,12.362046380712,12.4782533598819,13.9145381140824,"EFM-19 R2","TBF","FLUVA"
"1005",1,1.56,6.25,0.373932456892167,4.74682180741154,2.56741211720284,6.35967542071391,"EFM-19 R2","TBF","FLUVA"
"1006",1,1.56,12.5,1.31525998653902,0.382902914981325,-4.4829944874549,1.770795858816,"EFM-19 R2","TBF","FLUVA"
"1007",1,1.56,25,10.4560294268763,10.4429887065211,1.41219326028101,14.713994483751,"EFM-19 R2","TBF","FLUVA"
"1008",1,1.56,50,13.4587776174262,11.8653432466498,7.29937323606828,13.6587120757885,"EFM-19 R2","TBF","FLUVA"
"1009",1,6.25,0.78,0.329183135915137,1.1570239923625,0.61353546643193,2.08658112483512,"EFM-19 R2","TBF","FLUVA"
"1010",1,6.25,3.125,0.717231762217484,2.06809906897719,1.43697552719062,2.91002118559381,"EFM-19 R2","TBF","FLUVA"
"1011",1,6.25,12.5,11.642168442883,12.6113943521723,4.89302277161768,13.7506495583004,"EFM-19 R2","TBF","FLUVA"
"1012",1,6.25,25,36.9086685303703,36.9362475440193,21.5736755220029,42.7389375224847,"EFM-19 R2","TBF","FLUVA"
"1013",1,6.25,50,16.4991241519175,17.9891157643933,12.6821103313967,26.4260302993964,"EFM-19 R2","TBF","FLUVA"
"1014",1,25,1.56,0.62957817732903,1.6944178482276,0.800595929232543,2.25846424431387,"EFM-19 R2","TBF","FLUVA"
"1015",1,25,12.5,4.97018356082954,5.41426705325049,-0.329037682209488,6.05188471839149,"EFM-19 R2","TBF","FLUVA"
"1016",1,25,25,18.1428045080566,17.7860510662798,9.72972059986088,21.0336970859815,"EFM-19 R2","TBF","FLUVA"
"1017",1,25,50,7.52486239814417,7.1717122751061,10.3452976017551,29.0122716552744,"EFM-19 R2","TBF","FLUVA"
"1018",1,0.39,0.78,0.711185897943585,15.4186298486289,11.3550435592055,13.0975824359995,"EFM-19 R2","TBF","FLUVA"
"1019",1,0.39,1.56,1.20875191153535,1.56207386814161,-2.10705892539674,-0.364520048602699,"EFM-19 R2","TBF","FLUVA"
"1020",1,0.39,3.125,0.885342543396222,1.10148839880151,-2.53442725824123,-0.791888381447194,"EFM-19 R2","TBF","FLUVA"
"1021",1,0.39,6.25,0.499448633723097,3.04099166438168,-2.48414863084776,-0.741609754053727,"EFM-19 R2","TBF","FLUVA"
"1022",1,0.39,12.5,1.73018884463337,1.11413319165537,-2.05259041238713,-0.31005153559309,"EFM-19 R2","TBF","FLUVA"
"1023",1,0.39,25,5.84086473486332,5.77751432815975,1.69316732842655,3.43570620522058,"EFM-19 R2","TBF","FLUVA"
"1024",1,0.39,50,21.357837780266,22.1302704587755,17.4776851431602,22.7217496962333,"EFM-19 R2","TBF","FLUVA"
"1025",1,1.56,0.78,1.35234178955725,-1.72243043019879,-4.71772906259322,-3.91335316545859,"EFM-19 R2","TBF","FLUVA"
"1026",1,1.56,1.56,2.28832882935299,7.82687942461214,5.20392007638529,6.00829597351992,"EFM-19 R2","TBF","FLUVA"
"1027",1,1.56,3.125,1.58886381087312,7.50223254439575,4.91062808325671,5.71500398039134,"EFM-19 R2","TBF","FLUVA"
"1028",1,1.56,6.25,2.20770379410285,3.47417039795199,-0.90074326630547,-0.0963673691708351,"EFM-19 R2","TBF","FLUVA"
"1029",1,1.56,12.5,5.12361012228217,3.56079027481819,1.41207359379427,2.21644949092891,"EFM-19 R2","TBF","FLUVA"
"1030",1,1.56,25,16.8377404284376,17.6544379207179,10.0219171365743,15.4439183810282,"EFM-19 R2","TBF","FLUVA"
"1031",1,1.56,50,32.0925554453244,30.6288350512219,25.0065381969806,34.868228097373,"EFM-19 R2","TBF","FLUVA"
"1032",1,6.25,0.78,0.276964010835993,-2.7428832426377,-4.11130984331166,-4.57954497842208,"EFM-19 R2","TBF","FLUVA"
"1033",1,6.25,1.56,1.90267044199643,-1.43772132128932,-2.4940139954883,-2.96224913059872,"EFM-19 R2","TBF","FLUVA"
"1034",1,6.25,3.125,0.701187619927573,-4.26284987508875,-9.91048293437753,-5.76109272216868,"EFM-19 R2","TBF","FLUVA"
"1035",1,6.25,6.25,2.49581160614013,3.20269435468729,-3.93989593140271,0.20949428080614,"EFM-19 R2","TBF","FLUVA"
"1036",1,6.25,12.5,7.53552160673631,7.96067119548472,-1.93331211963202,6.8337034398961,"EFM-19 R2","TBF","FLUVA"
"1037",1,6.25,25,26.0660291144727,26.0790084695991,6.22365237825468,24.2259186324213,"EFM-19 R2","TBF","FLUVA"
"1038",1,6.25,50,36.7927540823224,37.9933338177265,42.302386020335,52.1640759207274,"EFM-19 R2","TBF","FLUVA"
"1039",1,25,6.25,0.25572829758616,0.576716943439067,-1.89093736137544,-0.377089705451041,"EFM-19 R2","TBF","FLUVA"
"1040",1,25,12.5,1.02860328669794,0.907992118422612,-0.964972640212324,0.548875015712071,"EFM-19 R2","TBF","FLUVA"
"1041",1,25,25,7.60004636946898,7.75101610958266,5.64666686202926,7.16051451795366,"EFM-19 R2","TBF","FLUVA"
"1042",1,25,50,8.69828740819362,8.258031417099,15.3253026352727,16.8391502911971,"EFM-19 R2","TBF","FLUVA"
"1043",1,0.39,0.78,0.815146838506261,0.215808202573271,-1.13495435308294,-0.156107714322872,"EFM-19 R2","TBF","FLUVA"
"1044",1,0.39,1.56,0.988748157037909,-2.50521483039982,-2.32744383749384,-1.34859719873377,"EFM-19 R2","TBF","FLUVA"
"1045",1,0.39,12.5,0.812267482209639,-2.6961756120287,-2.94753836938752,-1.96869173062746,"EFM-19 R2","TBF","FLUVA"
"1046",1,0.39,25,0.0706180030982626,-3.1876989702488,-4.57697508610934,0.0737175317635916,"EFM-19 R2","TBF","FLUVA"
"1047",1,0.39,50,6.99541424798342,6.21820431146275,6.07151887034301,10.1253198039981,"EFM-19 R2","TBF","FLUVA"
"1048",1,1.56,25,6.34536086257979,10.7499210229743,3.68678969542811,13.819869042973,"EFM-19 R2","TBF","FLUVA"
"1049",1,1.56,50,24.0752897645741,24.8078370496729,17.4054020335638,32.4747409045575,"EFM-19 R2","TBF","FLUVA"
"1050",1,0.39,0.78,1.41187094145719,1.05295262858548,-10.8588383566722,-2.55843603909902,"EFM-19 R3","TBF","FLUVA"
"1051",1,0.39,1.56,1.26560038972695,0.141442352168974,-11.628069125903,-3.3276668083298,"EFM-19 R3","TBF","FLUVA"
"1052",1,0.39,3.125,1.11106819074304,1.23271699337987,-9.77936534349756,-1.47896302592436,"EFM-19 R3","TBF","FLUVA"
"1053",1,0.39,6.25,1.45770048594276,1.88156324566171,-10.3106020625796,-2.01019974500639,"EFM-19 R3","TBF","FLUVA"
"1054",1,0.39,12.5,1.39715919196988,2.75856575748802,-6.88093780418603,1.41946451338717,"EFM-19 R3","TBF","FLUVA"
"1055",1,0.39,25,1.7171422979323,2.72586668121227,-2.19330499500626,4.20739481512963,"EFM-19 R3","TBF","FLUVA"
"1056",1,0.39,50,5.55612761415337,6.19260417342095,3.96285601180631,6.65958351041223,"EFM-19 R3","TBF","FLUVA"
"1057",1,1.56,0.78,1.80828466549012,2.09857315190581,-4.4117495338928,-1.32171695707608,"EFM-19 R3","TBF","FLUVA"
"1058",1,1.56,1.56,1.37399929267446,1.38158699666167,-4.99398497800669,-1.90395240118997,"EFM-19 R3","TBF","FLUVA"
"1059",1,1.56,3.125,1.04525846836765,-0.665979121877694,-6.3242017225881,-3.23416914577138,"EFM-19 R3","TBF","FLUVA"
"1060",1,1.56,6.25,0.927665440394882,3.00159538085495,-3.77426547099438,-0.684232894177654,"EFM-19 R3","TBF","FLUVA"
"1061",1,1.56,12.5,0.322835282707545,-2.81590590919462,-7.17418047311933,-4.08414789630261,"EFM-19 R3","TBF","FLUVA"
"1062",1,1.56,25,10.0211604670081,9.86186237821742,-2.51073407711166,13.0641733956651,"EFM-19 R3","TBF","FLUVA"
"1063",1,1.56,50,8.51689975572944,7.49236328590297,6.84853386985986,9.54526136846579,"EFM-19 R3","TBF","FLUVA"
"1064",1,6.25,0.78,0.276322805570413,-0.600594696139808,-9.48349677587663,-3.22141946451339,"EFM-19 R3","TBF","FLUVA"
"1065",1,6.25,3.125,2.21599041370332,2.71587753442586,-5.51409601089576,0.747981300467487,"EFM-19 R3","TBF","FLUVA"
"1066",1,6.25,12.5,1.82306007109577,1.34154136584325,-5.89233655488215,0.369740756481093,"EFM-19 R3","TBF","FLUVA"
"1067",1,6.25,25,29.25675554527,29.518154162593,13.2249984939092,31.9719507012325,"EFM-19 R3","TBF","FLUVA"
"1068",1,6.25,50,11.171576665783,12.04335505722,5.54937933089089,20.7309817254569,"EFM-19 R3","TBF","FLUVA"
"1069",1,25,12.5,1.34143527175763,1.08346101377214,0.468130397779127,0.535486612834681,"EFM-19 R3","TBF","FLUVA"
"1070",1,25,25,12.8960253715519,12.8280093465152,1.65941359786666,14.2116447088823,"EFM-19 R3","TBF","FLUVA"
"1071",1,25,50,5.18392340068519,4.83978767509139,7.83157227606726,23.0131746706332,"EFM-19 R3","TBF","FLUVA"
"1072",1,0.39,0.78,0.27940749958668,10.1121498041034,9.17634309664347,9.83155578127645,"EFM-19 R3","TBF","FLUVA"
"1073",1,0.39,12.5,0.560361811307463,-0.0235099662395761,-4.75600729609013,0.334349077365843,"EFM-19 R3","TBF","FLUVA"
"1074",1,0.39,25,2.98767557225052,3.7904892947509,0.530093939731778,5.62045031318775,"EFM-19 R3","TBF","FLUVA"
"1075",1,0.39,50,18.3068467943177,18.494650549461,15.3412427582697,20.7042491958693,"EFM-19 R3","TBF","FLUVA"
"1076",1,1.56,0.78,1.55953779322481,-5.05194339071246,-6.17777702181847,-5.3072625698324,"EFM-19 R3","TBF","FLUVA"
"1077",1,1.56,3.125,1.00986217429266,0.57520998190763,-0.768940048735709,0.101574403250353,"EFM-19 R3","TBF","FLUVA"
"1078",1,1.56,6.25,0.509874758660319,-2.17044355101845,-2.15289129302213,-1.28237684103607,"EFM-19 R3","TBF","FLUVA"
"1079",1,1.56,12.5,2.76098005615624,3.62308046603167,3.07819047437247,3.94870492635853,"EFM-19 R3","TBF","FLUVA"
"1080",1,1.56,25,8.03929092716555,6.22382023789595,-1.85185651051914,7.88894531911291,"EFM-19 R3","TBF","FLUVA"
"1081",1,1.56,50,28.603453402732,27.9654949671491,16.3916606845212,35.0600981885898,"EFM-19 R3","TBF","FLUVA"
"1082",1,6.25,0.78,0.648341964711534,4.16880913082868,3.21047842434545,3.96563399356695,"EFM-19 R3","TBF","FLUVA"
"1083",1,6.25,1.56,0.91010137860458,3.3407000712385,2.82110987855233,3.57626544777384,"EFM-19 R3","TBF","FLUVA"
"1084",1,6.25,3.125,0.80912651803067,2.75120627843418,1.61914610675616,2.37430167597766,"EFM-19 R3","TBF","FLUVA"
"1085",1,6.25,6.25,1.78168512912529,2.34476823470755,-2.13883489373097,3.05146436431353,"EFM-19 R3","TBF","FLUVA"
"1086",1,6.25,12.5,6.35697013651449,7.13464818907845,-2.23167284360018,7.39377010326731,"EFM-19 R3","TBF","FLUVA"
"1087",1,6.25,25,16.9768036704204,17.1318602809434,-0.0388148005588391,18.4569155239546,"EFM-19 R3","TBF","FLUVA"
"1088",1,6.25,50,27.0225714452107,27.621550029062,-4.92013149241157,44.794311833418,"EFM-19 R3","TBF","FLUVA"
"1089",1,25,12.5,0.292501028761947,0.208586914682243,-9.81713610221732,0.287794142542751,"EFM-19 R3","TBF","FLUVA"
"1090",1,25,25,3.66717408472783,3.5140420980935,-23.9264259413082,3.91907905874386,"EFM-19 R3","TBF","FLUVA"
"1091",1,25,50,4.28041103542881,4.17803403232584,-63.1904062136379,13.4416793634671,"EFM-19 R3","TBF","FLUVA"
"1092",1,0.39,0.78,1.90239513687617,1.60961635388831,-2.41447220449737,-0.488290509149522,"EFM-19 R3","TBF","FLUVA"
"1093",1,0.39,1.56,1.21273981174265,4.30169365911259,-1.61803719928263,0.308144496065225,"EFM-19 R3","TBF","FLUVA"
"1094",1,0.39,3.125,1.69781459981795,4.54010554857504,-0.598790019989935,1.32739167535792,"EFM-19 R3","TBF","FLUVA"
"1095",1,0.39,6.25,1.10824216895032,4.61116502545426,-1.13922805924281,0.786953636105039,"EFM-19 R3","TBF","FLUVA"
"1096",1,0.39,12.5,1.39853558508787,2.21837742481612,-2.60161036835077,0.369773395278287,"EFM-19 R3","TBF","FLUVA"
"1097",1,0.39,25,7.19220647682041,9.52809364187404,0.913963857259755,7.02095382573243,"EFM-19 R3","TBF","FLUVA"
"1098",1,0.39,50,16.6858007518188,17.8291550059476,13.1846458051439,18.3085237508296,"EFM-19 R3","TBF","FLUVA"
"1099",1,1.56,0.78,3.60204078227369,4.99878464615836,4.081216644152,3.13833317531052,"EFM-19 R3","TBF","FLUVA"
"1100",1,1.56,1.56,2.94053367432051,3.34716399322833,0.748515402092643,-0.194368066748837,"EFM-19 R3","TBF","FLUVA"
"1101",1,1.56,3.125,3.67456057620307,4.07217364337785,1.12077801571151,1.22309661515123,"EFM-19 R3","TBF","FLUVA"
"1102",1,1.56,6.25,3.09668076895295,2.80825688898956,-0.685422799686238,-0.58310420024651,"EFM-19 R3","TBF","FLUVA"
"1103",1,1.56,12.5,2.62196065668743,0.482639399206819,-4.39465183566668,-1.15672703138333,"EFM-19 R3","TBF","FLUVA"
"1104",1,1.56,25,9.43526636260038,7.75100284109354,-5.02670109129702,5.52763819095478,"EFM-19 R3","TBF","FLUVA"
"1105",1,1.56,50,23.0012529966619,22.1827035825111,18.1915219514441,29.5866123068171,"EFM-19 R3","TBF","FLUVA"
"1106",1,6.25,0.78,1.26556442188252,0.30921606067875,-1.3442518977615,-1.09035744761543,"EFM-19 R3","TBF","FLUVA"
"1107",1,6.25,1.56,0.354441898349108,0.469273608373115,-3.49403346732268,-2.1949369488954,"EFM-19 R3","TBF","FLUVA"
"1108",1,6.25,3.125,1.44521828639345,2.1385523785952,-2.34903927126334,-0.00474068455484655,"EFM-19 R3","TBF","FLUVA"
"1109",1,6.25,6.25,1.22278773651578,2.33790969333483,-3.60283145995793,-0.213330804968237,"EFM-19 R3","TBF","FLUVA"
"1110",1,6.25,12.5,1.57129628018549,1.43236522834319,-7.37120017681082,0.199108751303697,"EFM-19 R3","TBF","FLUVA"
"1111",1,6.25,25,8.73147802729829,9.33353072476449,-7.22577716544581,7.66094624063716,"EFM-19 R3","TBF","FLUVA"
"1112",1,6.25,50,19.4486819575845,19.7649324349295,27.1232094049073,40.6087038968427,"EFM-19 R3","TBF","FLUVA"
"1113",1,25,0.78,1.55605929967813,2.18915032018971,1.63445057049086,1.52650042666161,"EFM-19 R3","TBF","FLUVA"
"1114",1,25,1.56,0.698211537228218,0.891638621774078,-0.261823251449044,-0.369773395278287,"EFM-19 R3","TBF","FLUVA"
"1115",1,25,3.125,1.26240317910151,1.58365765617768,0.676832290411213,0.56888214658197,"EFM-19 R3","TBF","FLUVA"
"1116",1,25,6.25,0.928603669784238,0.530006690356814,-0.569967747514269,-0.677917891343512,"EFM-19 R3","TBF","FLUVA"
"1117",1,25,12.5,4.17671365354624,4.90266813206124,4.42671377329734,4.31876362946809,"EFM-19 R3","TBF","FLUVA"
"1118",1,25,25,6.89478138599618,6.36221554757726,5.67825449577765,5.57030435194841,"EFM-19 R3","TBF","FLUVA"
"1119",1,25,50,4.89289002850404,4.88369662894672,17.0084905818685,16.9005404380392,"EFM-19 R3","TBF","FLUVA"
"1120",1,0.39,50,0.686891603293461,2.20008479246738,5.35438333929098,2.28767287075047,"EVSA-T R1","TBF","FLUVA"
"1121",1,1.56,0.78,2.87324632184193,-1.80769792781105,1.2737817507863,-1.07608305767006,"EVSA-T R1","TBF","FLUVA"
"1122",1,1.56,1.56,3.52510034642841,-2.32381106587333,0.887188948586296,-1.46267585987006,"EVSA-T R1","TBF","FLUVA"
"1123",1,1.56,3.125,1.59028924988814,-4.01006987945567,-1.08961548328172,-3.43948029173808,"EVSA-T R1","TBF","FLUVA"
"1124",1,1.56,6.25,2.30570837348719,0.160768594512383,2.54913944876564,0.199274640309284,"EVSA-T R1","TBF","FLUVA"
"1125",1,1.56,12.5,2.88731247175484,-3.65944038785504,-1.37258547252089,-3.72245028097724,"EVSA-T R1","TBF","FLUVA"
"1126",1,1.56,25,3.06897321447961,-1.40662497297848,-12.1542854238217,4.32027420190506,"EVSA-T R1","TBF","FLUVA"
"1127",1,6.25,1.56,1.3984101857834,7.02998631511923,6.04593843090888,7.83946434976684,"EVSA-T R1","TBF","FLUVA"
"1128",1,6.25,6.25,0.15079963890194,0.418150007624156,-6.04528584749857,0.454346179905158,"EVSA-T R1","TBF","FLUVA"
"1129",1,6.25,12.5,5.68789839466995,9.14216820539289,-6.82890613919855,9.08293810529672,"EVSA-T R1","TBF","FLUVA"
"1130",1,6.25,25,16.7159125112832,18.8045978542215,-19.9605250550302,24.1879558407397,"EVSA-T R1","TBF","FLUVA"
"1131",1,6.25,50,0.788817375248016,1.22785629754904,7.17575355171775,4.10904308317724,"EVSA-T R1","TBF","FLUVA"
"1132",1,25,3.125,0.0657868423486292,-1.01632258570831,-6.75905108982529,-0.789127575624732,"EVSA-T R1","TBF","FLUVA"
"1133",1,25,6.25,1.79127707261679,1.57487945107341,-9.08581799307832,1.590211629668,"EVSA-T R1","TBF","FLUVA"
"1134",1,25,12.5,6.93532520931015,7.75694506351827,-7.65027968729225,7.73185604399984,"EVSA-T R1","TBF","FLUVA"
"1135",1,25,25,11.4529547699765,10.6406545703113,-7.16727416218453,12.9209676776533,"EVSA-T R1","TBF","FLUVA"
"1136",1,0.39,50,62.140517044501,62.1564905309151,0.438237412722117,74.7244378532206,"EVSA-T R1","TBF","FLUVA"
"1137",1,1.56,6.25,0.0784501787915133,-0.0394484655707856,-0.313784417103093,-0.0360735901238485,"EVSA-T R1","TBF","FLUVA"
"1138",1,1.56,12.5,1.05222540395805,1.11640998669392,0.816521406777625,1.09423223375687,"EVSA-T R1","TBF","FLUVA"
"1139",1,1.56,25,4.37422579586209,4.29987471447645,4.06314451792436,4.3408553449036,"EVSA-T R1","TBF","FLUVA"
"1140",1,1.56,50,4.98030133987719,4.90581290060351,2.17377273517303,7.15058719788368,"EVSA-T R1","TBF","FLUVA"
"1141",1,6.25,0.78,0.00691576664767979,3.09204555801992,1.03278724178297,3.10232875065132,"EVSA-T R1","TBF","FLUVA"
"1142",1,6.25,6.25,0.165867664668426,0.390230516524085,-1.71823428396326,0.392801314681947,"EVSA-T R1","TBF","FLUVA"
"1143",1,6.25,12.5,0.972680175101516,2.35366082115544,0.227489293857417,2.33676700468956,"EVSA-T R1","TBF","FLUVA"
"1144",1,6.25,25,1.97660340955133,3.63225665113737,1.55277670121777,3.66347348591127,"EVSA-T R1","TBF","FLUVA"
"1145",1,6.25,50,1.55729554627091,3.48464894598457,3.08361233558082,5.19459697783479,"EVSA-T R1","TBF","FLUVA"
"1146",1,25,0.78,1.84540656997176,0.150650989086316,2.15830251225083,0.156318890536696,"EVSA-T R1","TBF","FLUVA"
"1147",1,25,1.56,1.77134660610167,0.449927913466922,2.45084170665119,0.448915788207941,"EVSA-T R1","TBF","FLUVA"
"1148",1,25,3.125,1.73137905515587,0.989655917591691,3.00788184012778,1.00605234678744,"EVSA-T R1","TBF","FLUVA"
"1149",1,25,6.25,1.7943071170892,0.956537251259704,2.95964671604801,0.957954226622306,"EVSA-T R1","TBF","FLUVA"
"1150",1,25,12.5,2.19525512396817,0.598513524405675,2.59074390592022,0.58920197202292,"EVSA-T R1","TBF","FLUVA"
"1151",1,25,25,2.66862685534062,1.21330411148848,3.23193840110056,1.23051024089142,"EVSA-T R1","TBF","FLUVA"
"1152",1,25,50,1.74418378440544,0.0956267190535698,3.03949159666158,1.03811776023086,"EVSA-T R1","TBF","FLUVA"
"1153",1,0.39,0.78,49.62320261029,61.3212646070974,60.2260880267501,60.8121013025708,"EVSA-T R1","TBF","FLUVA"
"1154",1,0.39,1.56,44.7167399805458,51.0896086691657,50.332661998254,50.9186752740747,"EVSA-T R1","TBF","FLUVA"
"1155",1,0.39,3.125,23.5634230095837,8.46848214432581,7.12164426372123,8.61759425493717,"EVSA-T R1","TBF","FLUVA"
"1156",1,0.39,6.25,37.578763207694,36.66569614601,33.3280514395238,36.6438748615303,"EVSA-T R1","TBF","FLUVA"
"1157",1,0.39,12.5,39.9432473879744,41.0018942698841,34.4172858224517,41.3728561060392,"EVSA-T R1","TBF","FLUVA"
"1158",1,0.39,25,45.0791532608644,51.9961274231167,44.6659584226274,51.6215287062149,"EVSA-T R1","TBF","FLUVA"
"1159",1,0.39,50,43.3838393239396,52.6477747416483,49.0083231702368,56.8738301692196,"EVSA-T R1","TBF","FLUVA"
"1160",1,1.56,1.56,0.149069488908012,0.29567191157301,0.285304909075336,0.271209748271517,"EVSA-T R1","TBF","FLUVA"
"1161",1,1.56,12.5,2.14985770426192,2.07457147538823,2.1417547352719,2.12765957446808,"EVSA-T R1","TBF","FLUVA"
"1162",1,1.56,25,2.56753467973138,2.97579811187481,2.93628470203916,2.92218954123534,"EVSA-T R1","TBF","FLUVA"
"1163",1,1.56,50,2.42295185827849,2.46255610213207,3.08143921519856,3.06734405439474,"EVSA-T R1","TBF","FLUVA"
"1164",1,6.25,0.78,0.160154355085695,1.7994810257993,0.971138553520888,1.74185415791284,"EVSA-T R1","TBF","FLUVA"
"1165",1,6.25,1.56,0.3470489959399,1.05452703295354,0.26250613778322,1.0351808701631,"EVSA-T R1","TBF","FLUVA"
"1166",1,6.25,3.125,0.439322792828222,2.14134197946272,1.38369613088531,2.15821841934375,"EVSA-T R1","TBF","FLUVA"
"1167",1,6.25,6.25,0.0625817994690152,0.583087775547014,-0.195421363484002,0.580618052637604,"EVSA-T R1","TBF","FLUVA"
"1168",1,6.25,12.5,0.101485771978574,1.33698258555421,0.603002279669397,1.37896787501433,"EVSA-T R1","TBF","FLUVA"
"1169",1,25,0.78,1.13716583995755,0.163990126472129,0.877976474973977,0.114595668283741,"EVSA-T R1","TBF","FLUVA"
"1170",1,25,1.56,0.534635515325533,-0.162950788395577,0.583845348586522,-0.179533213644532,"EVSA-T R1","TBF","FLUVA"
"1171",1,25,3.125,0.252045036724496,-1.1336832134692,-0.355855299081227,-1.11921769357119,"EVSA-T R1","TBF","FLUVA"
"1172",1,0.39,25,1.21457142472319,1.69891279243261,-4.76773906962187,2.25758407149016,"EVSA-T R2","TBF","FLUVA"
"1173",1,0.39,50,0.0138181727533606,0.741430639297405,1.94245302872675,0.811319275691773,"EVSA-T R2","TBF","FLUVA"
"1174",1,1.56,3.125,0.605879659292063,-3.88991332481826,-1.00117953368083,-2.37908599200441,"EVSA-T R2","TBF","FLUVA"
"1175",1,1.56,6.25,0.859723890284705,0.706800163245854,2.6007644970474,1.22285803872383,"EVSA-T R2","TBF","FLUVA"
"1176",1,1.56,12.5,2.54656923016633,1.67665580796396,4.4703263062502,3.09241984792662,"EVSA-T R2","TBF","FLUVA"
"1177",1,1.56,25,10.0075048259555,11.2281639219371,4.41743927166308,15.536568158658,"EVSA-T R2","TBF","FLUVA"
"1178",1,6.25,25,6.03813212613269,4.7530305338022,-14.7758945686172,8.41890726659872,"EVSA-T R2","TBF","FLUVA"
"1179",1,25,0.78,0.413025766214133,0.543361681292851,-3.77404145271655,0.681978521595994,"EVSA-T R2","TBF","FLUVA"
"1180",1,25,3.125,1.83700289380737,2.24827772248167,-1.68499230323,2.77102767108254,"EVSA-T R2","TBF","FLUVA"
"1181",1,25,6.25,1.43798897553283,0.542615403689581,-3.73484728480874,0.721172689503803,"EVSA-T R2","TBF","FLUVA"
"1182",1,25,12.5,7.36891792799572,8.23868337606697,-8.22451412656055,8.72854119307047,"EVSA-T R2","TBF","FLUVA"
"1183",1,25,25,11.0722078295181,10.8280085806747,-17.1313636915231,12.3187269734264,"EVSA-T R2","TBF","FLUVA"
"1184",1,0.39,0.78,0.29206969914931,0.563021347961902,0.579102916044001,0.605963321160573,"EVSA-T R2","TBF","FLUVA"
"1185",1,0.39,25,69.5499489002055,69.5522039906427,45.7511111615849,70.3720052971628,"EVSA-T R2","TBF","FLUVA"
"1186",1,0.39,50,62.3257074682198,62.3136884771558,62.4222661243885,64.3163850876841,"EVSA-T R2","TBF","FLUVA"
"1187",1,1.56,3.125,0.622535148050005,-0.4237088655224,-0.333795748291521,-0.449456238211809,"EVSA-T R2","TBF","FLUVA"
"1188",1,1.56,25,3.29214377015708,3.33782269191612,0.692953950602202,3.41506480998434,"EVSA-T R2","TBF","FLUVA"
"1189",1,1.56,50,2.58531255684434,2.66131111866937,2.35834812263145,5.08046069264417,"EVSA-T R2","TBF","FLUVA"
"1190",1,6.25,25,1.4772779516193,2.8276531890932,1.06616215689573,2.89738753561539,"EVSA-T R2","TBF","FLUVA"
"1191",1,6.25,50,0.690385586457367,2.17009398826531,2.52288118753873,4.35410730767687,"EVSA-T R2","TBF","FLUVA"
"1192",1,25,0.78,0.637896025673925,0.407287265944518,2.23394705455304,0.409326216942887,"EVSA-T R2","TBF","FLUVA"
"1193",1,25,3.125,0.181616215032903,-0.781599278407512,1.03004568505347,-0.794574421124452,"EVSA-T R2","TBF","FLUVA"
"1194",1,25,6.25,0.108449974847218,0.250159205580886,2.08145169499919,0.256832136121034,"EVSA-T R2","TBF","FLUVA"
"1195",1,25,12.5,1.1558924140878,-0.679494873716308,1.14642172968925,-0.67819735944461,"EVSA-T R2","TBF","FLUVA"
"1196",1,25,25,1.68014914449397,0.217906707970187,2.08145098638641,0.256832136121034,"EVSA-T R2","TBF","FLUVA"
"1197",1,25,50,0.494898877221928,-0.713469069859798,2.33025705444679,0.505638267988274,"EVSA-T R2","TBF","FLUVA"
"1198",1,0.39,0.78,2.04671295782327,3.47102130906389,2.71715965292045,2.71575368925286,"EVSA-T R2","TBF","FLUVA"
"1199",1,0.39,1.56,1.58377952595108,2.43883195378992,0.886015002602679,1.78474851270956,"EVSA-T R2","TBF","FLUVA"
"1200",1,0.39,25,1.85738630584925,2.18535112521753,-18.5847884734322,1.21687398593834,"EVSA-T R2","TBF","FLUVA"
"1201",1,0.39,50,30.8261083838223,30.832100141517,16.0709319609241,36.8152669396585,"EVSA-T R2","TBF","FLUVA"
"1202",1,1.56,0.78,5.50855353061344,5.20284623713619,4.70735343070837,5.03360890056402,"EVSA-T R2","TBF","FLUVA"
"1203",1,1.56,1.56,6.78489898108944,7.07308838176105,6.60026851994579,6.92652398980144,"EVSA-T R2","TBF","FLUVA"
"1204",1,1.56,3.125,7.41883499556052,7.496574956888,7.15655377066045,7.4828092405161,"EVSA-T R2","TBF","FLUVA"
"1205",1,1.56,6.25,8.58348615670609,9.36473139595562,8.75587386646514,9.08212933632079,"EVSA-T R2","TBF","FLUVA"
"1206",1,1.56,12.5,7.3705002767673,6.19706309615684,5.603590779082,5.92984624893765,"EVSA-T R2","TBF","FLUVA"
"1207",1,1.56,25,9.12409726018662,8.92442188035501,8.38115394063651,8.70740941049216,"EVSA-T R2","TBF","FLUVA"
"1208",1,1.56,50,8.99336915327557,9.59671510090043,1.80199677463301,11.1295681063123,"EVSA-T R2","TBF","FLUVA"
"1209",1,6.25,0.78,2.57522500053764,3.50238136058788,2.84060302486975,3.40338406860852,"EVSA-T R2","TBF","FLUVA"
"1210",1,6.25,1.56,2.62076979766348,2.44608372040017,1.77811082660628,2.36034922351851,"EVSA-T R2","TBF","FLUVA"
"1211",1,6.25,3.125,3.39320002462692,3.95999554659481,3.34868571638785,3.95194313528549,"EVSA-T R2","TBF","FLUVA"
"1212",1,6.25,6.25,3.09639544656065,4.56923616895908,3.78532734453252,4.40392490149115,"EVSA-T R2","TBF","FLUVA"
"1213",1,6.25,12.5,3.48552428260314,3.92282623203221,3.14093588020805,3.76651471838059,"EVSA-T R2","TBF","FLUVA"
"1214",1,6.25,25,3.06440118042931,2.8697392293201,2.1152550427062,2.74279533338485,"EVSA-T R2","TBF","FLUVA"
"1215",1,6.25,50,3.36912311207632,4.05582428531201,4.32457579963099,4.95248396816812,"EVSA-T R2","TBF","FLUVA"
"1216",1,25,0.78,2.35111554552773,1.50748861119105,1.93794242963818,1.41775477091865,"EVSA-T R2","TBF","FLUVA"
"1217",1,25,1.56,2.42343363298438,2.27967453251259,2.7220720626951,2.20196245074558,"EVSA-T R2","TBF","FLUVA"
"1218",1,25,3.125,3.24922529775876,3.31410569294405,3.8267867869876,3.30680676813722,"EVSA-T R2","TBF","FLUVA"
"1219",1,25,6.25,3.02139875297522,1.44011536709591,1.81007077321689,1.29027273429654,"EVSA-T R2","TBF","FLUVA"
"1220",1,25,12.5,3.50259825582296,3.27465263824531,3.65256973359354,3.13296762728889,"EVSA-T R2","TBF","FLUVA"
"1221",1,25,25,3.15990002280775,2.21658746109277,2.62098089091167,2.10152205825543,"EVSA-T R2","TBF","FLUVA"
"1222",1,25,50,3.59594304760893,3.7920489418032,5.12419933175205,4.60480568647147,"EVSA-T R2","TBF","FLUVA"
"1223",1,1.56,6.25,0.13350614790263,-0.135182583751108,-21.2779390204835,0.372607467838094,"EVSA-T R3","TBF","FLUVA"
"1224",1,1.56,12.5,2.75353782433311,0.109246112201404,-20.383681097672,1.26686539064953,"EVSA-T R3","TBF","FLUVA"
"1225",1,1.56,25,5.05011844096984,4.72221631152957,-13.6649801249704,7.98556636335113,"EVSA-T R3","TBF","FLUVA"
"1226",1,1.56,50,0.699617365316868,2.21504334240855,-9.21880613063021,4.07514904298714,"EVSA-T R3","TBF","FLUVA"
"1227",1,6.25,12.5,2.62230829260729,4.73294247526009,-3.99287469666795,5.73815500470663,"EVSA-T R3","TBF","FLUVA"
"1228",1,6.25,25,5.61214419891037,5.65389327761067,-32.5059816122685,8.48760589896455,"EVSA-T R3","TBF","FLUVA"
"1229",1,25,12.5,1.47664370222803,1.50330311385217,-22.6365971566735,1.89833699403827,"EVSA-T R3","TBF","FLUVA"
"1230",1,25,25,6.80216741095677,6.75429306838487,-47.9295911133785,7.86790084719172,"EVSA-T R3","TBF","FLUVA"
"1231",1,0.39,25,28.5664915616482,28.5905474111851,-0.420918739921795,29.2541259413556,"EVSA-T R3","TBF","FLUVA"
"1232",1,0.39,50,57.326051739002,57.3323705026441,2.40861997754092,58.6564653100465,"EVSA-T R3","TBF","FLUVA"
"1233",1,1.56,0.78,2.49135330410094,4.61419194481265,3.09753881157646,4.5385354911072,"EVSA-T R3","TBF","FLUVA"
"1234",1,1.56,3.125,2.15829028894993,2.94543225725255,1.49122572072562,2.93222240025636,"EVSA-T R3","TBF","FLUVA"
"1235",1,1.56,6.25,2.46045031633797,2.50741359177147,-1.81345981736375,2.51161672808844,"EVSA-T R3","TBF","FLUVA"
"1236",1,1.56,12.5,4.27373323348417,4.39918148052118,0.141355116140502,4.46643166159269,"EVSA-T R3","TBF","FLUVA"
"1237",1,1.56,25,6.06300321148716,5.6908652513457,-1.4168154403754,5.79234097099824,"EVSA-T R3","TBF","FLUVA"
"1238",1,1.56,50,5.18499117210034,5.30708331517975,0.173547891908555,10.2667841692036,"EVSA-T R3","TBF","FLUVA"
"1239",1,6.25,1.56,0.0539029426769986,1.08766397687337,-0.687692293959088,1.06954013779843,"EVSA-T R3","TBF","FLUVA"
"1240",1,6.25,3.125,0.107063156426364,0.694855743688947,-1.0682402830634,0.688992148694112,"EVSA-T R3","TBF","FLUVA"
"1241",1,6.25,12.5,0.171890107537436,0.807354546964874,-0.92002685572804,0.837205576029476,"EVSA-T R3","TBF","FLUVA"
"1242",1,6.25,25,0.384762317668006,0.507752955635695,-1.20443640547968,0.552796026277832,"EVSA-T R3","TBF","FLUVA"
"1243",1,6.25,50,0.255141062977401,0.786789763030271,1.23107072478791,2.98830315654543,"EVSA-T R3","TBF","FLUVA"
"1244",1,25,0.78,0.59501513015293,1.15267282756099,0.662251625284625,1.12562089408749,"EVSA-T R3","TBF","FLUVA"
"1245",1,25,1.56,1.12500839664035,0.451228201553675,-0.0267405234095008,0.436628745393364,"EVSA-T R3","TBF","FLUVA"
"1246",1,25,3.125,1.19446062560651,0.982130820215758,0.514038197949262,0.977407466752126,"EVSA-T R3","TBF","FLUVA"
"1247",1,25,6.25,0.575709701904401,0.875760373900121,0.413893990290234,0.877263259093098,"EVSA-T R3","TBF","FLUVA"
"1248",1,25,12.5,1.30257610532277,0.917309388907299,0.47798628319201,0.941355551994874,"EVSA-T R3","TBF","FLUVA"
"1249",1,25,25,1.29944880332923,1.07331387834597,0.646228552059171,1.10959782086204,"EVSA-T R3","TBF","FLUVA"
"1250",1,25,50,0.0989418195052281,-0.251212571290921,1.05882268761438,1.52219195641725,"EVSA-T R3","TBF","FLUVA"
"1251",1,0.39,0.78,1.38275173593037,2.06722928407076,2.0201970361094,2.15644820295984,"EVSA-T R3","TBF","FLUVA"
"1252",1,0.39,3.125,1.1103394881788,1.07183125807199,0.224805577793349,1.61829713626753,"EVSA-T R3","TBF","FLUVA"
"1253",1,0.39,6.25,0.477602764340197,1.0605909769305,-2.27787013960397,0.372861810493944,"EVSA-T R3","TBF","FLUVA"
"1254",1,0.39,50,54.6688877057001,54.6812952461783,-14.2983317851665,57.7474533922737,"EVSA-T R3","TBF","FLUVA"
"1255",1,1.56,50,5.60761530565972,5.5878881508395,-1.48813200536829,7.09975014414761,"EVSA-T R3","TBF","FLUVA"
"1256",1,6.25,0.78,2.45655229410093,4.95236160305954,3.38213514819697,4.96636555833173,"EVSA-T R3","TBF","FLUVA"
"1257",1,6.25,1.56,2.19715228663721,3.75071951902849,2.18282705671129,3.76705746684605,"EVSA-T R3","TBF","FLUVA"
"1258",1,6.25,3.125,1.56640578074449,2.79717791695229,1.29872173285966,2.88295214299443,"EVSA-T R3","TBF","FLUVA"
"1259",1,6.25,6.25,1.36293117906455,3.55595791824443,1.86378035288656,3.44801076302133,"EVSA-T R3","TBF","FLUVA"
"1260",1,6.25,12.5,1.63986697168868,2.62188629994324,0.864356943315173,2.44858735344994,"EVSA-T R3","TBF","FLUVA"
"1261",1,6.25,25,0.830821573636683,2.63451846572498,0.848981198552536,2.4332116086873,"EVSA-T R3","TBF","FLUVA"
"1262",1,25,0.78,1.94230615353078,0.821956492596982,1.22953088142779,0.834134153373057,"EVSA-T R3","TBF","FLUVA"
"1263",1,25,1.56,1.59615306016089,0.862210180564915,1.27181417952505,0.876417451470317,"EVSA-T R3","TBF","FLUVA"
"1264",1,25,3.125,0.991239007031993,-0.639646792280317,-0.169661891972169,-0.565058620026903,"EVSA-T R3","TBF","FLUVA"
"1265",1,25,6.25,0.692613209941698,-1.81656681827545,-1.5150395587029,-1.91043628675763,"EVSA-T R3","TBF","FLUVA"
"1266",1,25,12.5,0.855821352754788,0.438993766403271,0.683691942354187,0.288295214299453,"EVSA-T R3","TBF","FLUVA"
"1267",1,25,25,0.0915902929488368,-2.01214581882913,-1.79180296443036,-2.18719969248509,"EVSA-T R3","TBF","FLUVA"
"1268",1,0.39,0.78,4.53786258897436,-23.2683852693113,-7.09331618883011,-21.6125643975391,"HBL100 R1","TBF","FLUVA"
"1269",1,25,3.125,0.0323765427590388,0.695924311767527,1.26713522226464,1.0003501225429,"HBL100 R1","TBF","FLUVA"
"1270",1,25,6.25,0.641991132074352,0.871239761105912,1.63226301699279,1.36547791727105,"HBL100 R1","TBF","FLUVA"
"1271",1,25,12.5,1.04844979138593,1.00572213229165,1.71229102679622,1.44550592707448,"HBL100 R1","TBF","FLUVA"
"1272",1,25,25,1.58869096584115,1.72755357587779,1.55615644454554,2.30580703246136,"HBL100 R1","TBF","FLUVA"
"1273",1,0.39,0.78,9.40736784548345,32.9068792349653,9.70310858772305,16.4992664484821,"HBL100 R1","TBF","FLUVA"
"1274",1,0.39,1.56,15.2393984877373,-8.09140316949939,-17.5624370617522,-21.8146936011737,"HBL100 R1","TBF","FLUVA"
"1275",1,0.39,6.25,13.4813639679679,-46.926410033781,-60.3905602984072,-61.1217695519693,"HBL100 R1","TBF","FLUVA"
"1276",1,0.39,12.5,5.40877694479727,2.7589542949383,-29.5701111391701,-22.773953278411,"HBL100 R1","TBF","FLUVA"
"1277",1,0.39,25,8.49926734086436,-9.12565776410022,-41.6308605038974,-26.058006996953,"HBL100 R1","TBF","FLUVA"
"1278",1,25,0.78,4.13216040739857,1.29329043205638,2.13601527836448,-0.011285407967506,"HBL100 R1","TBF","FLUVA"
"1279",1,25,1.56,3.09014614509633,-0.780435440480716,1.15418478519216,-0.993115901139831,"HBL100 R1","TBF","FLUVA"
"1280",1,25,3.125,2.35630876411022,3.38157997010622,1.27832427283464,-0.86897641349735,"HBL100 R1","TBF","FLUVA"
"1281",1,25,6.25,2.00035582201109,-1.54634032916125,0.0707856203123498,-2.07651506601964,"HBL100 R1","TBF","FLUVA"
"1282",1,25,12.5,1.50785464946701,0.608170266023208,0.725339282427228,-1.42196140390476,"HBL100 R1","TBF","FLUVA"
"1283",1,25,25,0.0365360706507829,-1.45248333167149,-0.651480489607522,-2.79878117593951,"HBL100 R1","TBF","FLUVA"
"1284",1,0.39,0.78,13.1819791171351,13.092789557702,-9.47080712288527,-4.74535888017471,"HBL100 R1","TBF","FLUVA"
"1285",1,0.39,1.56,12.1195166659012,1.80595186361636,-23.2204348405463,-16.370495383699,"HBL100 R1","TBF","FLUVA"
"1286",1,0.39,3.125,8.28629542415187,16.9411484389904,-17.0157291917823,-8.38876203712897,"HBL100 R1","TBF","FLUVA"
"1287",1,0.39,6.25,11.8300709845592,6.90320237368962,-19.2394956962993,-11.4265859227638,"HBL100 R1","TBF","FLUVA"
"1288",1,0.39,12.5,4.83278907535102,5.82517502111482,-36.4637585772683,-27.8367914226149,"HBL100 R1","TBF","FLUVA"
"1289",1,0.39,25,3.07492960978501,24.8569499045334,-21.1952189167898,-12.5682517621364,"HBL100 R1","TBF","FLUVA"
"1290",1,1.56,0.78,14.1648955217426,7.25112516020129,-6.72985142473517,-3.51434527945995,"HBL100 R1","TBF","FLUVA"
"1291",1,1.56,1.56,13.5935294608493,8.01186285021555,-7.87151726410774,-4.65601111883252,"HBL100 R1","TBF","FLUVA"
"1292",1,1.56,3.125,7.12824402147729,1.99458279980542,-26.0287284537368,-17.5717263972997,"HBL100 R1","TBF","FLUVA"
"1293",1,1.56,6.25,18.8604905602947,19.8341593116995,-12.6360129396166,6.30398093914425,"HBL100 R1","TBF","FLUVA"
"1294",1,1.56,12.5,7.82214003449852,10.326909795956,-55.5815458744457,-15.6755683510374,"HBL100 R1","TBF","FLUVA"
"1295",1,1.56,25,4.54076726591958,6.13567024456205,-88.8872086924411,-22.7737516132235,"HBL100 R1","TBF","FLUVA"
"1296",1,1.56,50,6.61067451020251,29.9148244027277,-24.7452041568642,38.4195373771468,"HBL100 R1","TBF","FLUVA"
"1297",1,6.25,0.78,6.3048942186448,5.63842945800728,5.11656376859332,3.06760647274893,"HBL100 R1","TBF","FLUVA"
"1298",1,6.25,1.56,6.4605919264424,6.95642350896037,0.738762883739398,3.93130149905687,"HBL100 R1","TBF","FLUVA"
"1299",1,6.25,3.125,5.84839300867613,6.80690544057664,-1.05811987214265,2.13441874317482,"HBL100 R1","TBF","FLUVA"
"1300",1,6.25,6.25,5.7784889295629,2.48647791798911,-3.93710329316916,-0.744564677851685,"HBL100 R1","TBF","FLUVA"
"1301",1,6.25,12.5,2.84618045879682,1.15634868734324,-8.24565089567089,-5.05311228035342,"HBL100 R1","TBF","FLUVA"
"1302",1,6.25,25,5.71922515339733,9.02813807463237,-1.06804740118068,2.1244912141368,"HBL100 R1","TBF","FLUVA"
"1303",1,25,0.78,7.05359314613983,6.09238452279598,-0.0157293231502962,3.48456269234589,"HBL100 R1","TBF","FLUVA"
"1304",1,25,1.56,7.41523523350995,6.30503351543857,-0.263917549100867,3.23637446639532,"HBL100 R1","TBF","FLUVA"
"1305",1,25,3.125,7.57208795930237,8.67103382673703,0.431009483560715,3.9313014990569,"HBL100 R1","TBF","FLUVA"
"1306",1,25,6.25,7.689389206014,9.96869778049998,3.19086255613094,6.69115457162712,"HBL100 R1","TBF","FLUVA"
"1307",1,25,12.5,5.93995233537535,7.92694123132445,-1.8721772532605,1.62811476223568,"HBL100 R1","TBF","FLUVA"
"1308",1,25,25,7.64771442416,10.7357538849551,0.232458902800261,3.73275091829645,"HBL100 R1","TBF","FLUVA"
"1309",1,25,50,0.327279856577178,0.52249374759333,1.06637134199414,4.56666335749033,"HBL100 R1","TBF","FLUVA"
"1310",1,0.39,0.78,4.88084800049199,-8.26981707317074,-15.3276489713809,-14.7131887985546,"HBL100 R2","TBF","FLUVA"
"1311",1,0.39,1.56,1.63776603542515,14.1637731481482,-0.326519793422409,3.44399277326106,"HBL100 R2","TBF","FLUVA"
"1312",1,0.39,3.125,1.63072497986907,2.68673780487802,-11.5336110310015,-7.76309846431801,"HBL100 R2","TBF","FLUVA"
"1313",1,0.39,6.25,2.88046080612041,-3.61619241192412,-15.209085285744,-11.4385727190605,"HBL100 R2","TBF","FLUVA"
"1314",1,0.39,12.5,3.99204905237216,2.12250169376693,-6.82493894428059,-4.43202348690153,"HBL100 R2","TBF","FLUVA"
"1315",1,0.39,25,1.68359492702289,5.7700993676603,-11.0125419810126,-4.30781391147249,"HBL100 R2","TBF","FLUVA"
"1316",1,0.39,50,5.11782542055317,6.99913900180668,-7.02856970046584,5.03613369467028,"HBL100 R2","TBF","FLUVA"
"1317",1,1.56,0.78,0.550560754937342,-12.9691660464858,-16.2343614610782,-15.819783197832,"HBL100 R2","TBF","FLUVA"
"1318",1,1.56,1.56,2.08906078710909,0.640567827078093,-10.0477991490222,-8.65514905149051,"HBL100 R2","TBF","FLUVA"
"1319",1,1.56,3.125,0.365527848171592,-1.90268462314628,-13.3350399083304,-10.9643179765131,"HBL100 R2","TBF","FLUVA"
"1320",1,1.56,6.25,1.73904684632245,-0.855668514152777,-12.9438263235627,-7.63888888888889,"HBL100 R2","TBF","FLUVA"
"1321",1,1.56,50,5.82140931574678,4.7509337011373,-10.7120413565855,7.22109304426378,"HBL100 R2","TBF","FLUVA"
"1322",1,0.39,1.56,10.4963429842727,-54.0994974498861,-50.9173136706205,-56.6284468871411,"HBL100 R2","TBF","FLUVA"
"1323",1,0.39,3.125,6.81693878259935,-22.7293208097649,-26.0239184275616,-31.7350516440822,"HBL100 R2","TBF","FLUVA"
"1324",1,0.39,6.25,6.52207851102733,-54.748088796266,-58.6686639975417,-64.3797972140624,"HBL100 R2","TBF","FLUVA"
"1325",1,0.39,12.5,3.2160669913369,-40.8246295772879,-51.5188106929097,-56.1735999241922,"HBL100 R2","TBF","FLUVA"
"1326",1,0.39,25,1.16219623098799,-27.2997208685477,-43.9375727655372,-46.4796740263432,"HBL100 R2","TBF","FLUVA"
"1327",1,1.56,0.78,0.167675177054809,1.01315386664143,-19.9696369242656,-19.2078082061973,"HBL100 R2","TBF","FLUVA"
"1328",1,1.56,6.25,1.67349251011916,-6.63414567392043,-22.109842406812,-15.0099497773145,"HBL100 R2","TBF","FLUVA"
"1329",1,1.56,25,0.657214329207436,-0.709392772426243,-55.1222885558066,-17.3884203544016,"HBL100 R2","TBF","FLUVA"
"1330",1,6.25,0.78,1.01935838198224,3.23609376375116,0.284709273676327,0.0189519567895502,"HBL100 R2","TBF","FLUVA"
"1331",1,6.25,6.25,1.10625928379596,-1.73763205904604,-2.80445968301845,-3.07021699990523,"HBL100 R2","TBF","FLUVA"
"1332",1,6.25,12.5,1.63543551881315,2.41734606354811,0.559512647124635,0.293755330237857,"HBL100 R2","TBF","FLUVA"
"1333",1,6.25,25,0.94731411541396,0.0856322069191009,-2.30223282809568,-2.56799014498246,"HBL100 R2","TBF","FLUVA"
"1334",1,25,0.78,1.99428219204891,3.36731446902164,0.659152661145939,1.07078555860893,"HBL100 R2","TBF","FLUVA"
"1335",1,25,1.56,1.32579704988473,0.884656618442037,0.217955779626479,0.634890552449548,"HBL100 R2","TBF","FLUVA"
"1336",1,25,3.125,1.6223365005556,2.11183218720208,0.796543728143149,1.22240121292523,"HBL100 R2","TBF","FLUVA"
"1337",1,25,12.5,0.525625981734748,1.25057952032655,-0.737785969844438,-0.265327395053546,"HBL100 R2","TBF","FLUVA"
"1338",1,0.39,0.78,7.20231121360573,2.33193844706898,-19.7931879409132,-10.2762923351159,"HBL100 R2","TBF","FLUVA"
"1339",1,0.39,1.56,8.59373398892632,1.07638193828823,-18.135433930218,-11.2210338680927,"HBL100 R2","TBF","FLUVA"
"1340",1,0.39,3.125,8.48820604908517,7.80117945736065,-11.370728047865,-4.49197860962569,"HBL100 R2","TBF","FLUVA"
"1341",1,0.39,6.25,2.34866269794358,11.1443151235539,-23.0730453384176,-7.18360071301247,"HBL100 R2","TBF","FLUVA"
"1342",1,0.39,12.5,3.50697186481577,-11.8465720431747,-42.1728670852982,-26.283422459893,"HBL100 R2","TBF","FLUVA"
"1343",1,1.56,1.56,3.07257653802222,-5.08713908509441,-10.0844145087131,-7.22816399286988,"HBL100 R2","TBF","FLUVA"
"1344",1,6.25,0.78,1.61793143038415,3.56662329491836,-2.3424469669512,2.42424242424242,"HBL100 R2","TBF","FLUVA"
"1345",1,6.25,1.56,1.56853684423326,2.11489938707618,-3.26045053201358,1.50623885918004,"HBL100 R2","TBF","FLUVA"
"1346",1,6.25,3.125,1.58611914437462,3.72969153631314,-1.63834714520431,3.12834224598932,"HBL100 R2","TBF","FLUVA"
"1347",1,6.25,12.5,1.1745587428923,4.80170293688697,-2.60982664609558,2.15686274509804,"HBL100 R2","TBF","FLUVA"
"1348",1,25,0.78,4.29175188732684,0.969346659422143,0.197659984920463,0.0980392156862706,"HBL100 R2","TBF","FLUVA"
"1349",1,25,1.56,4.67910702212323,2.08633599283175,1.72172415604346,1.62210338680927,"HBL100 R2","TBF","FLUVA"
"1350",1,25,3.125,5.85918121156537,2.94528725442535,2.58625178527697,2.48663101604278,"HBL100 R2","TBF","FLUVA"
"1351",1,25,6.25,5.21939385164997,4.35239068889588,1.89106461950158,1.79144385026738,"HBL100 R2","TBF","FLUVA"
"1352",1,25,12.5,3.60367188808503,1.30423851601896,-0.613391708484173,-0.713012477718365,"HBL100 R2","TBF","FLUVA"
"1353",1,25,25,1.37988674205805,-1.67078936581926,-5.53317780474086,-5.63279857397505,"HBL100 R2","TBF","FLUVA"
"1354",1,0.39,0.78,14.3736863782102,31.6162149817489,-22.7611010694398,-8.3721597018135,"HBL100 R3","TBF","FLUVA"
"1355",1,0.39,1.56,21.4412801005889,7.7215259912042,-28.9470375614476,-22.0557666117124,"HBL100 R3","TBF","FLUVA"
"1356",1,0.39,3.125,13.4052329945184,38.9778239217623,-17.8510587785646,-3.4621174109383,"HBL100 R3","TBF","FLUVA"
"1357",1,0.39,6.25,14.1432957439797,32.6258522171981,-22.8829561335929,-8.4940147659666,"HBL100 R3","TBF","FLUVA"
"1358",1,0.39,12.5,12.6522705212021,38.544773896859,-20.1519691075733,-5.76302773994698,"HBL100 R3","TBF","FLUVA"
"1359",1,0.39,25,15.6778298176435,30.1594600321457,-21.083801951097,-6.69486058347073,"HBL100 R3","TBF","FLUVA"
"1360",1,0.39,50,9.37137161591279,12.6550420044606,-14.1552588491677,6.04974553795427,"HBL100 R3","TBF","FLUVA"
"1361",1,1.56,0.78,19.2959430751586,11.9074835590561,-29.4774654877611,-24.9372804816859,"HBL100 R3","TBF","FLUVA"
"1362",1,1.56,1.56,26.3638450495998,9.22430252815438,-15.8440341925134,-11.3038491864383,"HBL100 R3","TBF","FLUVA"
"1363",1,1.56,3.125,19.7131980287603,23.3771341816225,-20.2666562267762,-15.726471220701,"HBL100 R3","TBF","FLUVA"
"1364",1,1.56,6.25,23.0102135070847,28.991886524449,-13.435604689252,-8.89541968317683,"HBL100 R3","TBF","FLUVA"
"1365",1,1.56,12.5,18.2158113283221,22.1449628519236,-23.2198495462515,-18.6796645401763,"HBL100 R3","TBF","FLUVA"
"1366",1,1.56,25,23.8388899458816,26.7102953767228,-14.7861272225778,-7.2467923446348,"HBL100 R3","TBF","FLUVA"
"1367",1,1.56,50,12.8817936916042,12.9633556065067,-11.2737449791943,8.93125940792774,"HBL100 R3","TBF","FLUVA"
"1368",1,25,0.78,2.21624597664535,2.90652537883842,-1.31746944339038,0.451580531861509,"HBL100 R3","TBF","FLUVA"
"1369",1,25,1.56,1.91774547898284,1.22441971436929,-1.91240887425555,-0.143358899003658,"HBL100 R3","TBF","FLUVA"
"1370",1,25,3.125,1.80377198749389,2.31156436861063,-2.06293571820939,-0.2938857429575,"HBL100 R3","TBF","FLUVA"
"1371",1,25,6.25,1.42178625870699,2.022652668737,-2.27080612176468,-0.50175614651279,"HBL100 R3","TBF","FLUVA"
"1372",1,25,12.5,0.735104534496898,1.35104330386702,-3.1381274607368,-1.36907748548491,"HBL100 R3","TBF","FLUVA"
"1373",1,25,25,0.219119807440549,-0.0598734829714545,-4.09146413911111,-2.32241416385922,"HBL100 R3","TBF","FLUVA"
"1374",1,0.39,0.78,2.0423832901728,18.2177575141521,-0.194179212524189,0.559902375995975,"HBL100 R3","TBF","FLUVA"
"1375",1,0.39,1.56,1.70059470340268,-3.59373461997585,-22.8127995556438,-21.3839638216926,"HBL100 R3","TBF","FLUVA"
"1376",1,0.39,3.125,2.6464035624943,12.8788568118532,-4.09913937331666,-4.54382312827508,"HBL100 R3","TBF","FLUVA"
"1377",1,0.39,50,12.0459248383616,16.9112794762579,-32.4813438463931,7.65917737420143,"HBL100 R3","TBF","FLUVA"
"1378",1,1.56,25,3.90655625150922,13.3609620775169,-45.0434582715664,6.04407436652072,"HBL100 R3","TBF","FLUVA"
"1379",1,1.56,50,21.3275813034009,21.1307191120963,-13.7963966064247,26.3441246141698,"HBL100 R3","TBF","FLUVA"
"1380",1,25,0.78,1.44141255940271,0.433543066870683,-0.473591351956202,1.31361711291365,"HBL100 R3","TBF","FLUVA"
"1381",1,25,1.56,1.04065867009781,-0.303810795993172,-1.27037550241202,0.516832962457826,"HBL100 R3","TBF","FLUVA"
"1382",1,25,3.125,1.27824884679255,0.0121171048831457,-0.789433717902654,0.997774746967195,"HBL100 R3","TBF","FLUVA"
"1383",1,25,12.5,0.4419836498396,0.463661667594863,-1.65800022425539,0.12920824061446,"HBL100 R3","TBF","FLUVA"
"1384",1,0.39,0.78,12.8233636117536,-14.5489351118762,-17.818958339372,-17.2256805723311,"HBL100 R3","TBF","FLUVA"
"1385",1,0.39,1.56,8.91070047878945,-4.32239144279144,-15.3103640812656,-14.7170863142246,"HBL100 R3","TBF","FLUVA"
"1386",1,0.39,3.125,7.9728333302611,-11.3667174170401,-23.9696598166553,-23.3763820496144,"HBL100 R3","TBF","FLUVA"
"1387",1,0.39,6.25,1.36520450432679,-4.69433371883773,-30.0831969345592,-29.4899191675183,"HBL100 R3","TBF","FLUVA"
"1388",1,0.39,12.5,2.49474626184379,-7.22153260096503,-30.3619296299044,-29.7686518628635,"HBL100 R3","TBF","FLUVA"
"1389",1,0.39,25,0.588018652153789,-3.37601758820658,-30.1389434736283,-29.5456657065874,"HBL100 R3","TBF","FLUVA"
"1390",1,1.56,0.78,2.49141088969265,-20.9924677774291,-24.2271120500604,-23.3206355105454,"HBL100 R3","TBF","FLUVA"
"1391",1,1.56,1.56,6.6934376942426,-1.81094157517026,-11.7584694782868,-10.8519929387717,"HBL100 R3","TBF","FLUVA"
"1392",1,1.56,3.125,0.410364841603673,-12.9306694870328,-24.2828585891295,-23.3763820496144,"HBL100 R3","TBF","FLUVA"
"1393",1,1.56,6.25,0.634443330182639,-1.41027141851944,-30.292844577615,-22.9768651862864,"HBL100 R3","TBF","FLUVA"
"1394",1,1.56,50,4.81369353312892,22.0548347985439,-29.2958467839354,35.7056582737155,"HBL100 R3","TBF","FLUVA"
"1395",1,6.25,0.78,6.46292860447804,4.04272817094785,5.98107221579232,3.41912106290069,"HBL100 R3","TBF","FLUVA"
"1396",1,6.25,1.56,6.66989146796811,5.77575770356994,5.91603458687845,3.35408343398682,"HBL100 R3","TBF","FLUVA"
"1397",1,6.25,3.125,6.91352990339605,6.09625411968935,5.86028804780942,3.29833689491778,"HBL100 R3","TBF","FLUVA"
"1398",1,6.25,6.25,8.04975291879009,10.8217422966243,1.19751008682553,5.04506178574748,"HBL100 R3","TBF","FLUVA"
"1399",1,6.25,12.5,6.77981937194792,7.1389417786195,-1.96146046041966,1.88609123850229,"HBL100 R3","TBF","FLUVA"
"1400",1,6.25,25,9.33917658498343,12.5448151786592,2.60046465339619,6.44801635231813,"HBL100 R3","TBF","FLUVA"
"1401",1,6.25,50,1.31457749308703,3.15395251275035,-3.44668569446868,6.81036885626685,"HBL100 R3","TBF","FLUVA"
"1402",1,25,0.78,2.79171965388535,0.925948650011904,-2.94496684284739,0.492427761776455,"HBL100 R3","TBF","FLUVA"
"1403",1,25,1.56,3.16734944670122,2.9378032450342,-2.18309747557061,1.25429712905324,"HBL100 R3","TBF","FLUVA"
"1404",1,25,3.125,3.07403579037475,3.03212123039583,-2.35033709277771,1.08705751184614,"HBL100 R3","TBF","FLUVA"
"1405",1,25,6.25,2.91883975698218,4.75913568227476,-2.69410741703673,0.743287187587114,"HBL100 R3","TBF","FLUVA"
"1406",1,25,12.5,2.79671289490621,4.17199197988084,-2.91709357331287,0.520301031310979,"HBL100 R3","TBF","FLUVA"
"1407",1,25,25,3.03208736422383,5.20466256117841,-2.47112126076061,0.966273343863236,"HBL100 R3","TBF","FLUVA"
"1408",1,0.39,3.125,0.106529903675843,3.49433110359791,-58.328254509817,-7.94326241134753,"HCC1143 R1","TBF","FLUVA"
"1409",1,0.39,12.5,1.00148323646812,-1.48813191162807,-57.2375232796874,-12.3012961604304,"HCC1143 R1","TBF","FLUVA"
"1410",1,0.39,25,23.5186858341022,29.9309124726128,-11.8621258720083,20.5527023722181,"HCC1143 R1","TBF","FLUVA"
"1411",1,0.39,50,0.305717185503795,0.60236696094438,-25.2336656174502,-1.40376620200537,"HCC1143 R1","TBF","FLUVA"
"1412",1,1.56,0.78,2.57334455453274,7.09553878872994,-50.257821641145,3.63903154805577,"HCC1143 R1","TBF","FLUVA"
"1413",1,1.56,1.56,3.50088729580209,6.17860957596631,-48.2084208096458,2.84666177549522,"HCC1143 R1","TBF","FLUVA"
"1414",1,1.56,3.125,3.80731106793227,4.12655179411435,-49.5681664687312,0.816825629738318,"HCC1143 R1","TBF","FLUVA"
"1415",1,1.56,6.25,3.0191326241936,8.28951213346045,-45.8802232063199,4.96453900709218,"HCC1143 R1","TBF","FLUVA"
"1416",1,1.56,12.5,5.77120858083591,0.688338898251988,-47.3769216656008,-2.44069454634385,"HCC1143 R1","TBF","FLUVA"
"1417",1,1.56,25,32.6094566636288,32.2956018751524,-2.83302340196671,29.5818048422597,"HCC1143 R1","TBF","FLUVA"
"1418",1,1.56,50,1.86989018235292,2.44405628471571,-21.9663630984969,1.86353631694791,"HCC1143 R1","TBF","FLUVA"
"1419",1,6.25,0.78,1.75486063106102,4.71300001955752,-48.0910326951924,1.4037662020054,"HCC1143 R1","TBF","FLUVA"
"1420",1,6.25,3.125,4.12275117050503,7.03073776484949,-42.2705386868775,7.22426021032037,"HCC1143 R1","TBF","FLUVA"
"1421",1,6.25,6.25,1.05039790563574,2.35467667580489,-47.4013775227786,2.09342137441918,"HCC1143 R1","TBF","FLUVA"
"1422",1,6.25,12.5,0.152663120463372,-2.18864957555722,-46.10032592092,-1.16409880166302,"HCC1143 R1","TBF","FLUVA"
"1423",1,6.25,25,41.6500300487917,42.3689317670819,10.8426919318557,43.2575201760822,"HCC1143 R1","TBF","FLUVA"
"1424",1,25,6.25,0.652200167089148,0.620629726659608,0.116352973675262,0.489117143555887,"HCC1143 R1","TBF","FLUVA"
"1425",1,25,12.5,9.52943324697989,8.88431829313068,-44.4217311591474,11.6947909024211,"HCC1143 R1","TBF","FLUVA"
"1426",1,25,25,18.5059065574412,18.6339959381387,-28.4373829077412,27.6791391538274,"HCC1143 R1","TBF","FLUVA"
"1427",1,0.39,0.78,2.94972313089529,9.30395916264434,-40.766809031974,6.09968125181106,"HCC1143 R1","TBF","FLUVA"
"1428",1,0.39,6.25,2.31017582327104,-3.31081023022621,-51.729814923986,-6.46189510286872,"HCC1143 R1","TBF","FLUVA"
"1429",1,0.39,12.5,1.42118759644862,-8.46263944481055,-51.5221456493796,-11.4411281754081,"HCC1143 R1","TBF","FLUVA"
"1430",1,0.39,50,2.87407331616448,2.60475783421481,-17.666500495915,2.07186322804985,"HCC1143 R1","TBF","FLUVA"
"1431",1,1.56,0.78,2.4211565692731,3.88827490148328,-47.2335336528569,-0.36704336907178,"HCC1143 R1","TBF","FLUVA"
"1432",1,1.56,6.25,2.33995846774057,-1.20989432354042,-50.6624914428694,-5.39457162175215,"HCC1143 R1","TBF","FLUVA"
"1433",1,1.56,12.5,2.6268918970842,-2.53540459339644,-46.5718896849249,-6.49087221095336,"HCC1143 R1","TBF","FLUVA"
"1434",1,1.56,50,4.23081602750172,4.43607813132947,-16.009975817078,3.72838790688689,"HCC1143 R1","TBF","FLUVA"
"1435",1,6.25,0.78,1.45561403281111,-0.73832708574789,-38.1733578584011,2.6031102096011,"HCC1143 R1","TBF","FLUVA"
"1436",1,6.25,1.56,0.23837327420947,5.05909575133125,-40.4528903610574,0.323577706944846,"HCC1143 R1","TBF","FLUVA"
"1437",1,6.25,6.25,1.21531416383925,0.152327840277906,-35.8407006575898,4.93576741041245,"HCC1143 R1","TBF","FLUVA"
"1438",1,6.25,50,2.64360194934636,2.69111491557523,-15.4787288355268,4.25963488843813,"HCC1143 R1","TBF","FLUVA"
"1439",1,25,0.78,4.54966574881279,6.6019166053962,-35.4149791977406,8.07495411957886,"HCC1143 R1","TBF","FLUVA"
"1440",1,25,1.56,0.640401524841117,1.27624433466936,-44.3012923436886,-0.811359026369175,"HCC1143 R1","TBF","FLUVA"
"1441",1,25,3.125,4.45036549042279,6.78336243219399,-38.5445068708788,4.94542644644066,"HCC1143 R1","TBF","FLUVA"
"1442",1,25,6.25,7.85696785559422,5.92275939542775,-35.4584448598675,8.03148845745194,"HCC1143 R1","TBF","FLUVA"
"1443",1,25,12.5,12.2960063884122,9.86321366344677,-29.4553539683385,14.034579348981,"HCC1143 R1","TBF","FLUVA"
"1444",1,25,25,14.4175468926296,16.7952224372064,-18.7917781932008,24.6981551241186,"HCC1143 R1","TBF","FLUVA"
"1445",1,0.39,0.78,1.92407034414074,-5.73568492737048,-4.96185402890847,-4.48286903618315,"HCC1143 R1","TBF","FLUVA"
"1446",1,0.39,1.56,0.362689904172656,-2.11449576848619,-4.42284239479598,-3.44220300992635,"HCC1143 R1","TBF","FLUVA"
"1447",1,0.39,6.25,0.751713573732153,2.17720327952645,-0.0573818333699991,0.923257551499631,"HCC1143 R1","TBF","FLUVA"
"1448",1,0.39,12.5,0.726735497631361,-2.18273028071299,-3.16336966558262,-2.18273028071299,"HCC1143 R1","TBF","FLUVA"
"1449",1,0.39,25,14.8155306869656,17.4588722586703,17.7840147396208,18.6359269932757,"HCC1143 R1","TBF","FLUVA"
"1450",1,0.39,50,5.98721060266908,5.85587598491612,6.89347032888946,6.12658768278365,"HCC1143 R1","TBF","FLUVA"
"1451",1,1.56,0.78,1.40357400490448,-2.71251667029112,-2.97658345574164,-2.49759846301632,"HCC1143 R1","TBF","FLUVA"
"1452",1,1.56,3.125,1.22295060808911,4.01571126558462,-1.75980471734908,0.277510940335148,"HCC1143 R1","TBF","FLUVA"
"1453",1,1.56,6.25,2.28341238825277,4.56547785274289,1.26079513322194,3.29811079090616,"HCC1143 R1","TBF","FLUVA"
"1454",1,1.56,12.5,4.519837403065,4.61095100864553,2.5736353509613,4.61095100864553,"HCC1143 R1","TBF","FLUVA"
"1455",1,1.56,25,18.7662283542922,15.306670642143,2.03122244425325,15.5085921656527,"HCC1143 R1","TBF","FLUVA"
"1456",1,1.56,50,7.07001314164911,6.90200692402293,7.7153296521897,6.94844700608388,"HCC1143 R1","TBF","FLUVA"
"1457",1,6.25,0.78,2.09129469077809,1.02526840360668,-0.541735661451813,2.59365994236312,"HCC1143 R1","TBF","FLUVA"
"1458",1,6.25,1.56,1.25640393550455,2.1048116968411,-2.2174748011679,0.917920802647032,"HCC1143 R1","TBF","FLUVA"
"1459",1,6.25,3.125,2.61092196502223,5.67051866124195,-7.08394459598584,2.36417974170136,"HCC1143 R1","TBF","FLUVA"
"1460",1,6.25,6.25,2.66178587496536,3.36772377812746,-16.6704461715514,2.24677126694418,"HCC1143 R1","TBF","FLUVA"
"1461",1,6.25,12.5,6.96847235499624,6.54285409328638,-28.1561851798899,6.54285409328638,"HCC1143 R1","TBF","FLUVA"
"1462",1,6.25,25,33.0800174917546,34.4319021447715,-9.23846597497187,41.242395132885,"HCC1143 R1","TBF","FLUVA"
"1463",1,6.25,50,5.93568418075857,6.40332081005889,9.66324298338833,8.89636033728252,"HCC1143 R1","TBF","FLUVA"
"1464",1,25,0.78,0.65607978949857,-0.739888193829906,0.858662854145422,-0.0853879816415883,"HCC1143 R1","TBF","FLUVA"
"1465",1,25,1.56,2.13897112517994,2.53393551956505,2.98268889747982,2.03863806169281,"HCC1143 R1","TBF","FLUVA"
"1466",1,25,3.125,4.16479107536131,6.01205520812859,5.57634883984294,4.63229800405593,"HCC1143 R1","TBF","FLUVA"
"1467",1,25,6.25,5.75296602344378,5.03070120140702,2.350606737823,4.56292026897214,"HCC1143 R1","TBF","FLUVA"
"1468",1,25,12.5,11.9961599844523,12.4719820685239,10.2596685373747,12.4719820685239,"HCC1143 R1","TBF","FLUVA"
"1469",1,25,25,14.6139445458544,14.3529408186166,14.9826912719248,17.195004803074,"HCC1143 R1","TBF","FLUVA"
"1470",1,0.39,0.78,4.64568963046026,2.7985245215129,-6.90114046808575,-8.53922174181596,"HCC1143 R2","TBF","FLUVA"
"1471",1,0.39,1.56,1.22652219008211,10.3858345383761,-7.17908981953724,-1.73460984146593,"HCC1143 R2","TBF","FLUVA"
"1472",1,0.39,3.125,0.415702549595053,12.6773109002715,-7.32835891568715,-0.509573810994453,"HCC1143 R2","TBF","FLUVA"
"1473",1,0.39,6.25,2.88007771690742,15.1411115044906,0.428486873894907,3.30450895614575,"HCC1143 R2","TBF","FLUVA"
"1474",1,0.39,12.5,3.31414381683589,6.30972570721314,-5.02731346745913,-5.09059089973233,"HCC1143 R2","TBF","FLUVA"
"1475",1,0.39,25,10.4655852544239,12.9962458535656,2.66498836563648,4.80749433806876,"HCC1143 R2","TBF","FLUVA"
"1476",1,0.39,50,4.6994951388989,5.80498515522109,3.34207258847852,3.81922997735228,"HCC1143 R2","TBF","FLUVA"
"1477",1,1.56,0.78,10.8251428616183,-2.84429304418921,0.135095891807192,-5.40457072266832,"HCC1143 R2","TBF","FLUVA"
"1478",1,1.56,1.56,8.0390491184423,8.09872885420706,4.08815333467318,-1.45151327980234,"HCC1143 R2","TBF","FLUVA"
"1479",1,1.56,3.125,7.91667452575877,6.85525262787491,0.67555296407401,-4.86411365040151,"HCC1143 R2","TBF","FLUVA"
"1480",1,1.56,6.25,10.5467066710029,7.47346574454772,5.99776832334932,0.458101708873798,"HCC1143 R2","TBF","FLUVA"
"1481",1,1.56,12.5,8.43030957276494,2.55287531831211,2.9562520548887,-0.566193123327153,"HCC1143 R2","TBF","FLUVA"
"1482",1,1.56,25,31.0549707925461,28.9519658994197,21.7265626815229,29.9207329627342,"HCC1143 R2","TBF","FLUVA"
"1483",1,1.56,50,6.09936285206706,6.39468275911153,6.15244936426603,6.6296067531398,"HCC1143 R2","TBF","FLUVA"
"1484",1,6.25,0.78,5.38187322032217,10.4792685378731,1.95720830687824,0.319127033148021,"HCC1143 R2","TBF","FLUVA"
"1485",1,6.25,1.56,6.37512683560919,17.7639529031431,1.45792891630793,6.90240889437925,"HCC1143 R2","TBF","FLUVA"
"1486",1,6.25,3.125,8.12723894589689,23.4325075796565,4.71096577033303,10.3819229977352,"HCC1143 R2","TBF","FLUVA"
"1487",1,6.25,6.25,12.8272089255729,23.6193310691119,10.1361253338496,13.0121474161005,"HCC1143 R2","TBF","FLUVA"
"1488",1,6.25,12.5,19.4396404229907,20.9841766894729,-2.28069813977451,10.7679637636401,"HCC1143 R2","TBF","FLUVA"
"1489",1,6.25,25,43.3277935278463,46.4879006753962,13.8091283835484,39.1496808729669,"HCC1143 R2","TBF","FLUVA"
"1490",1,6.25,50,5.90877246677125,6.60243897858832,4.3457785798312,4.82293596870497,"HCC1143 R2","TBF","FLUVA"
"1491",1,25,1.56,0.82118521786974,0.461095505219092,-4.77744769221852,-4.3030677372864,"HCC1143 R2","TBF","FLUVA"
"1492",1,25,3.125,1.31097073073236,2.56231637430893,-3.75830007022964,-3.28392011529752,"HCC1143 R2","TBF","FLUVA"
"1493",1,25,6.25,2.45826035140361,2.35695201265562,-1.61706062201057,-1.14268066707845,"HCC1143 R2","TBF","FLUVA"
"1494",1,25,12.5,10.8701794076744,10.9444668687739,8.91413147187455,9.38851142680667,"HCC1143 R2","TBF","FLUVA"
"1495",1,25,25,16.7259764413516,17.5859179280564,28.8546663168495,30.3376569899115,"HCC1143 R2","TBF","FLUVA"
"1496",1,0.39,0.78,4.01017868490354,15.0100887627146,5.90973643226009,7.1907582358412,"HCC1143 R2","TBF","FLUVA"
"1497",1,0.39,1.56,5.7288258344418,-5.52695419940112,-10.9290711452033,-13.0892358901561,"HCC1143 R2","TBF","FLUVA"
"1498",1,0.39,3.125,1.33330930131084,6.11449583390601,-8.74100516057363,-4.66983210142445,"HCC1143 R2","TBF","FLUVA"
"1499",1,0.39,6.25,1.03980921319447,8.24609809152636,-6.78300427947324,-2.71183122032406,"HCC1143 R2","TBF","FLUVA"
"1500",1,0.39,12.5,3.41013955017795,-2.37190759362008,-8.30534996452878,-9.97111948700376,"HCC1143 R2","TBF","FLUVA"
"1501",1,0.39,50,0.416995766758532,0.468829265014008,-0.398292042859993,-0.768515345831901,"HCC1143 R2","TBF","FLUVA"
"1502",1,1.56,0.78,2.75590149259896,1.91109449673442,-9.81790564517882,-8.53688384159771,"HCC1143 R2","TBF","FLUVA"
"1503",1,1.56,1.56,4.4804640670489,0.534787317114244,-7.40956456142534,-9.56972930637816,"HCC1143 R2","TBF","FLUVA"
"1504",1,1.56,3.125,0.46741264116023,11.9859447088643,-5.63267876182673,0.949630427333688,"HCC1143 R2","TBF","FLUVA"
"1505",1,1.56,6.25,0.0391970976124725,10.2692365984926,-7.52704461429135,-0.944735425130929,"HCC1143 R2","TBF","FLUVA"
"1506",1,1.56,12.5,3.67746673855408,5.44976464633407,-4.66971796314547,-4.7040971168437,"HCC1143 R2","TBF","FLUVA"
"1507",1,1.56,25,1.81740808611165,4.09216193888342,-9.94320595202803,-4.64046208820794,"HCC1143 R2","TBF","FLUVA"
"1508",1,1.56,50,3.43794271571574,4.29171264961226,3.00862949025469,2.63840618728278,"HCC1143 R2","TBF","FLUVA"
"1509",1,6.25,0.78,13.2276089085664,14.6469284318834,11.4802489389907,9.88300944735423,"HCC1143 R2","TBF","FLUVA"
"1510",1,6.25,1.56,9.02819604416239,2.72924491091513,3.06574015246178,0.905575407508948,"HCC1143 R2","TBF","FLUVA"
"1511",1,6.25,3.125,9.92819558668701,13.3727930716998,4.75451591241089,3.15727642077439,"HCC1143 R2","TBF","FLUVA"
"1512",1,6.25,6.25,8.15772949091018,9.50375615881862,0.721034097344064,-0.876205394292427,"HCC1143 R2","TBF","FLUVA"
"1513",1,6.25,12.5,12.8648122250147,8.60236339159806,3.54138646254937,6.76978804640463,"HCC1143 R2","TBF","FLUVA"
"1514",1,6.25,25,22.5595701110894,20.0057527597477,-8.08113536456031,18.4296832933575,"HCC1143 R2","TBF","FLUVA"
"1515",1,6.25,50,4.31236443795396,4.2388665614133,4.31070007618646,3.94047677321456,"HCC1143 R2","TBF","FLUVA"
"1516",1,25,0.78,0.197320655533197,-1.55778551058788,-3.01554760481202,-3.2551764648294,"HCC1143 R2","TBF","FLUVA"
"1517",1,25,1.56,0.493134705753839,-2.20878126782692,-4.04974770485315,-2.65798619609378,"HCC1143 R2","TBF","FLUVA"
"1518",1,25,3.125,3.53721011344979,7.08098932698071,2.04942503977458,3.44118654853394,"HCC1143 R2","TBF","FLUVA"
"1519",1,25,6.25,1.47219225371049,3.11588946348465,-1.97426677088673,-0.582505262127363,"HCC1143 R2","TBF","FLUVA"
"1520",1,25,12.5,11.0805300418836,10.6094412882728,8.58914798264992,9.98090949140929,"HCC1143 R2","TBF","FLUVA"
"1521",1,25,25,16.7452087959266,16.5854973834405,18.0987826273344,21.1219345048705,"HCC1143 R2","TBF","FLUVA"
"1522",1,0.39,0.78,3.19029425027871,10.1500854722872,-21.2608512194315,0.992779783393502,"HCC1143 R2","TBF","FLUVA"
"1523",1,0.39,1.56,3.07355762843531,6.63218830895502,-24.8089107862185,-2.55527978339352,"HCC1143 R2","TBF","FLUVA"
"1524",1,0.39,3.125,2.53846762091957,10.6260974857534,-22.2085046490344,0.0451263537906215,"HCC1143 R2","TBF","FLUVA"
"1525",1,0.39,6.25,7.08584309294579,-0.108040873256043,-23.0433421941607,-7.09611913357399,"HCC1143 R2","TBF","FLUVA"
"1526",1,0.39,12.5,6.32631726885645,5.00266314979097,-20.0198764901896,-2.12093862815885,"HCC1143 R2","TBF","FLUVA"
"1527",1,0.39,25,9.57614814178805,15.3920960992788,-4.49076999199466,8.60221119133574,"HCC1143 R2","TBF","FLUVA"
"1528",1,0.39,50,4.64731441816063,4.95295905984862,5.87589017943169,3.53113718411552,"HCC1143 R2","TBF","FLUVA"
"1529",1,1.56,0.78,3.04420668746546,11.188941075286,-22.4510588006589,1.42148014440433,"HCC1143 R2","TBF","FLUVA"
"1530",1,1.56,1.56,2.06803944914496,8.04391542850892,-25.6268259486734,-1.72608303249098,"HCC1143 R2","TBF","FLUVA"
"1531",1,1.56,3.125,2.70804964384651,11.7768984174416,-23.3141003169044,0.992779783393487,"HCC1143 R2","TBF","FLUVA"
"1532",1,1.56,6.25,6.4577965903465,9.07133735034584,-15.9303006779152,0.0169223826714813,"HCC1143 R2","TBF","FLUVA"
"1533",1,1.56,12.5,6.54704678179395,4.8527557341626,-22.2761941797203,-4.37725631768953,"HCC1143 R2","TBF","FLUVA"
"1534",1,1.56,25,15.1570698654472,18.336199952206,-3.55439815083942,9.53858303249098,"HCC1143 R2","TBF","FLUVA"
"1535",1,1.56,50,6.76184643626732,7.39278838204102,7.89529451156166,5.55054151624549,"HCC1143 R2","TBF","FLUVA"
"1536",1,6.25,0.78,5.01250854647144,8.27828552845078,-7.33937107502715,0.366651624548751,"HCC1143 R2","TBF","FLUVA"
"1537",1,6.25,1.56,5.41196534139043,9.06021135465404,-6.58350464903437,1.12251805054153,"HCC1143 R2","TBF","FLUVA"
"1538",1,6.25,3.125,6.93629170153872,13.3271069079162,-3.52055338549647,4.18546931407943,"HCC1143 R2","TBF","FLUVA"
"1539",1,6.25,6.25,6.40745529031763,3.25703811262691,-25.6610439180054,2.66809566787006,"HCC1143 R2","TBF","FLUVA"
"1540",1,6.25,12.5,11.3958726147696,9.37555618841962,-21.3458363367779,6.98330324909747,"HCC1143 R2","TBF","FLUVA"
"1541",1,6.25,25,45.911122573156,46.6148629124093,-0.289124703221852,48.6631317689531,"HCC1143 R2","TBF","FLUVA"
"1542",1,6.25,50,5.38581615564934,5.95657942645545,9.85829090145336,7.51353790613719,"HCC1143 R2","TBF","FLUVA"
"1543",1,25,0.78,5.55030389541238,7.16697970189723,-14.8935141526983,3.62703068592057,"HCC1143 R2","TBF","FLUVA"
"1544",1,25,1.56,7.53207352920045,9.5928995408149,-12.4792542249004,6.04129061371841,"HCC1143 R2","TBF","FLUVA"
"1545",1,25,3.125,9.01955786570523,10.8592498894241,-11.7515917700268,6.76895306859205,"HCC1143 R2","TBF","FLUVA"
"1546",1,25,6.25,11.5751521938286,9.03494900935841,-9.74910982056831,8.77143501805053,"HCC1143 R2","TBF","FLUVA"
"1547",1,25,12.5,15.8649253808242,14.6759755086693,-4.91494917074881,13.60559566787,"HCC1143 R2","TBF","FLUVA"
"1548",1,25,25,19.5179073765043,20.219586942661,2.61551111805986,21.1360559566787,"HCC1143 R2","TBF","FLUVA"
"1549",1,0.39,0.78,4.77766414022158,5.85152478703939,-7.1982982949811,-10.1189860320745,"HCC1143 R3","TBF","FLUVA"
"1550",1,0.39,1.56,2.02874974378451,7.86070613348522,-12.252618005276,-9.09984480082773,"HCC1143 R3","TBF","FLUVA"
"1551",1,0.39,3.125,0.563223038004967,20.663314410935,-4.53404583766083,2.99017071908955,"HCC1143 R3","TBF","FLUVA"
"1552",1,0.39,6.25,6.53682173004944,5.82695787408984,-9.003781999068,-10.3931712364201,"HCC1143 R3","TBF","FLUVA"
"1553",1,0.39,12.5,8.82897638214647,10.1719673201232,-7.67398200529458,-6.07346094154165,"HCC1143 R3","TBF","FLUVA"
"1554",1,0.39,25,19.1209751407324,24.9960944619401,9.71480068473127,11.0967408173823,"HCC1143 R3","TBF","FLUVA"
"1555",1,0.39,50,5.3870036404091,7.58169420544262,3.84391497504267,4.43869632695294,"HCC1143 R3","TBF","FLUVA"
"1556",1,1.56,0.78,6.7914026520825,7.66889826251326,-1.05758437878865,-3.97827211588206,"HCC1143 R3","TBF","FLUVA"
"1557",1,1.56,1.56,3.74662402269893,11.5983764437685,-3.92359576006126,-0.770822555613023,"HCC1143 R3","TBF","FLUVA"
"1558",1,1.56,3.125,1.94832066568406,13.4838175624229,-6.92928639637787,0.594930160372499,"HCC1143 R3","TBF","FLUVA"
"1559",1,1.56,6.25,5.61783439032285,12.0413206087319,1.60149477278923,0.212105535437146,"HCC1143 R3","TBF","FLUVA"
"1560",1,1.56,12.5,4.6443901028692,2.26153000851867,-14.0213677331973,-9.58613554061047,"HCC1143 R3","TBF","FLUVA"
"1561",1,1.56,25,39.0675468875488,42.3715595041227,19.5140834327168,32.2348680807036,"HCC1143 R3","TBF","FLUVA"
"1562",1,1.56,50,4.99648212444667,5.9548645800911,3.06791911368725,3.66270046559752,"HCC1143 R3","TBF","FLUVA"
"1563",1,6.25,0.78,2.61105398856445,-8.99650928987075,-10.7518385040199,-8.0031039834454,"HCC1143 R3","TBF","FLUVA"
"1564",1,6.25,1.56,1.32075451667257,2.45251304098582,-8.14940529762361,-1.55199172271081,"HCC1143 R3","TBF","FLUVA"
"1565",1,6.25,3.125,4.53435259356063,13.3238631239113,-7.27459579119423,4.99224004138645,"HCC1143 R3","TBF","FLUVA"
"1566",1,6.25,6.25,1.47390824065911,-4.48022033518631,-27.5942990752832,-3.98861872736678,"HCC1143 R3","TBF","FLUVA"
"1567",1,6.25,12.5,3.10478578799889,3.39715064061476,-34.0441092460954,3.7351267459907,"HCC1143 R3","TBF","FLUVA"
"1568",1,6.25,25,46.3161891476404,45.2140600440681,10.6801605686257,46.078634247284,"HCC1143 R3","TBF","FLUVA"
"1569",1,6.25,50,2.36959988229539,2.36011078849691,1.96083168482021,2.55561303673048,"HCC1143 R3","TBF","FLUVA"
"1570",1,25,12.5,0.527306504421439,0.703218449191205,-0.685331729375321,0.869115364718063,"HCC1143 R3","TBF","FLUVA"
"1571",1,25,25,14.881495999793,15.3555233268451,20.9597794966981,22.5142265907915,"HCC1143 R3","TBF","FLUVA"
"1572",1,0.39,0.78,8.089303197969,9.54909666086863,8.68111755892762,2.73686305732485,"HCC1143 R3","TBF","FLUVA"
"1573",1,0.39,1.56,3.0484990841689,3.62020264513778,-8.02369932005327,-5.99621815286622,"HCC1143 R3","TBF","FLUVA"
"1574",1,0.39,3.125,5.66095924901548,5.56928257104752,-0.489861740435435,-1.57742834394905,"HCC1143 R3","TBF","FLUVA"
"1575",1,0.39,6.25,3.51127778835397,5.67628488351455,-4.97831715444818,-2.95083598726113,"HCC1143 R3","TBF","FLUVA"
"1576",1,0.39,12.5,2.59006816513857,3.56383309160617,-9.05873116718702,-7.03124999999997,"HCC1143 R3","TBF","FLUVA"
"1577",1,0.39,25,0.773850488256381,-2.7493845623808,-17.8195224461426,-9.14112261146497,"HCC1143 R3","TBF","FLUVA"
"1578",1,0.39,50,2.13847633902752,2.38625497294515,1.24185171938156,1.24402866242038,"HCC1143 R3","TBF","FLUVA"
"1579",1,1.56,0.78,6.33478575737163,-3.91451694683984,-8.25260059393861,-14.1968550955414,"HCC1143 R3","TBF","FLUVA"
"1580",1,1.56,1.56,1.29432781591015,9.94697189160821,-5.52071365126347,-1.38335987261146,"HCC1143 R3","TBF","FLUVA"
"1581",1,1.56,3.125,3.90644739627929,-0.0557579391215164,-9.75538721814246,-10.8429538216561,"HCC1143 R3","TBF","FLUVA"
"1582",1,1.56,6.25,1.75677250057378,5.8549391860154,-8.59097639011697,-5.37917993630575,"HCC1143 R3","TBF","FLUVA"
"1583",1,1.56,12.5,0.838040205630527,8.5144827915179,-7.96398594425711,-2.91102707006372,"HCC1143 R3","TBF","FLUVA"
"1584",1,1.56,25,2.00160887895847,2.95974698636038,-43.3045047653553,-6.68789808917198,"HCC1143 R3","TBF","FLUVA"
"1585",1,1.56,50,3.54124451420564,4.15241241919361,2.41433821907775,2.42834394904459,"HCC1143 R3","TBF","FLUVA"
"1586",1,6.25,0.78,5.6698323861428,3.95737056476051,4.16444720867113,3.62758757961784,"HCC1143 R3","TBF","FLUVA"
"1587",1,6.25,1.56,4.58641542281939,8.28039344268534,-3.43021520107465,-0.746417197452217,"HCC1143 R3","TBF","FLUVA"
"1588",1,6.25,3.125,3.83844772579943,1.54024268305129,-8.53295562566178,-2.24422770700636,"HCC1143 R3","TBF","FLUVA"
"1589",1,6.25,6.25,2.65426348081391,3.48530922986861,-22.6176084227674,-4.61285828025477,"HCC1143 R3","TBF","FLUVA"
"1590",1,6.25,12.5,4.97518708683605,9.89570721365473,-43.2890206942403,-0.049761146496806,"HCC1143 R3","TBF","FLUVA"
"1591",1,6.25,25,15.6551926821917,15.6557642048264,-31.1838263629062,15.3463375796178,"HCC1143 R3","TBF","FLUVA"
"1592",1,6.25,50,3.92611968866399,4.32480200729175,4.23293377067667,4.26950636942675,"HCC1143 R3","TBF","FLUVA"
"1593",1,25,0.78,2.20803515612322,-0.726204207859588,0.201084459801137,-0.218949044585983,"HCC1143 R3","TBF","FLUVA"
"1594",1,25,3.125,3.04315887010091,2.49524763222519,1.15152235789031,0.731488853503187,"HCC1143 R3","TBF","FLUVA"
"1595",1,25,6.25,6.8009050338556,8.05362316216555,4.69949210311324,4.27945859872612,"HCC1143 R3","TBF","FLUVA"
"1596",1,25,12.5,20.710415937653,23.4249111430737,18.3086099428263,18.7898089171975,"HCC1143 R3","TBF","FLUVA"
"1597",1,25,25,25.2505811030929,24.4840269790198,27.3651386052467,27.8463375796178,"HCC1143 R3","TBF","FLUVA"
"1598",1,0.39,6.25,1.59987648029147,-4.41489864625767,-12.6706973138087,-3.49078102340998,"HCC1143 R3","TBF","FLUVA"
"1599",1,0.39,12.5,2.04998544125204,-5.17821320399732,-12.0543724743639,-4.2676610731303,"HCC1143 R3","TBF","FLUVA"
"1600",1,0.39,25,7.60049117586374,17.1202560316815,12.0289090669661,18.0132587528486,"HCC1143 R3","TBF","FLUVA"
"1601",1,0.39,50,8.87353212902023,8.67257363745613,-0.328403298148643,8.92376217112077,"HCC1143 R3","TBF","FLUVA"
"1602",1,1.56,6.25,1.1694044822924,-4.62583303365431,-12.7587437194437,-3.57882742904495,"HCC1143 R3","TBF","FLUVA"
"1603",1,1.56,12.5,2.03428447188175,-3.31566353700048,-10.0707387474113,-2.28402734617774,"HCC1143 R3","TBF","FLUVA"
"1604",1,1.56,25,6.28920281327349,6.28574018401514,1.31314358115712,7.29749326703957,"HCC1143 R3","TBF","FLUVA"
"1605",1,1.56,50,11.2055676946046,11.0112446587283,2.04367045366408,11.2958359229335,"HCC1143 R3","TBF","FLUVA"
"1606",1,6.25,3.125,1.76635548024638,6.47047438427814,2.27647484281031,5.26206753677232,"HCC1143 R3","TBF","FLUVA"
"1607",1,6.25,6.25,1.68011679760546,0.310421815019261,1.84142201496693,4.82701470892894,"HCC1143 R3","TBF","FLUVA"
"1608",1,6.25,12.5,4.36091389256347,0.0170612107873787,-11.0526632051039,5.76962916925626,"HCC1143 R3","TBF","FLUVA"
"1609",1,6.25,25,44.2127294901669,45.7611748516487,22.4537073444545,53.1126993992128,"HCC1143 R3","TBF","FLUVA"
"1610",1,6.25,50,9.79578474465806,10.1816364440424,-9.99584671171436,13.0930184379532,"HCC1143 R3","TBF","FLUVA"
"1611",1,25,12.5,2.90462907654803,1.550156011205,-11.7588984297003,3.6202610316967,"HCC1143 R3","TBF","FLUVA"
"1612",1,25,25,10.1859873060875,10.3283952066978,-2.40526263106764,12.9738968303294,"HCC1143 R3","TBF","FLUVA"
"1613",1,6.25,0.78,1.07055825600608,1.46860715198954,2.12169299383714,1.45792675926988,"HCC1395 R1","TBF","FLUVA"
"1614",1,6.25,25,0.0270612794139282,0.2193369611321,0.78621677602824,0.122450541460978,"HCC1395 R1","TBF","FLUVA"
"1615",1,6.25,50,0.0696339110855035,-0.26654798691591,0.809176252552177,0.145410017984915,"HCC1395 R1","TBF","FLUVA"
"1616",1,0.39,6.25,0.854156532672576,1.71686542722363,1.11103344106384,1.89845650699955,"HCC1395 R1","TBF","FLUVA"
"1617",1,0.39,12.5,0.426425436628047,0.565979772359481,-1.18688088093026,0.530451082838113,"HCC1395 R1","TBF","FLUVA"
"1618",1,0.39,25,2.10458167677997,2.05274709442573,1.37364239111537,3.06305587683964,"HCC1395 R1","TBF","FLUVA"
"1619",1,0.39,50,13.4283228561775,13.4622134094722,13.825283598789,14.4617716268496,"HCC1395 R1","TBF","FLUVA"
"1620",1,1.56,50,7.09606811241903,7.08336443609468,7.65947651488432,7.50209388585331,"HCC1395 R1","TBF","FLUVA"
"1621",1,6.25,12.5,0.230089017333455,0.960417532704938,-0.00226620994551752,0.957204961512375,"HCC1395 R1","TBF","FLUVA"
"1622",1,6.25,25,0.813669169849987,1.36984745101874,0.504270617806185,1.46372592031268,"HCC1395 R1","TBF","FLUVA"
"1623",1,6.25,50,2.17650608235071,3.37348623668471,2.60213004347716,3.56160012762733,"HCC1395 R1","TBF","FLUVA"
"1624",1,25,0.78,0.475500426347395,-0.705987175366815,0.245049903359643,-0.685996889083881,"HCC1395 R1","TBF","FLUVA"
"1625",1,25,1.56,0.435394024328872,-0.418404311339259,0.544171602906047,-0.38687033861126,"HCC1395 R1","TBF","FLUVA"
"1626",1,25,3.125,0.188045024257235,-0.675158040376701,0.257002458877722,-0.67403182706498,"HCC1395 R1","TBF","FLUVA"
"1627",1,25,6.25,0.609646874490593,0.0269320869783058,0.970908036543477,0.0398835400630162,"HCC1395 R1","TBF","FLUVA"
"1628",1,25,12.5,1.05642114350964,0.485124814713856,1.41360637159505,0.48259083476249,"HCC1395 R1","TBF","FLUVA"
"1629",1,25,25,1.28522444632949,0.564088115763028,1.56914712907584,0.638136641008245,"HCC1395 R1","TBF","FLUVA"
"1630",1,25,50,1.7672037903576,0.653280551448248,1.73266807558609,0.80165915526662,"HCC1395 R1","TBF","FLUVA"
"1631",1,0.39,25,1.44002928381492,1.67375067508363,1.82401027909025,1.8596303650527,"HCC1395 R1","TBF","FLUVA"
"1632",1,0.39,50,4.65222819376312,4.25361817870427,5.3370696956169,4.9030090117611,"HCC1395 R1","TBF","FLUVA"
"1633",1,6.25,0.78,0.942725960218979,2.5285926154059,0.994490656378943,2.63861310523905,"HCC1395 R1","TBF","FLUVA"
"1634",1,6.25,3.125,0.584544087749308,2.19815130383728,0.74834853287814,2.4247747059722,"HCC1395 R1","TBF","FLUVA"
"1635",1,6.25,50,0.919839510805929,3.49149969732784,2.07816003016133,3.76890178707805,"HCC1395 R1","TBF","FLUVA"
"1636",1,25,0.78,0.930861880769044,2.10034743898899,3.79672122264392,2.19566213532916,"HCC1395 R1","TBF","FLUVA"
"1637",1,25,3.125,0.572643619185598,0.781214986726738,2.57853815376743,0.977546968076979,"HCC1395 R1","TBF","FLUVA"
"1638",1,25,25,0.558375797614275,0.410669934908498,2.05143595510256,0.450588055597976,"HCC1395 R1","TBF","FLUVA"
"1639",1,25,50,2.28380556468785,1.63076261392375,3.4719217830705,1.87108599358484,"HCC1395 R1","TBF","FLUVA"
"1640",1,0.39,6.25,0.0782883531424745,0.178250424912624,-0.771394857622428,0.0954691912963881,"HCC1395 R2","TBF","FLUVA"
"1641",1,0.39,12.5,0.0141631968443283,0.117791952119162,-1.84924099746348,-0.0517124786188816,"HCC1395 R2","TBF","FLUVA"
"1642",1,0.39,25,2.13014114925697,2.13011621809407,0.983011677662817,2.78054019650742,"HCC1395 R2","TBF","FLUVA"
"1643",1,0.39,50,8.9448617276025,8.95372166333371,9.28485343747823,9.83730458649906,"HCC1395 R2","TBF","FLUVA"
"1644",1,1.56,50,1.49456391275292,3.39138060785707,3.95203092285956,3.79887823700227,"HCC1395 R2","TBF","FLUVA"
"1645",1,6.25,25,0.120206191471638,0.251259506946852,-0.123377379522054,0.306296988742588,"HCC1395 R2","TBF","FLUVA"
"1646",1,6.25,50,1.54534772939434,2.00373508320985,1.75418399936379,2.18385775090498,"HCC1395 R2","TBF","FLUVA"
"1647",1,25,0.78,0.107641333538069,-0.316951936342505,0.111341721801168,-0.298341222801227,"HCC1395 R2","TBF","FLUVA"
"1648",1,25,3.125,0.0204429132294734,-0.0723535122363899,0.330117233297884,-0.079557659413652,"HCC1395 R2","TBF","FLUVA"
"1649",1,25,12.5,0.269410430326644,0.442518791193024,0.83927443476756,0.429611360833761,"HCC1395 R2","TBF","FLUVA"
"1650",1,25,25,0.795009854919428,0.634667359113777,1.09385588141545,0.684195870957481,"HCC1395 R2","TBF","FLUVA"
"1651",1,25,50,1.53312844547006,1.086961941306,1.65871435120117,1.24905525279446,"HCC1395 R2","TBF","FLUVA"
"1652",1,0.39,12.5,0.113082006614366,-0.470892379108983,-1.88388818173669,0.332992772543236,"HCC1395 R2","TBF","FLUVA"
"1653",1,0.39,25,1.80795496082577,1.97594933161985,-3.37954519499379,2.36122147803383,"HCC1395 R2","TBF","FLUVA"
"1654",1,0.39,50,13.7281120708389,13.8697727858874,3.61513994601009,15.9155409240549,"HCC1395 R2","TBF","FLUVA"
"1655",1,6.25,50,1.60907136339659,3.78550064659127,2.32947693835311,4.16619366556931,"HCC1395 R2","TBF","FLUVA"
"1656",1,25,0.78,0.991537713439214,-0.148598985533695,1.55070389495464,-0.124872289703717,"HCC1395 R2","TBF","FLUVA"
"1657",1,25,1.56,0.75383831517054,0.249466939379332,1.90632076633707,0.230824535512909,"HCC1395 R2","TBF","FLUVA"
"1658",1,25,3.125,0.211899698572239,-0.749715849606801,0.933699247526761,-0.741665720664486,"HCC1395 R2","TBF","FLUVA"
"1659",1,25,12.5,0.525980844148847,0.172939668181854,1.93987767240034,0.264880614523022,"HCC1395 R2","TBF","FLUVA"
"1660",1,25,50,1.6626277927047,0.202116499333698,2.16673497193672,0.491921141257038,"HCC1395 R2","TBF","FLUVA"
"1661",1,0.39,50,0.417917909874234,10.3028235470515,3.53348034903469,13.5000189128872,"HCC1395 R3","TBF","FLUVA"
"1662",1,0.39,1.56,0.967809138370429,1.54795896564417,2.14655455465843,2.1073401736385,"HCC1395 R3","TBF","FLUVA"
"1663",1,0.39,3.125,0.125218763845522,-0.223147981453807,-0.461423407342544,0.426203630623519,"HCC1395 R3","TBF","FLUVA"
"1664",1,0.39,12.5,2.88698959171451,3.03420910502718,1.16106429758623,2.97553275453828,"HCC1395 R3","TBF","FLUVA"
"1665",1,0.39,25,7.00082751206487,7.29526739421996,6.2044739266312,8.01894238358325,"HCC1395 R3","TBF","FLUVA"
"1666",1,0.39,50,5.05676114721908,4.74986964963942,4.99689697319791,5.60773480662985,"HCC1395 R3","TBF","FLUVA"
"1667",1,1.56,50,0.585892363613624,1.52033668080949,2.26224600760504,1.85872138910813,"HCC1395 R3","TBF","FLUVA"
"1668",1,6.25,12.5,0.0112185947149044,-0.235969971762088,0.0572527340241038,-0.240726124704025,"HCC1395 R3","TBF","FLUVA"
"1669",1,6.25,25,0.165152150712316,0.0360526982991729,0.392657161560336,0.094711917916328,"HCC1395 R3","TBF","FLUVA"
"1670",1,6.25,50,0.748082327038261,1.24568660222552,1.71072863895837,1.4127861089187,"HCC1395 R3","TBF","FLUVA"
"1671",1,25,12.5,0.685908160964431,1.13771025030384,0.826751741450579,1.13259668508287,"HCC1395 R3","TBF","FLUVA"
"1672",1,25,25,1.21473665582587,1.56676694975174,1.32398842998725,1.62983425414365,"HCC1395 R3","TBF","FLUVA"
"1673",1,25,50,2.16209024325002,2.77614451354243,2.64995504135808,2.95580110497238,"HCC1395 R3","TBF","FLUVA"
"1674",1,0.39,0.78,0.414197158498452,0.22585047394033,-0.0100775588540749,-0.0809716599190295,"HCC1395 R3","TBF","FLUVA"
"1675",1,0.39,1.56,0.391077143047159,0.497847367896973,-0.0679144587962348,-0.138808559861189,"HCC1395 R3","TBF","FLUVA"
"1676",1,0.39,3.125,0.304008257678463,0.270704344613811,-1.12475616719869,-0.300751879699234,"HCC1395 R3","TBF","FLUVA"
"1677",1,0.39,6.25,0.338703532093382,0.343430984811749,-1.15174672050505,-0.327742433005596,"HCC1395 R3","TBF","FLUVA"
"1678",1,0.39,12.5,0.915203481834934,0.815561170131826,-1.25235168319707,0.4665509928668,"HCC1395 R3","TBF","FLUVA"
"1679",1,0.39,25,2.45392000130802,2.45355525219152,-0.643490673265253,1.97031039136303,"HCC1395 R3","TBF","FLUVA"
"1680",1,0.39,50,14.4567403573049,14.4804954058858,12.0648498045671,15.0067476383266,"HCC1395 R3","TBF","FLUVA"
"1681",1,6.25,0.78,0.0209384942592408,0.736802930343458,-0.0756488458009272,0.69789859263544,"HCC1395 R3","TBF","FLUVA"
"1682",1,6.25,50,0.024160720576262,2.67613242743376,2.04118196610524,2.8147291305186,"HCC1395 R3","TBF","FLUVA"
"1683",1,25,0.78,1.96750643668838,2.75637262395657,3.47940557369736,2.72219009061115,"HCC1395 R3","TBF","FLUVA"
"1684",1,25,1.56,0.0568896988696395,-0.168130429735854,0.518154519585039,-0.239059186427596,"HCC1395 R3","TBF","FLUVA"
"1685",1,25,3.125,0.109835602811629,-0.314202777932948,0.379343200594633,-0.377867746288786,"HCC1395 R3","TBF","FLUVA"
"1686",1,25,50,1.49968992975437,1.6364664831987,2.51544433769546,1.75824175824177,"HCC1395 R3","TBF","FLUVA"
"1687",1,0.39,12.5,0.160675990316154,-1.71252807561892,-20.2367147112704,-0.758455227923548,"HCC1419 R1","TBF","FLUVA"
"1688",1,1.56,25,0.317943281293409,0.730695492730764,-15.4654121805066,3.02221190310347,"HCC1419 R1","TBF","FLUVA"
"1689",1,1.56,50,28.3912330808743,28.3595456499443,25.8974854280377,30.6671310270103,"HCC1419 R1","TBF","FLUVA"
"1690",1,6.25,3.125,0.12383751312959,-0.03149703153729,-7.33910616704011,-0.0348270257719889,"HCC1419 R1","TBF","FLUVA"
"1691",1,6.25,6.25,0.344636612562086,-1.05452492847939,-8.41874396597208,-1.11446482470396,"HCC1419 R1","TBF","FLUVA"
"1692",1,6.25,12.5,8.68923116451245,8.97714574553091,3.19800396375472,10.5022831050228,"HCC1419 R1","TBF","FLUVA"
"1693",1,6.25,25,22.5197178638197,22.5057383326768,17.2294256803401,24.5337048216082,"HCC1419 R1","TBF","FLUVA"
"1694",1,6.25,50,49.63231956647,46.8228946983707,32.5798301425335,58.4707066016562,"HCC1419 R1","TBF","FLUVA"
"1695",1,25,12.5,1.32226746355784,1.03517747928882,-16.2836361439768,1.62526120269328,"HCC1419 R1","TBF","FLUVA"
"1696",1,25,25,11.2895244627314,11.3893493648881,-5.73491700459132,12.1739803420788,"HCC1419 R1","TBF","FLUVA"
"1697",1,25,50,11.3162502412226,14.1590489342398,-40.5050468620327,19.6463122049377,"HCC1419 R1","TBF","FLUVA"
"1698",1,0.39,0.78,0.529811103457446,8.08267352734806,2.70405978171709,5.47976878612717,"HCC1419 R1","TBF","FLUVA"
"1699",1,1.56,0.78,3.12435180197562,-1.74784643656655,-2.20698667063124,-3.921387283237,"HCC1419 R1","TBF","FLUVA"
"1700",1,1.56,6.25,0.589086552193766,-3.22671388953855,-7.28908354383391,-6.0393063583815,"HCC1419 R1","TBF","FLUVA"
"1701",1,1.56,12.5,5.3825127688438,5.35505335961776,-0.921469434377649,3.29248554913295,"HCC1419 R1","TBF","FLUVA"
"1702",1,1.56,25,16.601605407572,15.204927929433,-0.0537051756198679,15.0289017341041,"HCC1419 R1","TBF","FLUVA"
"1703",1,1.56,50,28.7280553981755,27.6652012429416,33.5616399730644,37.8635838150289,"HCC1419 R1","TBF","FLUVA"
"1704",1,6.25,0.78,2.7981473804336,5.28879029703631,2.61443912347688,3.79190751445086,"HCC1419 R1","TBF","FLUVA"
"1705",1,6.25,1.56,6.31109982093861,8.21291670286345,6.86415010613585,8.04161849710983,"HCC1419 R1","TBF","FLUVA"
"1706",1,6.25,3.125,4.65440762451811,4.72677368438639,-0.103099911328627,2.06242774566474,"HCC1419 R1","TBF","FLUVA"
"1707",1,6.25,6.25,10.8438843207982,12.1936348023656,8.09111974185056,10.2566473988439,"HCC1419 R1","TBF","FLUVA"
"1708",1,6.25,12.5,17.3004768408926,16.5140990477463,11.9400546954844,15.0936416184971,"HCC1419 R1","TBF","FLUVA"
"1709",1,6.25,25,30.2283616301315,31.3628449196432,28.0880315740971,31.2416184971098,"HCC1419 R1","TBF","FLUVA"
"1710",1,6.25,50,21.2240505957697,21.0898944034214,41.230228105889,44.3838150289017,"HCC1419 R1","TBF","FLUVA"
"1711",1,25,0.78,1.5481458615879,1.89737215409804,1.18691401560403,1.23468208092486,"HCC1419 R1","TBF","FLUVA"
"1712",1,25,1.56,2.09904100969999,2.60994005813757,2.48633598092194,2.53410404624276,"HCC1419 R1","TBF","FLUVA"
"1713",1,25,3.125,0.68171314244843,0.439657268869652,-0.787652458384414,-0.73988439306359,"HCC1419 R1","TBF","FLUVA"
"1714",1,25,6.25,2.82758590900892,3.18816612649938,2.28286777282946,2.33063583815029,"HCC1419 R1","TBF","FLUVA"
"1715",1,25,12.5,4.76037504462006,4.61035843496275,3.93373482485258,3.9815028901734,"HCC1419 R1","TBF","FLUVA"
"1716",1,25,25,8.75418733262606,9.3114720304721,9.21003540288726,9.25780346820808,"HCC1419 R1","TBF","FLUVA"
"1717",1,25,50,3.30748967513243,3.41232458150957,13.6770874260087,13.7248554913295,"HCC1419 R1","TBF","FLUVA"
"1718",1,0.39,50,14.4235075015982,17.7041130536937,15.1978710868668,18.8370661125221,"HCC1419 R1 ","TBF","FLUVA"
"1719",1,1.56,1.56,1.14316424016779,-0.426000362082135,2.15705290101052,-0.350188563072415,"HCC1419 R1 ","TBF","FLUVA"
"1720",1,1.56,3.125,1.84600496105569,-0.260189596196547,2.63808114698913,0.130839682906192,"HCC1419 R1 ","TBF","FLUVA"
"1721",1,1.56,6.25,2.6939083018033,1.07136737494226,3.53471779749324,1.02747633341031,"HCC1419 R1 ","TBF","FLUVA"
"1722",1,1.56,12.5,6.92035043858141,5.23869459005537,7.60229264548832,5.09505118140538,"HCC1419 R1 ","TBF","FLUVA"
"1723",1,1.56,25,17.6840165204237,15.8244193427446,17.9925027586262,15.4852612945432,"HCC1419 R1 ","TBF","FLUVA"
"1724",1,1.56,50,39.6268683849323,37.4430526679052,40.5508033820388,38.0435619179558,"HCC1419 R1 ","TBF","FLUVA"
"1725",1,6.25,6.25,1.19327269250419,3.57959977371851,-1.90312990293499,3.55960902024168,"HCC1419 R1 ","TBF","FLUVA"
"1726",1,6.25,12.5,5.11591670126043,8.54691431720077,3.01875110991809,8.48149003309476,"HCC1419 R1 ","TBF","FLUVA"
"1727",1,6.25,25,9.71175486604893,14.3852136331702,3.68043026596115,14.230739629031,"HCC1419 R1 ","TBF","FLUVA"
"1728",1,6.25,50,13.0424987339742,17.9632330071532,7.46281561233599,18.2367428615408,"HCC1419 R1 ","TBF","FLUVA"
"1729",1,25,0.78,1.77269880331572,-0.251221360815507,3.54091478257423,-0.250134687908869,"HCC1419 R1 ","TBF","FLUVA"
"1730",1,25,1.56,1.9231366709497,0.678916150725101,4.45852106503094,0.6926806742092,"HCC1419 R1 ","TBF","FLUVA"
"1731",1,25,3.125,2.37610450547228,0.675559874525035,4.46758364248269,0.746555837758805,"HCC1419 R1 ","TBF","FLUVA"
"1732",1,25,6.25,3.26057041319822,1.50108061016628,5.14275613373611,1.4931116755176,"HCC1419 R1 ","TBF","FLUVA"
"1733",1,25,12.5,4.55192932270148,2.13105975416171,5.65886993594481,2.10497960440237,"HCC1419 R1 ","TBF","FLUVA"
"1734",1,25,25,6.80280003295779,3.69815167097447,7.09070749316537,3.63657353959825,"HCC1419 R1 ","TBF","FLUVA"
"1735",1,25,50,8.00910246932625,4.21252824690565,7.69947774484785,4.32155776187179,"HCC1419 R1 ","TBF","FLUVA"
"1736",1,0.39,12.5,0.233178834274282,-0.6162524207845,-1.52411922008977,-0.30149966717569,"HCC1419 R2","TBF","FLUVA"
"1737",1,1.56,25,2.08807345846334,2.07219278239231,-2.92375234826129,2.36892595638044,"HCC1419 R2","TBF","FLUVA"
"1738",1,1.56,50,37.007868675848,36.9354255437313,27.4042186805837,39.422060378245,"HCC1419 R2","TBF","FLUVA"
"1739",1,6.25,25,20.2393910336047,20.2921665763848,8.594486761292,20.5528799091585,"HCC1419 R2","TBF","FLUVA"
"1740",1,6.25,50,46.6350371037811,44.9399728417057,23.1636776118379,55.632561964055,"HCC1419 R2","TBF","FLUVA"
"1741",1,25,0.78,0.0225235338187488,0.00455905437375037,-0.273896467317009,0,"HCC1419 R2","TBF","FLUVA"
"1742",1,25,12.5,3.04664356289583,2.93945030747329,-3.19277467164657,3.2342691569756,"HCC1419 R2","TBF","FLUVA"
"1743",1,25,25,12.5717915986383,12.470054585891,0.00839880968109696,12.5885899996084,"HCC1419 R2","TBF","FLUVA"
"1744",1,25,50,9.28850028131419,11.0671081718947,-0.753709611697275,15.9285798191002,"HCC1419 R2","TBF","FLUVA"
"1745",1,0.39,0.78,2.94259878537168,9.56210461512628,0.850074666600336,3.47476390583346,"HCC1419 R2","TBF","FLUVA"
"1746",1,0.39,1.56,2.84763335574116,1.88964434260875,-4.54959096080015,-1.95653156206227,"HCC1419 R2","TBF","FLUVA"
"1747",1,0.39,3.125,1.8614545157758,4.21548819024504,-4.4637385365988,-1.83904929736568,"HCC1419 R2","TBF","FLUVA"
"1748",1,0.39,6.25,1.76953289659331,4.62267514613533,-4.32366352869134,-1.69897428945822,"HCC1419 R2","TBF","FLUVA"
"1749",1,0.39,12.5,2.80548665563795,3.0019586645555,-5.6818233660342,-2.22312593195065,"HCC1419 R2","TBF","FLUVA"
"1750",1,0.39,25,2.246759700747,2.41336518045453,-12.3797488534765,-1.37363878722155,"HCC1419 R2","TBF","FLUVA"
"1751",1,0.39,50,6.8647266632618,8.05869909724846,4.82758062957569,6.02774388866297,"HCC1419 R2","TBF","FLUVA"
"1752",1,1.56,0.78,6.0147776544281,7.2148628436119,2.11902237605246,1.74415977587998,"HCC1419 R2","TBF","FLUVA"
"1753",1,1.56,1.56,4.33022005635556,3.99295737714172,0.105672985594051,0.564818580272004,"HCC1419 R2","TBF","FLUVA"
"1754",1,1.56,3.125,4.30545062636615,4.90351547024897,-1.83086107794734,-0.537707288418957,"HCC1419 R2","TBF","FLUVA"
"1755",1,1.56,6.25,5.53910262511462,6.17379850590048,-2.46864837723205,0.492521801997199,"HCC1419 R2","TBF","FLUVA"
"1756",1,1.56,12.5,11.0049491490712,12.3276207432568,-1.1673988865468,7.63182865663549,"HCC1419 R2","TBF","FLUVA"
"1757",1,1.56,25,24.8063427745134,24.981568451956,-3.2733201085853,23.0400795264561,"HCC1419 R2","TBF","FLUVA"
"1758",1,1.56,50,23.4872341721309,23.3726858269259,24.2250380097,27.0932176584881,"HCC1419 R2","TBF","FLUVA"
"1759",1,6.25,3.125,0.0927332102939786,-1.36938137561398,-5.45086616816073,-4.4101034747639,"HCC1419 R2","TBF","FLUVA"
"1760",1,6.25,6.25,1.85304248225039,1.71086184345911,-2.50477245346189,-1.46400976006506,"HCC1419 R2","TBF","FLUVA"
"1761",1,6.25,12.5,8.6087037231084,9.14893682486902,5.48402154590551,6.52478423930233,"HCC1419 R2","TBF","FLUVA"
"1762",1,6.25,25,26.6036796215788,25.6477939542472,23.5220677254726,24.5628304188695,"HCC1419 R2","TBF","FLUVA"
"1763",1,6.25,50,14.2880855256899,14.1279480531102,8.1827642881525,37.6982513216755,"HCC1419 R2","TBF","FLUVA"
"1764",1,25,0.78,0.345326744467471,-0.221951574817723,-1.59114433757394,-1.69445574081605,"HCC1419 R2","TBF","FLUVA"
"1765",1,25,1.56,2.58971471475463,3.85074345478959,3.03133092337225,2.92801952013014,"HCC1419 R2","TBF","FLUVA"
"1766",1,25,3.125,1.95322808214938,2.98280153735844,1.62154374701331,1.51823234377119,"HCC1419 R2","TBF","FLUVA"
"1767",1,25,6.25,0.773865431653306,0.0606542316559455,-1.36521690546512,-1.46852830870723,"HCC1419 R2","TBF","FLUVA"
"1768",1,25,12.5,5.1579581503825,5.8773659119976,2.91880364611741,4.61343816366184,"HCC1419 R2","TBF","FLUVA"
"1769",1,25,25,9.58782025552163,9.98441546836057,7.12349736060854,9.46184085671682,"HCC1419 R2","TBF","FLUVA"
"1770",1,25,50,2.32292574737832,2.5780070785532,11.1122403348519,13.930685463829,"HCC1419 R2","TBF","FLUVA"
"1771",1,0.39,25,0.91566250915863,3.90794780114921,0.507962332125486,4.97666590161427,"HCC1419 R2 ","TBF","FLUVA"
"1772",1,0.39,50,14.9132550075025,17.8537741540597,14.6624126873539,19.1033585800627,"HCC1419 R2 ","TBF","FLUVA"
"1773",1,1.56,1.56,0.565561534816226,-0.719704277365196,0.920404353357711,-0.577614566597802,"HCC1419 R2 ","TBF","FLUVA"
"1774",1,1.56,3.125,0.812460809782699,-0.603908816686683,1.01221064208848,-0.485808277867037,"HCC1419 R2 ","TBF","FLUVA"
"1775",1,1.56,6.25,1.45600729554239,-0.253807203902255,1.57452416056449,0.0765052406089808,"HCC1419 R2 ","TBF","FLUVA"
"1776",1,1.56,12.5,5.96431893974366,4.66992223360231,6.62004477872684,5.12202585877133,"HCC1419 R2 ","TBF","FLUVA"
"1777",1,1.56,25,15.5180144231284,13.8072057459691,15.8274504860178,14.3294315660623,"HCC1419 R2 ","TBF","FLUVA"
"1778",1,1.56,50,33.8912668046608,32.1019823344243,34.6592154619186,33.1611965419631,"HCC1419 R2 ","TBF","FLUVA"
"1779",1,6.25,6.25,0.456465019321456,4.05854858092435,-2.11979598671888,4.22308928161578,"HCC1419 R2 ","TBF","FLUVA"
"1780",1,6.25,12.5,4.18651103357786,9.76254982256737,0.424697266956954,9.98775916150257,"HCC1419 R2 ","TBF","FLUVA"
"1781",1,6.25,25,7.71898001852493,13.15505417377,3.62912798379159,13.4151939407849,"HCC1419 R2 ","TBF","FLUVA"
"1782",1,6.25,50,10.6572866383216,17.21010672683,7.86838519050976,17.7377400351924,"HCC1419 R2 ","TBF","FLUVA"
"1783",1,25,0.78,2.52678771521333,-0.211372724383921,5.39324179800685,-0.175962053400653,"HCC1419 R2 ","TBF","FLUVA"
"1784",1,25,1.56,3.53989080992719,0.681950629730153,6.26630177922323,0.707673475633086,"HCC1419 R2 ","TBF","FLUVA"
"1785",1,25,3.125,3.62813237050491,0.954061790001035,6.5155029153685,0.975441817764519,"HCC1419 R2 ","TBF","FLUVA"
"1786",1,25,6.25,4.68690944382637,1.89491163240849,7.46586580033203,1.95470889755948,"HCC1419 R2 ","TBF","FLUVA"
"1787",1,25,12.5,5.55956866704763,0.996878473804543,6.55263117549394,1.07872389258664,"HCC1419 R2 ","TBF","FLUVA"
"1788",1,25,25,6.87144120348552,2.09351007115023,7.625570529048,2.18804988141687,"HCC1419 R2 ","TBF","FLUVA"
"1789",1,25,50,8.19824135124308,2.89905959659912,8.50302388045812,3.09081172060286,"HCC1419 R2 ","TBF","FLUVA"
"1790",1,0.39,1.56,0.091788582041546,1.89808379737544,-1.80803414956401,0.191113234591498,"HCC1419 R3","TBF","FLUVA"
"1791",1,0.39,25,0.609337128272598,1.73621470750619,-3.0958674316008,0.0437967829272168,"HCC1419 R3","TBF","FLUVA"
"1792",1,1.56,1.56,1.12914366535671,1.39657325255279,0.256577225191655,0.545469023729865,"HCC1419 R3","TBF","FLUVA"
"1793",1,1.56,3.125,0.166601348836237,-1.68541553748975,-2.56234298503289,-2.27345118649468,"HCC1419 R3","TBF","FLUVA"
"1794",1,1.56,6.25,0.756052188555294,-0.0626657526468661,-1.40770052604261,-1.1188087275044,"HCC1419 R3","TBF","FLUVA"
"1795",1,1.56,12.5,0.576853618605036,-0.290823219218089,-3.81434253558377,-1.52492435101132,"HCC1419 R3","TBF","FLUVA"
"1796",1,1.56,25,4.42722271629905,3.83375778845149,-6.47324056260018,3.81828316610924,"HCC1419 R3","TBF","FLUVA"
"1797",1,1.56,50,32.0259483265741,31.5515089456177,35.2043313613455,33.6876891224717,"HCC1419 R3","TBF","FLUVA"
"1798",1,6.25,0.78,0.00445395015305827,-1.29491562399391,-2.82000042530268,-1.62048096830706,"HCC1419 R3","TBF","FLUVA"
"1799",1,6.25,1.56,0.632784462571223,-0.67144541063816,-2.62490566499052,-1.4253862079949,"HCC1419 R3","TBF","FLUVA"
"1800",1,6.25,3.125,8.63032444911253,13.8152189321719,12.0947949242753,13.2943143812709,"HCC1419 R3","TBF","FLUVA"
"1801",1,6.25,6.25,6.56825458181988,6.60526461566158,2.46964678318449,5.66969262621436,"HCC1419 R3","TBF","FLUVA"
"1802",1,6.25,12.5,11.8618736210976,9.88840447309673,1.5940917018311,8.79519031692945,"HCC1419 R3","TBF","FLUVA"
"1803",1,6.25,25,30.1521048338891,31.352296961782,22.136963946152,31.3385889472846,"HCC1419 R3","TBF","FLUVA"
"1804",1,6.25,50,36.7861792368283,35.826185039401,45.8371860869533,46.3210702341137,"HCC1419 R3","TBF","FLUVA"
"1805",1,25,12.5,4.31722465754303,4.55361323173803,4.34078811808177,4.01337792642141,"HCC1419 R3","TBF","FLUVA"
"1806",1,25,25,17.9022423983286,18.1824390252068,18.5030751064557,18.1756649147953,"HCC1419 R3","TBF","FLUVA"
"1807",1,25,50,5.96764294032272,6.56993879978363,17.3802848532307,17.0528746615703,"HCC1419 R3","TBF","FLUVA"
"1808",1,0.39,1.56,0.109744682500268,0.898828095935909,-1.35798660493569,-0.151436483212194,"HCC1419 R3","TBF","FLUVA"
"1809",1,0.39,3.125,0.134974971312598,-0.918110169438721,-2.89831197703676,-1.69176185531326,"HCC1419 R3","TBF","FLUVA"
"1810",1,0.39,12.5,0.388088781739372,1.42660816514245,-2.48860587500099,0.298546209761156,"HCC1419 R3","TBF","FLUVA"
"1811",1,0.39,50,5.82346833758089,6.23859190474463,5.67389308810326,6.30841121495329,"HCC1419 R3","TBF","FLUVA"
"1812",1,1.56,6.25,0.410088074554071,0.029598183139619,-5.02045547643075,-1.5619591554171,"HCC1419 R3","TBF","FLUVA"
"1813",1,1.56,12.5,3.95232078240217,4.1649026034944,-5.04609660265298,3.15420560747663,"HCC1419 R3","TBF","FLUVA"
"1814",1,1.56,25,15.0502444032241,15.0362308584824,-4.43805664756448,16.4070612668743,"HCC1419 R3","TBF","FLUVA"
"1815",1,1.56,50,26.1684185194409,26.066351195335,32.2098917035411,32.8444098303911,"HCC1419 R3","TBF","FLUVA"
"1816",1,6.25,0.78,0.265145372719275,0.488840944111772,-0.658344351467996,-0.372101073035658,"HCC1419 R3","TBF","FLUVA"
"1817",1,6.25,1.56,0.540882729789054,0.103998853207287,-0.749206241395306,-0.462962962962969,"HCC1419 R3","TBF","FLUVA"
"1818",1,6.25,3.125,3.67800335445153,5.02130762913383,4.31742581121806,4.6036690896504,"HCC1419 R3","TBF","FLUVA"
"1819",1,6.25,6.25,5.00954731515866,4.78811506440981,3.54293636850431,3.82917964693665,"HCC1419 R3","TBF","FLUVA"
"1820",1,6.25,12.5,13.9806758917201,14.0565186969804,13.1613164308096,13.4475597092419,"HCC1419 R3","TBF","FLUVA"
"1821",1,6.25,25,27.2293859673419,27.1205769134688,27.6602780092104,27.9465212876428,"HCC1419 R3","TBF","FLUVA"
"1822",1,6.25,50,21.8969937497556,21.8173990222758,11.3178157797933,40.935444790585,"HCC1419 R3","TBF","FLUVA"
"1823",1,25,0.78,3.8152893693444,6.13683880149112,5.47513789649896,5.68968501211494,"HCC1419 R3","TBF","FLUVA"
"1824",1,25,1.56,2.8605357200604,3.42703895374981,3.47396954970937,3.13257182416062,"HCC1419 R3","TBF","FLUVA"
"1825",1,25,3.125,4.49699513709687,5.49555512991894,4.45149842511589,5.27864312911043,"HCC1419 R3","TBF","FLUVA"
"1826",1,25,6.25,4.26498622108785,3.56139306018784,3.40474144309808,3.06334371754933,"HCC1419 R3","TBF","FLUVA"
"1827",1,25,12.5,6.57433171550008,5.30935669889764,5.33447491488762,4.99307718933888,"HCC1419 R3","TBF","FLUVA"
"1828",1,25,25,10.382663986859,10.2191713420799,7.25082328046631,10.6481481481482,"HCC1419 R3","TBF","FLUVA"
"1829",1,25,50,7.39837197596255,8.10011493387327,13.7847272441591,18.0295950155763,"HCC1419 R3","TBF","FLUVA"
"1830",1,0.39,50,8.69619898641509,13.6984142593569,7.93143774198667,15.2243835196814,"HCC1419 R3 ","TBF","FLUVA"
"1831",1,1.56,0.78,1.02358941257975,-2.50077613595305,1.54895402408506,-2.43145964159903,"HCC1419 R3 ","TBF","FLUVA"
"1832",1,1.56,1.56,0.20911549624234,-3.72296373747852,0.0556166064100694,-3.92479705927401,"HCC1419 R3 ","TBF","FLUVA"
"1833",1,1.56,3.125,1.32578716001417,-2.43185287052189,1.61787728951621,-2.36253637616787,"HCC1419 R3 ","TBF","FLUVA"
"1834",1,1.56,6.25,2.51721570015948,-0.404184204402952,3.67408804154562,-0.306325624138459,"HCC1419 R3 ","TBF","FLUVA"
"1835",1,1.56,12.5,8.09294548695286,4.84220101599796,9.09988065909808,5.11946699341399,"HCC1419 R3 ","TBF","FLUVA"
"1836",1,1.56,25,18.9753944094499,15.020045672733,18.9291041236409,14.9486904579568,"HCC1419 R3 ","TBF","FLUVA"
"1837",1,1.56,50,36.4562800439733,32.5752675346612,37.6647451100094,33.6843314443253,"HCC1419 R3 ","TBF","FLUVA"
"1838",1,6.25,12.5,2.05296760362337,5.74673662219958,-0.204648355483826,5.87762291315669,"HCC1419 R3 ","TBF","FLUVA"
"1839",1,6.25,25,7.83363205635604,12.8036334282095,6.6876781876315,12.769949456272,"HCC1419 R3 ","TBF","FLUVA"
"1840",1,6.25,50,10.8643258732667,16.4660397649508,0.84093330119272,16.9895849287793,"HCC1419 R3 ","TBF","FLUVA"
"1841",1,25,25,0.886363487581946,-2.26225874892421,0.545835474673723,-2.27063868892633,"HCC1419 R3 ","TBF","FLUVA"
"1842",1,25,50,1.83849837447831,-1.01859252032023,1.69202654033957,-0.888344310001528,"HCC1419 R3 ","TBF","FLUVA"
"1843",1,0.39,12.5,2.57694010817024,6.61296775437894,4.05114571151585,7.78529774826545,"HCC1428 R1","TBF","FLUVA"
"1844",1,0.39,25,27.406478393213,31.7225190663094,30.3365063602361,32.6054569446218,"HCC1428 R1","TBF","FLUVA"
"1845",1,1.56,25,22.4456009779796,14.9619109743357,9.97565578146233,19.8442089132933,"HCC1428 R1","TBF","FLUVA"
"1846",1,6.25,0.78,11.2419567967325,9.22486922581567,12.8094754423939,13.1741369769719,"HCC1428 R1","TBF","FLUVA"
"1847",1,6.25,1.56,18.4715787035501,18.7522489289949,19.4142357683726,21.6787979398119,"HCC1428 R1","TBF","FLUVA"
"1848",1,6.25,3.125,26.2269301997878,27.6414754023995,25.5507715168175,29.7152343251181,"HCC1428 R1","TBF","FLUVA"
"1849",1,6.25,6.25,31.257908023796,27.9405201666806,23.9601389316404,31.9244030136636,"HCC1428 R1","TBF","FLUVA"
"1850",1,6.25,12.5,41.7579122554533,43.106123318011,34.493597295956,50.0574639254246,"HCC1428 R1","TBF","FLUVA"
"1851",1,6.25,25,32.0465106280642,37.3418601036178,26.2637562106186,55.1313157110629,"HCC1428 R1","TBF","FLUVA"
"1852",1,6.25,50,2.38172895355397,1.84463611569922,-7.97010257962653,4.44813348657047,"HCC1428 R1","TBF","FLUVA"
"1853",1,25,12.5,4.9715734238585,5.51398248991225,-4.61551649202391,8.08751543012812,"HCC1428 R1","TBF","FLUVA"
"1854",1,25,25,9.35638873391518,8.05085656372565,-9.25692285274762,16.7454135274337,"HCC1428 R1","TBF","FLUVA"
"1855",1,0.39,1.56,1.22092191594853,-6.01747795083504,-4.92336639590125,-9.72146118721463,"HCC1428 R1","TBF","FLUVA"
"1856",1,0.39,50,2.6800548336123,3.18758115969224,1.93229520310764,2.5525114155251,"HCC1428 R1","TBF","FLUVA"
"1857",1,1.56,0.78,2.09925854095635,3.05479014199037,1.32320894656453,3.22831050228311,"HCC1428 R1","TBF","FLUVA"
"1858",1,1.56,1.56,1.15842243086867,-7.60741665102897,-0.485010231517684,-5.28310502283107,"HCC1428 R1","TBF","FLUVA"
"1859",1,1.56,6.25,0.663406240728348,3.82780884468631,1.87560892650662,6.30593607305936,"HCC1428 R1","TBF","FLUVA"
"1860",1,1.56,25,14.5079505414178,17.7636473384625,6.9842507651468,19.7534246575342,"HCC1428 R1","TBF","FLUVA"
"1861",1,1.56,50,7.65655025023506,7.55125476950022,5.71762761317001,7.94977168949771,"HCC1428 R1","TBF","FLUVA"
"1862",1,6.25,3.125,2.38321878727541,4.28560142615876,2.03926815686079,5.84018264840182,"HCC1428 R1","TBF","FLUVA"
"1863",1,6.25,6.25,4.30549840158834,3.19813473447176,-1.37636839287748,5.64840182648402,"HCC1428 R1","TBF","FLUVA"
"1864",1,6.25,12.5,12.5441611898093,12.2115220700152,-0.226017768119711,16.4703196347032,"HCC1428 R1","TBF","FLUVA"
"1865",1,6.25,25,21.3282132966665,20.5463916515502,2.89665700740655,37.324200913242,"HCC1428 R1","TBF","FLUVA"
"1866",1,6.25,50,6.33640403470149,6.2444721753091,7.87744496476819,10.1095890410959,"HCC1428 R1","TBF","FLUVA"
"1867",1,25,3.125,0.124112551548023,0.123744292237447,-1.4234234381219,0.74429223744292,"HCC1428 R1","TBF","FLUVA"
"1868",1,25,6.25,3.63366435245712,3.98082191780823,1.17926057011398,4.95890410958904,"HCC1428 R1","TBF","FLUVA"
"1869",1,25,12.5,9.6516649205671,9.63333333333334,4.3298340660378,11.3333333333333,"HCC1428 R1","TBF","FLUVA"
"1870",1,25,25,12.7222000730086,12.9694063926941,7.82738380764044,19.6666666666667,"HCC1428 R1","TBF","FLUVA"
"1871",1,0.39,0.78,0.864940030503745,4.49676854529266,-12.5109549538566,1.57296157021004,"HCC1428 R1","TBF","FLUVA"
"1872",1,0.39,1.56,1.04812072220802,-0.116435982146644,-16.39979288837,-2.31587636430339,"HCC1428 R1","TBF","FLUVA"
"1873",1,0.39,3.125,1.48673661605554,-0.239402120584942,-15.3725526792532,-1.28863615518665,"HCC1428 R1","TBF","FLUVA"
"1874",1,0.39,6.25,1.72415603776748,3.66129655124887,-11.1030855601117,2.98083096395487,"HCC1428 R1","TBF","FLUVA"
"1875",1,0.39,12.5,3.03489783133594,2.65585037860944,-11.2085611172978,2.87535540676879,"HCC1428 R1","TBF","FLUVA"
"1876",1,0.39,25,13.2206769687404,15.4340402732074,9.73521582482821,19.3295423277997,"HCC1428 R1","TBF","FLUVA"
"1877",1,0.39,50,6.49794421655037,5.90675780556096,6.6402076404809,6.86966889846832,"HCC1428 R1","TBF","FLUVA"
"1878",1,1.56,0.78,2.78018574148169,4.98118412362306,-15.528473068137,1.9535907548381,"HCC1428 R1","TBF","FLUVA"
"1879",1,1.56,1.56,1.98571012084828,3.99263820829417,-15.7669395452534,1.71512427772171,"HCC1428 R1","TBF","FLUVA"
"1880",1,1.56,3.125,2.71276506777477,4.34704918659835,-14.2214933377876,3.26057048518756,"HCC1428 R1","TBF","FLUVA"
"1881",1,1.56,6.25,3.81020164352303,4.63931695074124,-13.5473669505547,3.93469687242043,"HCC1428 R1","TBF","FLUVA"
"1882",1,1.56,12.5,6.45849501097448,5.26660396180002,-11.9881630617168,5.49390076125836,"HCC1428 R1","TBF","FLUVA"
"1883",1,1.56,25,17.3301910617453,16.1269476683777,7.3276215847108,16.9219480876823,"HCC1428 R1","TBF","FLUVA"
"1884",1,1.56,50,11.833751947768,12.0569957408096,12.0240469507625,12.2535082087499,"HCC1428 R1","TBF","FLUVA"
"1885",1,6.25,0.78,1.39834448691326,3.43774674205326,-1.16988290133092,1.46748601302393,"HCC1428 R1","TBF","FLUVA"
"1886",1,6.25,3.125,4.2976714034065,7.3749350885514,4.03052065732267,6.66788957167752,"HCC1428 R1","TBF","FLUVA"
"1887",1,6.25,6.25,7.76426244236303,13.6934336436226,-9.17669675176776,13.2348894799596,"HCC1428 R1","TBF","FLUVA"
"1888",1,6.25,12.5,3.26850522889306,3.16309784473591,-19.1005709148422,3.31101531688525,"HCC1428 R1","TBF","FLUVA"
"1889",1,6.25,25,8.2705192977111,5.72256916483038,-11.0385696307919,11.3730166009355,"HCC1428 R1","TBF","FLUVA"
"1890",1,6.25,50,3.86314401871988,3.69893785181424,11.4737396958785,11.7032009538659,"HCC1428 R1","TBF","FLUVA"
"1891",1,25,0.78,5.04244431121039,6.37638226758909,-8.03923838354919,5.28753554067688,"HCC1428 R1","TBF","FLUVA"
"1892",1,25,1.56,5.66060870364037,5.6847207146097,-8.46114061229358,4.8656333119325,"HCC1428 R1","TBF","FLUVA"
"1893",1,25,3.125,7.78532791172589,7.04487418419734,-6.67264203392065,6.65413189030542,"HCC1428 R1","TBF","FLUVA"
"1894",1,25,6.25,11.6007284860417,11.2641412657516,-2.31604293275583,11.0107309914702,"HCC1428 R1","TBF","FLUVA"
"1895",1,25,12.5,16.1041526075009,16.4641595470767,3.21913087261883,16.5459047968449,"HCC1428 R1","TBF","FLUVA"
"1896",1,25,25,16.6139689694754,17.2570434647253,7.05293808164387,20.3797120058699,"HCC1428 R1","TBF","FLUVA"
"1897",1,0.39,0.78,0.811166786063162,-8.87081522131675,-5.29363026045882,-9.63136971449224,"HCC1428 R2","TBF","FLUVA"
"1898",1,0.39,1.56,0.318750196858019,-7.20759634661127,-4.64310622720981,-8.98084568124322,"HCC1428 R2","TBF","FLUVA"
"1899",1,0.39,3.125,1.3042895706615,0.263534575954486,4.81207989494415,0.474340440910737,"HCC1428 R2","TBF","FLUVA"
"1900",1,0.39,6.25,1.89282399372121,-10.0477696342183,-3.48210152898067,-7.81984098301409,"HCC1428 R2","TBF","FLUVA"
"1901",1,0.39,25,30.1947544386676,32.2246109538185,32.1399436254657,37.5406577520781,"HCC1428 R2","TBF","FLUVA"
"1902",1,1.56,12.5,1.12743386489329,3.09417199376878,-6.91100143743355,4.35941452837007,"HCC1428 R2","TBF","FLUVA"
"1903",1,1.56,25,22.6589242091742,14.5624550043108,-5.48872295316058,15.3957354535598,"HCC1428 R2","TBF","FLUVA"
"1904",1,1.56,50,0.0173075667327538,0.195761451794723,0.5115328094316,0.32074448861583,"HCC1428 R2","TBF","FLUVA"
"1905",1,6.25,0.78,2.92210987669434,6.02363135717578,0.97225087694391,5.54752439465125,"HCC1428 R2","TBF","FLUVA"
"1906",1,6.25,3.125,0.675626799488064,1.04711038043365,-13.3500343160844,1.17907481026383,"HCC1428 R2","TBF","FLUVA"
"1907",1,6.25,12.5,22.1353324711635,22.4498072760838,-1.347058546908,25.3478496566679,"HCC1428 R2","TBF","FLUVA"
"1908",1,6.25,25,20.6885210237957,23.6709959534573,17.3337323967892,45.1346223346585,"HCC1428 R2","TBF","FLUVA"
"1909",1,25,12.5,4.36606520587218,5.01509608636769,6.02184226307035,6.53234550054211,"HCC1428 R2","TBF","FLUVA"
"1910",1,25,25,7.05791367407413,6.60710716053168,17.3337323967892,17.8442356342609,"HCC1428 R2","TBF","FLUVA"
"1911",1,0.39,0.78,1.17599294746219,16.7027175769116,8.69514047524275,14.0696694447046,"HCC1428 R2","TBF","FLUVA"
"1912",1,0.39,1.56,3.12733017892942,-6.48841542931899,-8.16037034037669,-8.83509691918718,"HCC1428 R2","TBF","FLUVA"
"1913",1,1.56,0.78,3.75599929227881,1.03663184730134,-3.98863141351087,-1.52167805974344,"HCC1428 R2","TBF","FLUVA"
"1914",1,1.56,1.56,3.07382672104358,-5.11447365690041,-3.98394932717319,-4.65867590598369,"HCC1428 R2","TBF","FLUVA"
"1915",1,1.56,3.125,1.39034267770858,5.43852212818717,-1.40411975511587,1.06283359865157,"HCC1428 R2","TBF","FLUVA"
"1916",1,1.56,6.25,1.44457697306535,6.74477993409407,-0.107181839580734,2.3597715141867,"HCC1428 R2","TBF","FLUVA"
"1917",1,1.56,12.5,0.936194505283076,-1.31747876626275,-8.9269452262374,-0.861503886131644,"HCC1428 R2","TBF","FLUVA"
"1918",1,1.56,25,18.4348355594882,22.5154466539813,10.543744312838,22.9094484502294,"HCC1428 R2","TBF","FLUVA"
"1919",1,1.56,50,8.54391581972749,8.5190718751857,7.63283075916323,8.59162842962824,"HCC1428 R2","TBF","FLUVA"
"1920",1,6.25,12.5,9.82651657892812,10.8599968848057,-3.87749174008452,13.5546399475606,"HCC1428 R2","TBF","FLUVA"
"1921",1,6.25,25,21.5313274244245,19.6787573606944,-2.59202553652738,32.2455286075475,"HCC1428 R2","TBF","FLUVA"
"1922",1,6.25,50,5.32417252152261,5.23254496598291,8.05890061589139,9.01769828635641,"HCC1428 R2","TBF","FLUVA"
"1923",1,25,12.5,5.9431082377408,5.85005270164098,2.61702901799893,6.82648188032586,"HCC1428 R2","TBF","FLUVA"
"1924",1,25,25,13.0307543887426,13.1024601923793,13.4466947170344,17.6561475793614,"HCC1428 R2","TBF","FLUVA"
"1925",1,0.39,0.78,1.31974846956505,-0.780861335126319,-21.324019251064,-2.82413350449295,"HCC1428 R2","TBF","FLUVA"
"1926",1,0.39,1.56,1.55207542523906,0.202482392170173,-20.5813088164409,-2.0814230698698,"HCC1428 R2","TBF","FLUVA"
"1927",1,0.39,3.125,1.50947794217378,1.23801761406823,-19.4993355906936,-0.999449844122509,"HCC1428 R2","TBF","FLUVA"
"1928",1,0.39,6.25,2.41508402186527,2.36526734182361,-16.2992622365766,2.20062350999449,"HCC1428 R2","TBF","FLUVA"
"1929",1,0.39,12.5,2.5740860006819,0.775942713232656,-16.537663116826,1.9622226297451,"HCC1428 R2","TBF","FLUVA"
"1930",1,0.39,25,5.63576416981222,9.02204857547831,0.113721442132402,16.1149825783972,"HCC1428 R2","TBF","FLUVA"
"1931",1,0.39,50,6.75545611587447,5.52812912799773,0.277627075364123,7.5187969924812,"HCC1428 R2","TBF","FLUVA"
"1932",1,1.56,0.78,1.1181149689641,3.77177523790064,-23.322918939309,1.58628278012104,"HCC1428 R2","TBF","FLUVA"
"1933",1,1.56,1.56,1.5539533470081,3.30020107644108,-24.0518754769947,0.857326242435377,"HCC1428 R2","TBF","FLUVA"
"1934",1,1.56,3.125,1.83118475088851,3.42933145349677,-23.8730748168076,1.03612690262241,"HCC1428 R2","TBF","FLUVA"
"1935",1,1.56,6.25,3.67083379483223,4.49024273715379,-20.5950627133783,4.31413900605172,"HCC1428 R2","TBF","FLUVA"
"1936",1,1.56,12.5,5.69718317642777,6.52044033892618,-17.119911420512,7.78929029891805,"HCC1428 R2","TBF","FLUVA"
"1937",1,1.56,25,12.0578399777073,11.3802933081789,-3.26973720448413,12.7315239317807,"HCC1428 R2","TBF","FLUVA"
"1938",1,1.56,50,10.3782894829653,10.9035504004697,4.04161020391722,11.2827801210343,"HCC1428 R2","TBF","FLUVA"
"1939",1,6.25,6.25,0.405862302286003,-0.733272338862655,-11.6533079528784,-0.83440308087291,"HCC1428 R2","TBF","FLUVA"
"1940",1,6.25,12.5,7.15511610284605,7.50992430387829,-2.58032060646354,8.23858426554191,"HCC1428 R2","TBF","FLUVA"
"1941",1,6.25,25,21.5930722357819,22.501113915157,17.5737230392361,28.3926279112415,"HCC1428 R2","TBF","FLUVA"
"1942",1,6.25,50,2.40326411269719,2.45637167036558,6.13678717072447,13.3779570878416,"HCC1428 R2","TBF","FLUVA"
"1943",1,25,0.78,1.59518956628224,1.70070521448159,-18.4047495980267,0.875664771685308,"HCC1428 R2","TBF","FLUVA"
"1944",1,25,1.56,3.66278498049095,4.93375757002414,-15.2688610962845,4.01155327342747,"HCC1428 R2","TBF","FLUVA"
"1945",1,25,3.125,4.25045728462685,4.33734297949612,-15.8465247676581,3.43388960205391,"HCC1428 R2","TBF","FLUVA"
"1946",1,25,6.25,7.43601601679649,7.03053701421772,-12.3163578870419,6.96405648267009,"HCC1428 R2","TBF","FLUVA"
"1947",1,25,12.5,10.7727132548223,9.59802106990402,-9.20339254686218,10.0770218228498,"HCC1428 R2","TBF","FLUVA"
"1948",1,25,25,15.6847718387379,15.9602022639222,0.552705014113442,19.8331193838254,"HCC1428 R2","TBF","FLUVA"
"1949",1,0.39,6.25,3.06347309779129,-2.26434085496057,4.47192806215411,0.189671523407171,"HCC1428 R3","TBF","FLUVA"
"1950",1,0.39,12.5,4.6764587366334,8.65183274277498,7.75100835266827,11.1906198810242,"HCC1428 R3","TBF","FLUVA"
"1951",1,0.39,25,17.2460656694089,20.4451765580482,19.3992798127617,22.2476075523752,"HCC1428 R3","TBF","FLUVA"
"1952",1,0.39,50,0.326846989400565,0.312151394175032,0.502530207730842,0.599189585309077,"HCC1428 R3","TBF","FLUVA"
"1953",1,1.56,25,20.1830280301503,14.631646028212,6.97769963403327,17.8851625140098,"HCC1428 R3","TBF","FLUVA"
"1954",1,6.25,0.78,9.83929384591404,10.1758220785999,10.202960769797,10.9923269247349,"HCC1428 R3","TBF","FLUVA"
"1955",1,6.25,1.56,22.6359266579927,27.5171332117522,28.8076691991804,30.7483403741702,"HCC1428 R3","TBF","FLUVA"
"1956",1,6.25,3.125,21.4626785851031,16.7838017792619,16.7369757036064,20.9802569186999,"HCC1428 R3","TBF","FLUVA"
"1957",1,6.25,6.25,31.2862459220171,25.0633469796862,23.3956576839214,32.2441589792223,"HCC1428 R3","TBF","FLUVA"
"1958",1,6.25,12.5,41.7793876276489,43.839949784446,30.6737079106088,48.7326493663247,"HCC1428 R3","TBF","FLUVA"
"1959",1,6.25,25,30.0359286321719,36.4189954984882,22.4038773479337,54.0348305888439,"HCC1428 R3","TBF","FLUVA"
"1960",1,25,6.25,2.40306781150689,1.22974530961234,-0.648960765336028,3.93999482714027,"HCC1428 R3","TBF","FLUVA"
"1961",1,25,12.5,7.11363232078627,7.46880959359217,1.27258757652579,9.31545822915768,"HCC1428 R3","TBF","FLUVA"
"1962",1,25,25,8.46709960347756,6.80865304653706,1.20586444819668,16.1565652211398,"HCC1428 R3","TBF","FLUVA"
"1963",1,0.39,1.56,0.281998121863532,-2.99277238879084,-3.68315509832474,-5.62215014337424,"HCC1428 R3","TBF","FLUVA"
"1964",1,0.39,50,0.608842467175435,0.874760766455012,1.05244028885814,0.446575471254633,"HCC1428 R3","TBF","FLUVA"
"1965",1,1.56,6.25,0.16793197890136,-0.154353467863658,0.0891642799950283,2.33159403939267,"HCC1428 R3","TBF","FLUVA"
"1966",1,1.56,12.5,2.19866123279838,2.00799252612354,-4.67757758669085,3.29055610398156,"HCC1428 R3","TBF","FLUVA"
"1967",1,1.56,25,16.3233719969235,18.5990879504187,-6.6935147663734,20.6975978940441,"HCC1428 R3","TBF","FLUVA"
"1968",1,1.56,50,8.45475553884469,8.40102964567842,8.6869371873568,8.79988718093357,"HCC1428 R3","TBF","FLUVA"
"1969",1,6.25,0.78,0.0238114473483435,1.44506195156721,0.95826600894561,2.1529638508908,"HCC1428 R3","TBF","FLUVA"
"1970",1,6.25,6.25,3.2569968639921,1.16623609639169,-5.28770460983617,3.23414657077045,"HCC1428 R3","TBF","FLUVA"
"1971",1,6.25,12.5,16.6176343605463,18.1699193178784,-1.28213962519295,19.1463357307385,"HCC1428 R3","TBF","FLUVA"
"1972",1,6.25,25,26.4724997819489,24.8914947460982,-6.95896230112197,38.1986555727918,"HCC1428 R3","TBF","FLUVA"
"1973",1,6.25,50,5.67453681408499,5.51591126106631,9.2423180606368,9.54261270154656,"HCC1428 R3","TBF","FLUVA"
"1974",1,25,0.78,0.219102806987067,0.666239774515304,-0.0230082685456665,0.926056503549091,"HCC1428 R3","TBF","FLUVA"
"1975",1,25,3.125,2.40623391853806,3.33181296122098,1.35038445360598,3.21534339303342,"HCC1428 R3","TBF","FLUVA"
"1976",1,25,6.25,5.48718750673672,5.08881625495249,2.15104100212588,5.84778827621868,"HCC1428 R3","TBF","FLUVA"
"1977",1,25,12.5,11.3436977325569,11.1726808451227,4.17072480381478,11.5310487472383,"HCC1428 R3","TBF","FLUVA"
"1978",1,25,25,13.444929833129,14.0225526629019,7.27671385789434,18.9065952145913,"HCC1428 R3","TBF","FLUVA"
"1979",1,0.39,0.78,0.199124820385731,4.31121921389155,-72.9972180818279,3.09278350515464,"HCC1428 R3","TBF","FLUVA"
"1980",1,0.39,1.56,0.400350010319777,1.25403004901574,-75.828771004345,0.261230582637495,"HCC1428 R3","TBF","FLUVA"
"1981",1,0.39,3.125,0.0981793925729173,4.70205212930969,-73.3284211419575,2.76158044502495,"HCC1428 R3","TBF","FLUVA"
"1982",1,0.39,6.25,1.38251597011349,5.88950196950149,-69.9884015496638,6.10160003731865,"HCC1428 R3","TBF","FLUVA"
"1983",1,0.39,12.5,3.8974962476309,2.40111060817641,-67.2221562728061,5.4438587488921,"HCC1428 R3","TBF","FLUVA"
"1984",1,0.39,25,3.9649794911223,8.77766567388969,-50.3354650380251,11.4661566450529,"HCC1428 R3","TBF","FLUVA"
"1985",1,0.39,50,5.84521009240677,5.59793180980292,5.76846741520997,6.28819331063114,"HCC1428 R3","TBF","FLUVA"
"1986",1,1.56,0.78,0.0921968926436239,-0.367230219856892,-79.2061092513012,-1.60470215048747,"HCC1428 R3","TBF","FLUVA"
"1987",1,1.56,1.56,0.810219545445032,0.803057861351567,-77.8066597014575,-0.205252600643746,"HCC1428 R3","TBF","FLUVA"
"1988",1,1.56,3.125,1.33513095220968,2.36263450421978,-77.2095612268575,0.391845873956242,"HCC1428 R3","TBF","FLUVA"
"1989",1,1.56,6.25,2.58823646758094,2.75142126515155,-74.634574055145,2.96683304566871,"HCC1428 R3","TBF","FLUVA"
"1990",1,1.56,12.5,2.75481045496039,0.172914307326472,-70.8607251023998,1.8052899192984,"HCC1428 R3","TBF","FLUVA"
"1991",1,1.56,25,5.20336699247454,5.87213283146617,-54.4871653692282,7.31445631384989,"HCC1428 R3","TBF","FLUVA"
"1992",1,1.56,50,7.4267250406744,7.0794244730378,6.93001054158027,7.44973643700145,"HCC1428 R3","TBF","FLUVA"
"1993",1,6.25,3.125,0.654407292597057,1.68601192977047,-35.1747615813847,0.555114988104677,"HCC1428 R3","TBF","FLUVA"
"1994",1,6.25,6.25,0.885966854291119,0.352203181229918,-35.2540637225425,0.475812846946866,"HCC1428 R3","TBF","FLUVA"
"1995",1,6.25,12.5,8.62019479662094,7.47346490915452,-24.4876318524114,11.2422447170779,"HCC1428 R3","TBF","FLUVA"
"1996",1,6.25,25,20.6970914998991,21.3416807093801,-4.49416261697738,31.235713952512,"HCC1428 R3","TBF","FLUVA"
"1997",1,6.25,50,0.461508856679473,0.715987165991578,9.43036040396773,9.9500862993889,"HCC1428 R3","TBF","FLUVA"
"1998",1,25,0.78,3.14553030730828,4.1206890026904,-11.3654599067101,3.67122265242338,"HCC1428 R3","TBF","FLUVA"
"1999",1,25,1.56,2.93919510451947,2.39543368823173,-13.0074807118601,2.0292018472734,"HCC1428 R3","TBF","FLUVA"
"2000",1,25,3.125,6.33810696857279,7.69440520194227,-8.05809413724607,6.97858842188738,"HCC1428 R3","TBF","FLUVA"
"2001",1,25,6.25,6.98388718711539,5.83676632525598,-9.1216757951273,5.91500676400615,"HCC1428 R3","TBF","FLUVA"
"2002",1,25,12.5,11.4028920127505,10.7786543954091,-1.87252712693679,13.1641554321967,"HCC1428 R3","TBF","FLUVA"
"2003",1,25,25,11.7213027438178,12.238158568547,3.46404048980064,18.5007230489341,"HCC1428 R3","TBF","FLUVA"
"2004",1,0.39,0.78,0.442902812108908,-18.0139602576408,-11.916088803941,-13.0581297388374,"HCC1806 R1","TBF","FLUVA"
"2005",1,0.39,50,9.12125310800936,7.86754577224448,-0.0989113254740204,10.1478134334074,"HCC1806 R1","TBF","FLUVA"
"2006",1,1.56,50,6.51010501644988,7.68260132581909,-6.96693448668366,17.3240407444283,"HCC1806 R1","TBF","FLUVA"
"2007",1,0.39,0.78,7.57584725549967,36.6261577499688,1.28049638835992,-1.39348545549558,"HCC1806 R1","TBF","FLUVA"
"2008",1,0.39,1.56,5.52116412967821,-8.11505029524339,-48.8675614412865,-47.5701097369796,"HCC1806 R1","TBF","FLUVA"
"2009",1,0.39,3.125,7.05639511663092,0.378523903624611,-36.6745637057003,-38.0944086396098,"HCC1806 R1","TBF","FLUVA"
"2010",1,0.39,6.25,4.71918158526667,42.1630779086346,-4.32828257000969,1.18446263717121,"HCC1806 R1","TBF","FLUVA"
"2011",1,0.39,12.5,5.33243563471984,24.0179299902202,-27.2162811765243,-18.2198223306045,"HCC1806 R1","TBF","FLUVA"
"2012",1,0.39,25,12.06155284468,23.9100689731003,-54.1486974268087,-10.8169308482843,"HCC1806 R1","TBF","FLUVA"
"2013",1,0.39,50,29.1734323732812,37.0148457719437,22.051180594068,21.4770945828253,"HCC1806 R1","TBF","FLUVA"
"2014",1,1.56,0.78,0.672689964381373,-7.36111240480277,-17.1004188800551,-11.2001393485455,"HCC1806 R1","TBF","FLUVA"
"2015",1,1.56,1.56,5.20034609027763,4.51185516974823,-13.2679952103641,-2.26441386518027,"HCC1806 R1","TBF","FLUVA"
"2016",1,1.56,3.125,2.20266086004878,-3.82077704168995,-29.7975390920238,-8.58735411949137,"HCC1806 R1","TBF","FLUVA"
"2017",1,1.56,6.25,7.93310345255382,11.0260750292158,-29.2639213045559,1.13220693259015,"HCC1806 R1","TBF","FLUVA"
"2018",1,1.56,12.5,17.2151315535233,24.5588825732125,-19.328302273457,12.088486326424,"HCC1806 R1","TBF","FLUVA"
"2019",1,1.56,25,28.7686885375765,28.3154800341672,-0.202714396780422,31.2140742031005,"HCC1806 R1","TBF","FLUVA"
"2020",1,1.56,50,15.6410905738613,15.804111771199,1.03569728040509,26.9987807002264,"HCC1806 R1","TBF","FLUVA"
"2021",1,6.25,0.78,0.970435566631608,2.36749622964305,0.00855068002952919,1.41090402368926,"HCC1806 R1","TBF","FLUVA"
"2022",1,6.25,1.56,0.785495598075443,1.61880727196247,-1.47257653952904,-0.0696742727747761,"HCC1806 R1","TBF","FLUVA"
"2023",1,6.25,3.125,0.952862231954924,0.856762359363131,-1.73385506243446,-0.33095279568019,"HCC1806 R1","TBF","FLUVA"
"2024",1,6.25,6.25,1.74981298876521,4.85165529949091,0.983446410800255,2.38634384253615,"HCC1806 R1","TBF","FLUVA"
"2025",1,6.25,12.5,2.35205762748443,4.76208362727105,0.251861884065306,1.65476397840098,"HCC1806 R1","TBF","FLUVA"
"2026",1,25,0.78,3.8233600873087,2.44836923699421,3.03883263521662,1.63734541020729,"HCC1806 R1","TBF","FLUVA"
"2027",1,25,1.56,2.16791286662456,0.682540268644019,0.652488789946418,-0.748998432328861,"HCC1806 R1","TBF","FLUVA"
"2028",1,25,3.125,2.19366004424943,0.641185960251747,1.03569728651148,-0.365789932067585,"HCC1806 R1","TBF","FLUVA"
"2029",1,25,6.25,3.63521462418637,3.06559518452593,2.37692703386298,0.975439818846894,"HCC1806 R1","TBF","FLUVA"
"2030",1,25,12.5,3.06302455079285,3.78409215960846,2.55111271379185,1.14962550078384,"HCC1806 R1","TBF","FLUVA"
"2031",1,0.39,0.78,2.34863626839892,5.84885546199936,-2.32558322307147,-5.49338014775803,"HCC1806 R1","TBF","FLUVA"
"2032",1,0.39,3.125,1.75405023941005,14.7952643948574,1.48540353722404,2.91858678955451,"HCC1806 R1","TBF","FLUVA"
"2033",1,0.39,6.25,5.21391807235589,5.78313182874554,-2.95465205490527,-5.6177309633531,"HCC1806 R1","TBF","FLUVA"
"2034",1,0.39,12.5,8.85502605425028,14.528786055146,-4.67504838338434,2.40655401945723,"HCC1806 R1","TBF","FLUVA"
"2035",1,0.39,25,23.6092124365474,30.6995617958951,-3.3947131152826,19.7864091873308,"HCC1806 R1","TBF","FLUVA"
"2036",1,0.39,50,44.0329841048967,48.6071959039561,41.2413863250174,40.5676248994221,"HCC1806 R1","TBF","FLUVA"
"2037",1,1.56,0.78,0.68696001794202,-3.45615565376727,-1.56745382237332,-1.87989174164289,"HCC1806 R1","TBF","FLUVA"
"2038",1,1.56,1.56,3.64573720275621,7.82558061186475,3.9917591101115,3.67932119084193,"HCC1806 R1","TBF","FLUVA"
"2039",1,1.56,3.125,2.05325793904325,0.968858437340113,-0.221539112403306,-0.533977031672876,"HCC1806 R1","TBF","FLUVA"
"2040",1,1.56,6.25,7.40852868353805,7.04180829404697,8.59273928712854,8.28030136785897,"HCC1806 R1","TBF","FLUVA"
"2041",1,1.56,12.5,9.48359955487641,11.1832286664342,8.57810977941148,8.26567186014191,"HCC1806 R1","TBF","FLUVA"
"2042",1,1.56,25,16.6088284460234,14.4506576780215,18.8114504274987,18.4990125082291,"HCC1806 R1","TBF","FLUVA"
"2043",1,1.56,50,27.0586042837886,26.7736396046617,47.6900986609856,47.377660741716,"HCC1806 R1","TBF","FLUVA"
"2044",1,6.25,0.78,3.72020529727507,7.73790843658541,3.67941614124626,8.3095603832931,"HCC1806 R1","TBF","FLUVA"
"2045",1,6.25,1.56,2.89431157058429,6.86540774247032,1.49494971519188,5.36171457830444,"HCC1806 R1","TBF","FLUVA"
"2046",1,6.25,3.125,3.7700139047013,9.97373992128605,4.20701058852644,9.4287177236486,"HCC1806 R1","TBF","FLUVA"
"2047",1,6.25,6.25,3.42702537482896,7.15087415803082,2.13477773651292,7.60002925901543,"HCC1806 R1","TBF","FLUVA"
"2048",1,6.25,12.5,2.58440098100625,4.98611151842266,0.0612579589194695,3.92802282203203,"HCC1806 R1","TBF","FLUVA"
"2049",1,25,0.78,3.67771385663372,-1.26064333204006,3.03709028289244,-0.914344232316594,"HCC1806 R1","TBF","FLUVA"
"2050",1,25,1.56,2.85297906554813,-0.354535220427479,2.68441034175088,-1.26545241752616,"HCC1806 R1","TBF","FLUVA"
"2051",1,25,3.125,4.90879698962912,0.92997697048385,4.5470337683203,0.59980981639967,"HCC1806 R1","TBF","FLUVA"
"2052",1,25,6.25,3.38301545748276,-1.6545806290454,2.56095366613995,-1.38248847926268,"HCC1806 R1","TBF","FLUVA"
"2053",1,25,12.5,4.82215523570797,3.69854308626785,6.99679056737234,3.05756711286665,"HCC1806 R1","TBF","FLUVA"
"2054",1,25,25,2.45875281671516,-2.66689312386973,2.15847252060023,-1.77748518762344,"HCC1806 R1","TBF","FLUVA"
"2055",1,25,50,1.95297071552129,-0.905820786411653,7.55514560727453,3.62080315997366,"HCC1806 R1","TBF","FLUVA"
"2056",1,0.39,3.125,2.13521192070179,-18.2126949955988,-10.4701051310703,-18.3703195955788,"HCC1806 R2","TBF","FLUVA"
"2057",1,0.39,12.5,1.00739459363253,-12.7165949791546,-7.11992091377951,-12.8780738582812,"HCC1806 R2","TBF","FLUVA"
"2058",1,0.39,50,8.52643933615314,8.72481203800177,-4.71959206208745,8.62822380258761,"HCC1806 R2","TBF","FLUVA"
"2059",1,1.56,25,2.64429361384351,3.77091659478679,-25.7776769103689,5.29517607745693,"HCC1806 R2","TBF","FLUVA"
"2060",1,1.56,50,17.8147308014654,17.9479074865232,0.104416384316863,33.7331848170679,"HCC1806 R2","TBF","FLUVA"
"2061",1,6.25,0.78,0.127731113221728,3.82228349065926,2.61618997376587,3.25593351041042,"HCC1806 R2","TBF","FLUVA"
"2062",1,25,0.78,0.207405190399413,0.500497602120802,0.112193491973429,-0.0171364921600485,"HCC1806 R2","TBF","FLUVA"
"2063",1,25,3.125,1.74885703256319,1.57221038599609,4.1691017243061,4.04421214977295,"HCC1806 R2","TBF","FLUVA"
"2064",1,0.39,0.78,0.43989873497069,30.4107167478844,7.48730965143809,12.1231872250285,"HCC1806 R2","TBF","FLUVA"
"2065",1,0.39,1.56,1.72899756465877,3.73021962352265,-12.0173343114102,-13.4919341697898,"HCC1806 R2","TBF","FLUVA"
"2066",1,0.39,12.5,4.65482600248428,-12.6066301710318,-21.4845006793424,-28.808864265928,"HCC1806 R2","TBF","FLUVA"
"2067",1,0.39,25,0.160276259379939,10.0689436828184,-13.5816165339945,-8.32654391396449,"HCC1806 R2","TBF","FLUVA"
"2068",1,0.39,50,31.061956881243,32.0390356853475,3.14392337476342,23.2035196350008,"HCC1806 R2","TBF","FLUVA"
"2069",1,1.56,6.25,1.21412199575336,1.53734049665864,-23.6198969409122,0.0814730324262598,"HCC1806 R2","TBF","FLUVA"
"2070",1,1.56,12.5,6.79077915095072,2.92904645433798,-22.1778951033203,7.16962685351149,"HCC1806 R2","TBF","FLUVA"
"2071",1,1.56,25,20.2028670471055,22.6116805166396,-10.9794386023888,19.3091086850253,"HCC1806 R2","TBF","FLUVA"
"2072",1,1.56,50,14.684236841399,17.1237595408877,2.29641494058941,37.4124164901418,"HCC1806 R2","TBF","FLUVA"
"2073",1,6.25,6.25,0.375300243413932,0.84078788790066,0.178116457587336,0.456248981587095,"HCC1806 R2","TBF","FLUVA"
"2074",1,6.25,12.5,0.515969907933552,-0.305336020301638,0.536597448598641,0.814730324262669,"HCC1806 R2","TBF","FLUVA"
"2075",1,6.25,25,0.520326370195789,1.18190725700492,0.031464639212615,0.309597523219821,"HCC1806 R2","TBF","FLUVA"
"2076",1,25,0.78,2.13852865289618,1.30117358073167,0.82990035735665,0.554016620498615,"HCC1806 R2","TBF","FLUVA"
"2077",1,25,3.125,0.0548038424190054,1.33225732818529,1.20467630627348,0.92879256965945,"HCC1806 R2","TBF","FLUVA"
"2078",1,25,6.25,0.972093779566507,1.3324697395457,1.23726551912137,0.961381782629957,"HCC1806 R2","TBF","FLUVA"
"2079",1,25,12.5,1.10176635020363,0.0271461718600676,1.3839169774282,1.10803324099723,"HCC1806 R2","TBF","FLUVA"
"2080",1,25,25,0.905630916294768,1.6728217726105,1.10690866716615,0.83102493074793,"HCC1806 R2","TBF","FLUVA"
"2081",1,0.39,0.78,2.72111161951974,10.2648199445983,-12.1416178158174,-5.01754385964912,"HCC1806 R2","TBF","FLUVA"
"2082",1,0.39,1.56,3.6781115571411,26.9672514619883,-1.24688097371214,5.87719298245615,"HCC1806 R2","TBF","FLUVA"
"2083",1,0.39,3.125,3.25642503519854,14.1022776238843,-7.72933711406302,-0.605263157894726,"HCC1806 R2","TBF","FLUVA"
"2084",1,0.39,6.25,6.50491279358003,12.612865497076,-4.64981290802141,-1.42982456140351,"HCC1806 R2","TBF","FLUVA"
"2085",1,0.39,12.5,8.83172453737964,12.1306248076331,-0.701867649348237,-1.29824561403508,"HCC1806 R2","TBF","FLUVA"
"2086",1,0.39,25,14.0037216946725,20.8483841181902,-7.27562347918434,6.60526315789475,"HCC1806 R2","TBF","FLUVA"
"2087",1,0.39,50,46.4383133673768,51.8965220067713,31.9714823377324,42.0526315789474,"HCC1806 R2","TBF","FLUVA"
"2088",1,1.56,0.78,6.5435883551793,7.862054478301,-2.03140185037035,-1.69298245614036,"HCC1806 R2","TBF","FLUVA"
"2089",1,1.56,1.56,6.71936659822271,9.2651461988304,-5.17117588994278,-3.92105263157895,"HCC1806 R2","TBF","FLUVA"
"2090",1,1.56,3.125,11.2059717725785,16.028971991382,3.75980234670183,6.83333333333334,"HCC1806 R2","TBF","FLUVA"
"2091",1,1.56,6.25,10.3692284372688,9.7426461988304,-0.923254504372863,3.97368421052632,"HCC1806 R2","TBF","FLUVA"
"2092",1,1.56,12.5,13.9527621969583,8.31500153893504,0.077322333247686,5.8859649122807,"HCC1806 R2","TBF","FLUVA"
"2093",1,1.56,25,27.4563710097236,26.9911288088643,14.3229363683354,20.1315789473684,"HCC1806 R2","TBF","FLUVA"
"2094",1,1.56,50,36.3268510493004,36.3697537703909,2.05627800836926,53.4473684210526,"HCC1806 R2","TBF","FLUVA"
"2095",1,6.25,0.78,4.64731713759463,8.8928947368421,1.56013312134102,5.57894736842105,"HCC1806 R2","TBF","FLUVA"
"2096",1,6.25,1.56,1.99756478409611,9.70491228070175,1.70150176710423,5.13157894736842,"HCC1806 R2","TBF","FLUVA"
"2097",1,6.25,3.125,5.00665556136362,9.72438596491229,1.79565784185229,6.53508771929825,"HCC1806 R2","TBF","FLUVA"
"2098",1,6.25,6.25,2.97276872002868,3.11486842105263,-2.31604209254489,1.1140350877193,"HCC1806 R2","TBF","FLUVA"
"2099",1,6.25,12.5,5.02192586690759,7.50035087719299,1.46582077427311,6.65789473684211,"HCC1806 R2","TBF","FLUVA"
"2100",1,6.25,25,5.70675498380051,11.2299561403509,3.61017964294133,8.85087719298245,"HCC1806 R2","TBF","FLUVA"
"2101",1,25,0.78,4.56984217846356,2.2092566943675,3.3046978273493,0.0438596491228083,"HCC1806 R2","TBF","FLUVA"
"2102",1,25,1.56,7.19566803831404,4.28654970760235,4.55706291629656,1.2982456140351,"HCC1806 R2","TBF","FLUVA"
"2103",1,25,3.125,5.34368798135053,2.96114188981225,4.13261125565971,0.877192982456151,"HCC1806 R2","TBF","FLUVA"
"2104",1,25,6.25,4.50407833135866,1.36878654970761,3.31193402890625,0.0614035087719316,"HCC1806 R2","TBF","FLUVA"
"2105",1,25,12.5,5.54006779594357,1.26100338565713,3.95557239709656,0.71052631578948,"HCC1806 R2","TBF","FLUVA"
"2106",1,25,25,7.40543400956514,5.00190443213296,6.68812875885035,3.44736842105263,"HCC1806 R2","TBF","FLUVA"
"2107",1,0.39,0.78,7.37300898447246,29.8748876326685,3.84110474985444,6.0752888557585,"HCC1806 R3","TBF","FLUVA"
"2108",1,0.39,1.56,4.0894397912001,18.1919011059126,-10.5085038971824,-6.07528885575846,"HCC1806 R3","TBF","FLUVA"
"2109",1,0.39,3.125,10.8635784576956,-9.77279745791098,-22.0440983809693,-31.1591502049944,"HCC1806 R3","TBF","FLUVA"
"2110",1,0.39,6.25,3.82139352890013,31.3544446619283,-3.96731865677992,5.9262020126724,"HCC1806 R3","TBF","FLUVA"
"2111",1,0.39,12.5,4.01461134710225,23.1621038804116,-6.65925893236496,-1.13678717853146,"HCC1806 R3","TBF","FLUVA"
"2112",1,0.39,25,0.833457792414915,-3.65756619201614,-50.7467175901414,-25.2143123369362,"HCC1806 R3","TBF","FLUVA"
"2113",1,0.39,50,47.7223033087275,54.2725424738442,38.920641426111,38.4457696608274,"HCC1806 R3","TBF","FLUVA"
"2114",1,1.56,0.78,3.98206352064491,2.10264959771419,-5.42140446011204,-5.47894148341408,"HCC1806 R3","TBF","FLUVA"
"2115",1,1.56,1.56,5.66467795073819,7.39539922892152,-1.52651068448774,-1.58404770778979,"HCC1806 R3","TBF","FLUVA"
"2116",1,1.56,3.125,7.83615445278735,2.75262280736972,2.44292651267962,2.38538948937757,"HCC1806 R3","TBF","FLUVA"
"2117",1,1.56,6.25,5.24889750463885,7.34416972784151,-5.04868735239679,-5.10622437569884,"HCC1806 R3","TBF","FLUVA"
"2118",1,1.56,12.5,19.4484199642832,24.150623832307,15.1339440303837,15.0764070070816,"HCC1806 R3","TBF","FLUVA"
"2119",1,1.56,25,31.8926774414369,31.0667071936902,30.2476227482368,30.1900857249348,"HCC1806 R3","TBF","FLUVA"
"2120",1,1.56,50,31.2135781997412,33.1133450367154,3.35559434390645,49.3663809168841,"HCC1806 R3","TBF","FLUVA"
"2121",1,6.25,0.78,0.505229029189167,3.1279828308413,-0.800201407685663,0.8386134923593,"HCC1806 R3","TBF","FLUVA"
"2122",1,6.25,1.56,1.92903501797045,4.87323103501305,0.523574451192417,2.16175922474842,"HCC1806 R3","TBF","FLUVA"
"2123",1,6.25,3.125,2.50503893552042,2.21674298592386,0.46720058036189,2.10585165859113,"HCC1806 R3","TBF","FLUVA"
"2124",1,6.25,6.25,0.852695142712648,4.22547009518247,-1.17291851540091,0.465896384644054,"HCC1806 R3","TBF","FLUVA"
"2125",1,6.25,12.5,3.18304083260314,5.7777333548749,1.39883051412592,3.03764442787924,"HCC1806 R3","TBF","FLUVA"
"2126",1,6.25,25,1.66428841471438,2.31465242219582,0.411129215175038,2.04994409243385,"HCC1806 R3","TBF","FLUVA"
"2127",1,25,0.78,5.20043067946956,3.81766923586325,3.56058884678333,1.91949310473352,"HCC1806 R3","TBF","FLUVA"
"2128",1,25,1.56,3.22665467009965,1.22318030908987,0.61612367724095,-1.02497204621692,"HCC1806 R3","TBF","FLUVA"
"2129",1,25,3.125,3.65954031330237,0.85601297716785,2.4051657682303,0.76407007081626,"HCC1806 R3","TBF","FLUVA"
"2130",1,25,6.25,4.40859710811894,3.58305749998368,2.10699205527941,0.465896384644068,"HCC1806 R3","TBF","FLUVA"
"2131",1,25,12.5,4.01242991465415,3.52048186779197,2.88969796463323,1.24860231084607,"HCC1806 R3","TBF","FLUVA"
"2132",1,25,25,2.32066727288519,1.80352432295166,3.22514335635036,1.58404770778979,"HCC1806 R3","TBF","FLUVA"
"2133",1,0.39,1.56,2.28756568820879,-18.9886256203846,-19.88782223453,-23.898719182646,"HCC1806 R3","TBF","FLUVA"
"2134",1,0.39,12.5,1.09760766341604,-7.39656892204037,-11.2108399290587,-12.4602058192049,"HCC1806 R3","TBF","FLUVA"
"2135",1,0.39,25,2.23899557746742,5.53185299710701,-6.91994070130274,0.288739172281041,"HCC1806 R3","TBF","FLUVA"
"2136",1,0.39,50,52.8615265122847,54.7140831675789,32.1000530216409,50.5885836973421,"HCC1806 R3","TBF","FLUVA"
"2137",1,1.56,25,12.3096489392611,13.3153928027766,-15.8465021463091,16.8653290886207,"HCC1806 R3","TBF","FLUVA"
"2138",1,1.56,50,29.5355903040505,30.0276981820926,8.15269648175779,46.0946176056859,"HCC1806 R3","TBF","FLUVA"
"2139",1,6.25,0.78,1.22797805001758,4.3249304593777,-1.99336290453822,4.44214111201599,"HCC1806 R3","TBF","FLUVA"
"2140",1,6.25,1.56,2.92390465744471,3.5300496441417,0.0796362810692415,6.51514029762345,"HCC1806 R3","TBF","FLUVA"
"2141",1,6.25,6.25,1.41100842233638,4.35761918491474,-1.31223460069576,5.12326941585845,"HCC1806 R3","TBF","FLUVA"
"2142",1,6.25,25,1.50260514027927,1.17258613861772,-3.80723719194475,2.62826682460945,"HCC1806 R3","TBF","FLUVA"
"2143",1,25,0.78,1.97196974597948,1.35764356017883,0.190689808869635,1.45109942992522,"HCC1806 R3","TBF","FLUVA"
"2144",1,25,1.56,3.83727546882943,3.9425375430454,5.06223789504718,6.32264751610276,"HCC1806 R3","TBF","FLUVA"
"2145",1,25,3.125,0.446697087348099,-0.406348314170387,-1.88230937673782,-0.621899755682236,"HCC1806 R3","TBF","FLUVA"
"2146",1,25,6.25,1.9395651912024,0.137282561695443,-0.512649200532891,0.747760420522695,"HCC1806 R3","TBF","FLUVA"
"2147",1,25,12.5,0.268470875612323,-3.87605945040855,-3.31860166962299,-2.05819204856741,"HCC1806 R3","TBF","FLUVA"
"2148",1,25,25,5.49356691949617,5.60620001916367,5.50645200624878,6.76686162730437,"HCC1806 R3","TBF","FLUVA"
"2149",1,25,50,3.4063605274827,2.12823352307653,6.120948193411,7.38135781446658,"HCC1806 R3","TBF","FLUVA"
"2150",1,0.39,0.78,4.06550284731342,22.5782134825322,16.4668729170727,16.7954289393208,"HCC1937 R1","TBF","FLUVA"
"2151",1,0.39,25,3.6040298991774,6.58146347089399,-7.51456709950072,2.06019636246579,"HCC1937 R1","TBF","FLUVA"
"2152",1,0.39,50,5.008158955318,5.7873426717068,3.38647085883485,4.70787059391597,"HCC1937 R1","TBF","FLUVA"
"2153",1,1.56,0.78,5.98925967674726,3.10602066988868,5.28379504950226,4.65958474167068,"HCC1937 R1","TBF","FLUVA"
"2154",1,1.56,3.125,0.859878891639605,6.14770294804828,0.764750959625363,4.32158377595363,"HCC1937 R1","TBF","FLUVA"
"2155",1,1.56,6.25,1.14173002778796,1.04032579777156,-4.28543750494972,3.45243843553838,"HCC1937 R1","TBF","FLUVA"
"2156",1,1.56,12.5,4.16277154596014,3.52137964329711,-10.4358611603409,7.05778206985352,"HCC1937 R1","TBF","FLUVA"
"2157",1,1.56,25,18.857048811041,18.2191018924743,-0.494464838439306,29.9855142443264,"HCC1937 R1","TBF","FLUVA"
"2158",1,1.56,50,5.46858394510129,5.20616963092682,5.30037069625077,8.0154514727185,"HCC1937 R1","TBF","FLUVA"
"2159",1,6.25,3.125,0.777935182491831,2.52280560308625,-0.658881783728233,1.71414775470788,"HCC1937 R1","TBF","FLUVA"
"2160",1,6.25,12.5,4.1954156288916,4.74333112382621,-1.63840234393106,6.30935136005151,"HCC1937 R1","TBF","FLUVA"
"2161",1,6.25,25,11.8702802709735,11.8847527143403,5.68580471374233,20.601963624658,"HCC1937 R1","TBF","FLUVA"
"2162",1,25,1.56,0.0806115716859352,-0.857430729982639,0.386139345899892,-0.273619829389986,"HCC1937 R1","TBF","FLUVA"
"2163",1,25,3.125,1.20580022113008,2.90145797678835,3.17867113408596,2.51891195879608,"HCC1937 R1","TBF","FLUVA"
"2164",1,25,6.25,0.767994886636302,0.0821745467110304,-0.146443997112343,0.587477868984394,"HCC1937 R1","TBF","FLUVA"
"2165",1,25,12.5,1.73256314376529,1.69760948115598,1.70451367229052,2.43843553838725,"HCC1937 R1","TBF","FLUVA"
"2166",1,25,25,0.613575118640767,0.624319826584397,4.01418693802366,4.74810880412039,"HCC1937 R1","TBF","FLUVA"
"2167",1,0.39,1.56,0.800382950232392,2.22197406135316,-94.1144357645405,-7.48782734570339,"HCC1937 R1","TBF","FLUVA"
"2168",1,0.39,6.25,2.70610105105032,2.44168085365813,-91.2785363040852,-7.04040005263853,"HCC1937 R1","TBF","FLUVA"
"2169",1,0.39,12.5,4.82224538944325,3.73026828856851,-85.4422420548419,-5.35596789051192,"HCC1937 R1","TBF","FLUVA"
"2170",1,0.39,25,10.556028055695,17.7720155274239,-62.6366097347997,9.44861165942888,"HCC1937 R1","TBF","FLUVA"
"2171",1,0.39,50,9.07375753883598,7.60012446834824,-5.08298425776327,5.17173312277932,"HCC1937 R1","TBF","FLUVA"
"2172",1,1.56,0.78,2.26763786059093,3.91493512983101,-71.4140804546313,-0.848795894196599,"HCC1937 R1","TBF","FLUVA"
"2173",1,1.56,1.56,2.06014380327649,0.36311927025257,-71.7825499900965,-1.21726542966181,"HCC1937 R1","TBF","FLUVA"
"2174",1,1.56,3.125,3.13979692334059,5.31973389258025,-70.6245028786344,-0.0592183181997541,"HCC1937 R1","TBF","FLUVA"
"2175",1,1.56,6.25,4.47820153598279,4.52560698927686,-65.5712063922547,4.99407816818004,"HCC1937 R1","TBF","FLUVA"
"2176",1,1.56,12.5,6.10967886671441,1.7997334513284,-64.7355701243247,5.82971443611002,"HCC1937 R1","TBF","FLUVA"
"2177",1,1.56,25,34.9983118887858,35.0863682082825,-24.5855503848853,45.9797341755494,"HCC1937 R1","TBF","FLUVA"
"2178",1,1.56,50,10.1272864376633,11.1237230690257,4.49064385119843,14.745361231741,"HCC1937 R1","TBF","FLUVA"
"2179",1,6.25,0.78,0.65815537545528,2.43689730613152,-26.7897877845431,0.0986971969996091,"HCC1937 R1","TBF","FLUVA"
"2180",1,6.25,3.125,1.85305351444939,5.62082679962826,-23.9078296321546,2.98065534938808,"HCC1937 R1","TBF","FLUVA"
"2181",1,6.25,6.25,1.19066127370738,0.632014040536745,-26.0265294610795,0.861955520463219,"HCC1937 R1","TBF","FLUVA"
"2182",1,6.25,12.5,4.83636047349285,3.83850400662045,-21.0719301716993,5.8165548098434,"HCC1937 R1","TBF","FLUVA"
"2183",1,6.25,25,15.2744528342261,17.0047932107343,-4.53685976769879,22.3516252138439,"HCC1937 R1","TBF","FLUVA"
"2184",1,25,0.78,2.04761858444999,3.57338663267711,-7.60963250095317,2.18449796025793,"HCC1937 R1","TBF","FLUVA"
"2185",1,25,1.56,2.76586641602806,3.67171756293698,-6.58318165215726,3.21094880905383,"HCC1937 R1","TBF","FLUVA"
"2186",1,25,3.125,0.711776239264438,0.304935244300182,-11.057454582806,-1.26332412159495,"HCC1937 R1","TBF","FLUVA"
"2187",1,25,6.25,3.23487325560984,3.31123705838037,-6.34630837935822,3.44782208185288,"HCC1937 R1","TBF","FLUVA"
"2188",1,25,12.5,3.0858299076027,1.4701245571874,-7.14904558162168,2.64508487958942,"HCC1937 R1","TBF","FLUVA"
"2189",1,25,25,3.56246600245409,3.12744778529932,-3.49066947950297,6.30346098170813,"HCC1937 R1","TBF","FLUVA"
"2190",1,0.39,25,4.02472627056061,6.48936059340613,-14.0942746279265,4.42359249329759,"HCC1937 R1 ","TBF","FLUVA"
"2191",1,0.39,50,12.4523550227283,13.1566163416685,-0.137137415725647,12.627345844504,"HCC1937 R1 ","TBF","FLUVA"
"2192",1,1.56,25,26.7190178024267,26.2208238397458,-4.64586687973493,34.0951742627346,"HCC1937 R1 ","TBF","FLUVA"
"2193",1,1.56,50,12.4532795623576,12.0967860762314,4.01835856282663,16.7828418230563,"HCC1937 R1 ","TBF","FLUVA"
"2194",1,6.25,12.5,4.2917734609821,4.65020951778565,11.5940795009621,5.58981233243966,"HCC1937 R1 ","TBF","FLUVA"
"2195",1,6.25,25,18.1428389673105,17.8330614034457,-3.34759317980071,21.2868632707775,"HCC1937 R1 ","TBF","FLUVA"
"2196",1,6.25,50,3.11533367080135,3.50110329262772,5.75428349580251,18.5187667560322,"HCC1937 R1 ","TBF","FLUVA"
"2197",1,25,0.78,0.750208200587338,0.790520847558739,-0.726949748165325,0.971849865951739,"HCC1937 R1 ","TBF","FLUVA"
"2198",1,25,1.56,0.915464284919238,0.715303782820257,-0.860998005537979,0.837801608579085,"HCC1937 R1 ","TBF","FLUVA"
"2199",1,25,3.125,1.40284588285253,1.3786306233783,-0.626413555135841,1.07238605898122,"HCC1937 R1 ","TBF","FLUVA"
"2200",1,25,6.25,2.18629477889502,1.62834761264725,0.365543549421801,2.06434316353887,"HCC1937 R1 ","TBF","FLUVA"
"2201",1,25,12.5,3.43746656370783,3.11516919549483,1.7395381874915,3.43833780160857,"HCC1937 R1 ","TBF","FLUVA"
"2202",1,25,25,3.75178085259914,4.38179854667251,3.87090547971671,5.56970509383378,"HCC1937 R1 ","TBF","FLUVA"
"2203",1,0.39,0.78,3.80339575342661,19.7818379350546,2.41235481016017,13.1382577345519,"HCC1937 R2","TBF","FLUVA"
"2204",1,0.39,1.56,3.01565900029254,-6.20647408539735,-12.4949982543154,-5.53366311729691,"HCC1937 R2","TBF","FLUVA"
"2205",1,0.39,3.125,0.153644817842891,7.88399124213115,-7.18771226454429,3.53819065984742,"HCC1937 R2","TBF","FLUVA"
"2206",1,0.39,25,1.36006368674955,3.92748348265364,-14.1953936146128,4.49400519828957,"HCC1937 R2","TBF","FLUVA"
"2207",1,0.39,50,5.6209163421294,5.71279425031945,9.93297704075746,5.83549928733127,"HCC1937 R2","TBF","FLUVA"
"2208",1,1.56,0.78,5.42106506259996,4.19824972953707,-4.70094339820182,-1.07319527123335,"HCC1937 R2","TBF","FLUVA"
"2209",1,1.56,1.56,1.41434801429325,-2.79146507706685,-2.89831071605207,0.729437410916404,"HCC1937 R2","TBF","FLUVA"
"2210",1,1.56,3.125,2.14284286176939,2.04805400371333,-5.02793258240573,-1.40018445543726,"HCC1937 R2","TBF","FLUVA"
"2211",1,1.56,6.25,1.27415064048464,6.66299626632991,-0.617770764681229,3.00997736228724,"HCC1937 R2","TBF","FLUVA"
"2212",1,1.56,12.5,0.77052581592465,-2.80009123723212,-12.5185260033106,4.51915821245913,"HCC1937 R2","TBF","FLUVA"
"2213",1,1.56,25,22.1362137914804,23.240418507183,8.20417813594203,38.6517984405131,"HCC1937 R2","TBF","FLUVA"
"2214",1,1.56,50,5.0249461932533,4.73050089393691,-0.886198588582118,8.42625974679299,"HCC1937 R2","TBF","FLUVA"
"2215",1,6.25,6.25,1.36282525155178,2.11575435257477,-2.18739625251552,0.377295212542968,"HCC1937 R2","TBF","FLUVA"
"2216",1,6.25,12.5,5.56109929729131,3.50094794618127,4.4194621360147,6.98415360107319,"HCC1937 R2","TBF","FLUVA"
"2217",1,6.25,25,13.4999231015794,13.5260103473571,4.88560553073818,20.860233084598,"HCC1937 R2","TBF","FLUVA"
"2218",1,25,0.78,1.46440933695658,1.74509729751209,5.73242367444573,0.645594030351305,"HCC1937 R2","TBF","FLUVA"
"2219",1,25,1.56,0.57400529804363,-0.172629351964062,5.64858029388063,0.561750649786205,"HCC1937 R2","TBF","FLUVA"
"2220",1,25,3.125,1.03114068235564,1.40673966231046,5.77434536472828,0.687515720633854,"HCC1937 R2","TBF","FLUVA"
"2221",1,25,6.25,0.346044097015167,1.42429918107575,-7.66074373824254,0.662362706464336,"HCC1937 R2","TBF","FLUVA"
"2222",1,25,12.5,0.966868455916327,0.234082395358215,-6.56239545283968,1.7607109918672,"HCC1937 R2","TBF","FLUVA"
"2223",1,25,25,1.41689499065025,2.34435357221061,-2.76429031324045,5.55881613146643,"HCC1937 R2","TBF","FLUVA"
"2224",1,0.39,6.25,0.363474678881637,-6.91175093953785,-50.3504659941993,-6.79260926211062,"HCC1937 R2","TBF","FLUVA"
"2225",1,0.39,25,12.6272163688667,14.9696312996157,-14.7233192454134,15.0716569939595,"HCC1937 R2","TBF","FLUVA"
"2226",1,0.39,50,5.77943437014325,5.83615463214041,-11.9802232195774,5.86284496032216,"HCC1937 R2","TBF","FLUVA"
"2227",1,1.56,6.25,0.234594243717776,-1.91913398708878,-29.6765349270431,1.58711358521852,"HCC1937 R2","TBF","FLUVA"
"2228",1,1.56,12.5,6.35685016994175,5.16392162594013,-20.823046830395,10.4406016818666,"HCC1937 R2","TBF","FLUVA"
"2229",1,1.56,25,30.6145102429178,31.1692008566998,14.9047750338712,44.6997512732441,"HCC1937 R2","TBF","FLUVA"
"2230",1,1.56,50,7.38709418317019,7.76557735776946,-6.53784491802583,11.3052232618737,"HCC1937 R2","TBF","FLUVA"
"2231",1,6.25,0.78,0.940862348302339,2.39285820350018,12.2220793096026,1.98981404713964,"HCC1937 R2","TBF","FLUVA"
"2232",1,6.25,3.125,0.98078248524255,1.318033805757,11.9259760287783,1.69371076631529,"HCC1937 R2","TBF","FLUVA"
"2233",1,6.25,6.25,1.89977125035279,0.439068243533008,12.4352736717962,2.20300840933317,"HCC1937 R2","TBF","FLUVA"
"2234",1,6.25,12.5,7.13308331795564,6.12188325081463,19.0087665060968,8.77650124363377,"HCC1937 R2","TBF","FLUVA"
"2235",1,6.25,25,13.2397313125281,14.6559417354597,-16.1908118728997,22.2018239962099,"HCC1937 R2","TBF","FLUVA"
"2236",1,0.39,6.25,0.339757594443217,-4.67248201748207,-29.8742234609017,-7.18217732012175,"HCC1937 R2 ","TBF","FLUVA"
"2237",1,0.39,12.5,2.00566213734302,-0.377942313734125,-24.8551184806543,-2.86898516935432,"HCC1937 R2 ","TBF","FLUVA"
"2238",1,0.39,25,14.1668500340853,18.4764894172088,-2.55733983937461,16.0740884657729,"HCC1937 R2 ","TBF","FLUVA"
"2239",1,0.39,50,17.8132385831965,18.7044232257341,3.36080988193298,18.0040152839842,"HCC1937 R2 ","TBF","FLUVA"
"2240",1,1.56,3.125,0.35451405311467,1.83897223205027,-5.48461138914471,1.34706301405348,"HCC1937 R2 ","TBF","FLUVA"
"2241",1,1.56,6.25,2.28664081165398,1.520730163611,-1.33980211513396,5.49187228806423,"HCC1937 R2 ","TBF","FLUVA"
"2242",1,1.56,12.5,6.85731956892111,2.67194206453991,0.369931710395484,7.20160611359367,"HCC1937 R2 ","TBF","FLUVA"
"2243",1,1.56,25,33.2480543617127,32.6062448260085,2.74614276689153,39.7901690305032,"HCC1937 R2 ","TBF","FLUVA"
"2244",1,1.56,50,16.5748662160624,16.076698516542,6.96808920322046,21.6112946052717,"HCC1937 R2 ","TBF","FLUVA"
"2245",1,6.25,1.56,0.379413544884699,1.37545187735986,8.90507029749187,2.05297584353346,"HCC1937 R2 ","TBF","FLUVA"
"2246",1,6.25,3.125,0.733965232098029,2.14892446384314,8.78202127216968,1.92992681821127,"HCC1937 R2 ","TBF","FLUVA"
"2247",1,6.25,6.25,3.48575988465723,2.37038326613786,10.9904274634785,4.13833300952012,"HCC1937 R2 ","TBF","FLUVA"
"2248",1,6.25,12.5,9.6755745421955,8.24179963298317,-13.1018544532785,10.2584029531766,"HCC1937 R2 ","TBF","FLUVA"
"2249",1,6.25,25,18.7476210088873,20.5178024483149,0.355823158275186,23.7160805647303,"HCC1937 R2 ","TBF","FLUVA"
"2250",1,6.25,50,5.13020740163014,5.23758044795744,-22.4476821248441,22.4078751376206,"HCC1937 R2 ","TBF","FLUVA"
"2251",1,25,3.125,0.440924140900123,0.695311988536943,2.74556475532201,0.634673920082889,"HCC1937 R2 ","TBF","FLUVA"
"2252",1,25,6.25,0.52572411142117,0.203434227041484,2.80385113573779,0.692960300498669,"HCC1937 R2 ","TBF","FLUVA"
"2253",1,25,12.5,1.66616838170779,1.34564621323429,4.0149125954878,1.90402176024868,"HCC1937 R2 ","TBF","FLUVA"
"2254",1,25,25,3.04218704287079,2.54685172199243,-24.6690408451342,3.43242018004014,"HCC1937 R2 ","TBF","FLUVA"
"2255",1,0.39,0.78,10.8790426216644,33.268982275339,-19.5716845770799,13.6226793778224,"HCC1937 R3","TBF","FLUVA"
"2256",1,0.39,1.56,5.6493433721275,6.45611091124228,-39.3492393521258,-6.15487539722359,"HCC1937 R3","TBF","FLUVA"
"2257",1,0.39,3.125,4.85902914187549,6.05591583700116,-42.3514136287608,-9.1570496738585,"HCC1937 R3","TBF","FLUVA"
"2258",1,0.39,6.25,3.98603490797708,5.44418426526629,-42.192524182365,-8.99816022746279,"HCC1937 R3","TBF","FLUVA"
"2259",1,0.39,12.5,4.34103344027962,-13.6956769667242,-41.4231647577121,-21.6842281317946,"HCC1937 R3","TBF","FLUVA"
"2260",1,0.39,50,2.39395954997578,3.0236255617413,-12.5548961379504,1.56380665663156,"HCC1937 R3","TBF","FLUVA"
"2261",1,1.56,0.78,17.8537950837298,22.7897882316043,-7.80550294135483,6.55628031443385,"HCC1937 R3","TBF","FLUVA"
"2262",1,1.56,1.56,10.7831881677564,9.60077391906404,-15.1813182950929,-0.819535039304242,"HCC1937 R3","TBF","FLUVA"
"2263",1,1.56,3.125,13.446178886271,17.621305499728,-9.31077138089321,5.05101187489547,"HCC1937 R3","TBF","FLUVA"
"2264",1,1.56,6.25,18.8096017267571,27.0531237991609,0.757801959130191,15.1195852149189,"HCC1937 R3","TBF","FLUVA"
"2265",1,1.56,12.5,20.6356991287589,11.898573423104,2.05400533762158,16.4157885934103,"HCC1937 R3","TBF","FLUVA"
"2266",1,1.56,25,31.6349547751379,34.4061493478835,-2.05174996614532,43.2095668171935,"HCC1937 R3","TBF","FLUVA"
"2267",1,1.56,50,6.31159486058355,5.8604205984815,-6.45019635537803,7.6685064392039,"HCC1937 R3","TBF","FLUVA"
"2268",1,6.25,0.78,2.04318055248878,6.89258169328281,-2.67894514928632,-0.593744773373473,"HCC1937 R3","TBF","FLUVA"
"2269",1,6.25,1.56,3.4924493356021,2.76500729080745,-4.12567537173155,-2.0404749958187,"HCC1937 R3","TBF","FLUVA"
"2270",1,6.25,3.125,3.77795035447181,3.17112290295401,-4.71105754266314,-2.62585716675029,"HCC1937 R3","TBF","FLUVA"
"2271",1,6.25,6.25,7.24477226641092,7.01696194248023,-0.571569333932587,1.51363104198026,"HCC1937 R3","TBF","FLUVA"
"2272",1,6.25,12.5,12.6023884302633,9.03907949440368,9.03706087178743,11.1222612477003,"HCC1937 R3","TBF","FLUVA"
"2273",1,6.25,25,17.4305288700774,16.8981117246484,21.2213726296065,23.3065730055193,"HCC1937 R3","TBF","FLUVA"
"2274",1,25,0.78,2.61845793292095,3.07400887775779,-13.8929125286512,-0.0250878073256331,"HCC1937 R3","TBF","FLUVA"
"2275",1,25,1.56,1.30678809229804,0.801824476765304,-15.0553142680725,-1.18748954674695,"HCC1937 R3","TBF","FLUVA"
"2276",1,25,3.125,1.33238985832064,1.97326926788222,-14.2943174458614,-0.426492724535876,"HCC1937 R3","TBF","FLUVA"
"2277",1,25,6.25,0.789769717121885,2.56252923029567,-13.5834962383016,0.284328483023913,"HCC1937 R3","TBF","FLUVA"
"2278",1,25,12.5,2.52931380608172,2.28196874375585,-10.7234862031787,3.14433851814685,"HCC1937 R3","TBF","FLUVA"
"2279",1,25,25,0.840477793699947,2.36466605634635,-8.85026325619756,5.01756146512795,"HCC1937 R3","TBF","FLUVA"
"2280",1,0.39,12.5,4.02844428887003,-1.16494688971232,-20.9986324455754,-3.83661119515887,"HCC1937 R3","TBF","FLUVA"
"2281",1,0.39,25,14.2356535622472,18.7673934647224,7.48548253173172,16.3449319213313,"HCC1937 R3","TBF","FLUVA"
"2282",1,0.39,50,9.02120985851053,9.32041188223958,-3.37766947657227,8.62329803328291,"HCC1937 R3","TBF","FLUVA"
"2283",1,1.56,6.25,0.516892605131478,1.8969089606588,-5.1741241248492,4.62934947049925,"HCC1937 R3","TBF","FLUVA"
"2284",1,1.56,12.5,6.09191422334516,2.22813259147535,1.39773669209482,11.2012102874433,"HCC1937 R3","TBF","FLUVA"
"2285",1,1.56,25,33.0916500371852,34.3354486509003,9.97221212515915,49.143721633888,"HCC1937 R3","TBF","FLUVA"
"2286",1,1.56,50,8.97161481972908,8.88233213784643,1.14275412403288,13.143721633888,"HCC1937 R3","TBF","FLUVA"
"2287",1,6.25,12.5,4.13612218962453,2.72512715113258,11.3398369360517,6.78971255673222,"HCC1937 R3","TBF","FLUVA"
"2288",1,6.25,25,10.6046670041657,11.9931865028232,-6.63334269896258,19.1285930408472,"HCC1937 R3","TBF","FLUVA"
"2289",1,25,0.78,0.904298353309272,1.96720121028744,-10.6151883873136,2.16036308623298,"HCC1937 R3","TBF","FLUVA"
"2290",1,25,1.56,0.580355131745463,0.715521936459922,-11.3353094160579,1.44024205748866,"HCC1937 R3","TBF","FLUVA"
"2291",1,25,3.125,0.93073224317294,0.929742813918295,-11.3171551044089,1.45839636913767,"HCC1937 R3","TBF","FLUVA"
"2292",1,25,6.25,1.38430749929202,1.3753706505295,-10.5970340756646,2.17851739788199,"HCC1937 R3","TBF","FLUVA"
"2293",1,25,12.5,1.47210359072277,0.0251739788199643,-10.1129190983574,2.6626323751891,"HCC1937 R3","TBF","FLUVA"
"2294",1,25,25,2.15168580589054,2.1112254160363,-6.03425041454503,6.74130105900151,"HCC1937 R3","TBF","FLUVA"
"2295",1,0.39,12.5,2.95993549401643,-5.16696210330598,-42.6773277711148,-7.97144556811422,"HCC1937 R3 ","TBF","FLUVA"
"2296",1,0.39,25,4.8518556703179,9.87085130931693,-26.1131133484828,7.11216868266246,"HCC1937 R3 ","TBF","FLUVA"
"2297",1,0.39,50,14.2429647107552,14.8307462819554,-0.166368791572651,14.098750743605,"HCC1937 R3 ","TBF","FLUVA"
"2298",1,1.56,12.5,3.09486579421185,-2.92388099661961,-19.4305831085462,4.5409478485029,"HCC1937 R3 ","TBF","FLUVA"
"2299",1,1.56,25,28.6293024917157,29.7548540633265,14.4315360004497,38.4030669574989,"HCC1937 R3 ","TBF","FLUVA"
"2300",1,1.56,50,14.5596050207877,14.1010623682489,4.58609336719529,18.8512129023729,"HCC1937 R3 ","TBF","FLUVA"
"2301",1,6.25,1.56,0.0195170664558475,1.07357248516746,-23.0429634111774,0.733690263731916,"HCC1937 R3 ","TBF","FLUVA"
"2302",1,6.25,6.25,1.49753976881149,2.132496671136,-21.7011695054334,2.07548416947584,"HCC1937 R3 ","TBF","FLUVA"
"2303",1,6.25,12.5,6.273478228859,4.02697814067706,-16.6512653478553,7.125388327054,"HCC1937 R3 ","TBF","FLUVA"
"2304",1,6.25,25,16.1459381702206,16.9537325684289,-3.23332629041593,20.5433273844934,"HCC1937 R3 ","TBF","FLUVA"
"2305",1,6.25,50,3.65196739475917,3.9768271141696,5.52468811899647,19.7898076541741,"HCC1937 R3 ","TBF","FLUVA"
"2306",1,25,0.78,0.691761697655537,0.638940304078304,-1.48172340853344,0.442858087117457,"HCC1937 R3 ","TBF","FLUVA"
"2307",1,25,1.56,0.857997749479594,0.486152881242205,-1.55443145268706,0.370150042963843,"HCC1937 R3 ","TBF","FLUVA"
"2308",1,25,3.125,1.98041389068698,2.3263258077172,0.14429285162916,2.06887434728006,"HCC1937 R3 ","TBF","FLUVA"
"2309",1,25,6.25,2.51225384180802,2.53119097501195,0.587150938746618,2.51173243439752,"HCC1937 R3 ","TBF","FLUVA"
"2310",1,25,12.5,3.25312810635437,2.23419461164622,1.367109957849,3.29169145349989,"HCC1937 R3 ","TBF","FLUVA"
"2311",1,25,25,3.11650281053167,3.52071268327101,2.82127084092124,4.74585233657214,"HCC1937 R3 ","TBF","FLUVA"
"2312",1,0.39,0.78,1.51886858770107,-0.550423479028382,-3.43768391303791,-4.74628497589585,"HCC1954 R1","TBF","FLUVA"
"2313",1,0.39,1.56,0.847927779612144,-1.85019442570746,-6.13635694121741,-6.10307638785348,"HCC1954 R1","TBF","FLUVA"
"2314",1,0.39,3.125,2.55758435865949,-4.25184010673109,-4.97339287382516,-8.35942547587101,"HCC1954 R1","TBF","FLUVA"
"2315",1,0.39,6.25,0.539715273425524,0.469919029531401,-5.62445395428834,-3.85666716365984,"HCC1954 R1","TBF","FLUVA"
"2316",1,0.39,12.5,0.0336605969077706,-2.83445213117862,-10.7733034150507,-7.23622086377416,"HCC1954 R1","TBF","FLUVA"
"2317",1,0.39,25,8.37869509009363,12.0606309166652,-4.95328076233731,8.31966602057553,"HCC1954 R1","TBF","FLUVA"
"2318",1,1.56,0.78,1.77952253429325,1.68995345665308,-1.28073346325905,-2.58933452611699,"HCC1954 R1","TBF","FLUVA"
"2319",1,1.56,1.56,1.50710125296653,1.29087392627911,-3.07984881537875,-3.04656826201482,"HCC1954 R1","TBF","FLUVA"
"2320",1,1.56,3.125,4.14116968472849,1.80865927136546,1.00543521623001,-2.38059738581583,"HCC1954 R1","TBF","FLUVA"
"2321",1,1.56,6.25,8.56098167887506,15.4607705238088,9.28037184959814,11.0481586402266,"HCC1954 R1","TBF","FLUVA"
"2322",1,1.56,12.5,13.636447726689,19.7271005224811,10.7641812394474,15.237811241986,"HCC1954 R1","TBF","FLUVA"
"2323",1,1.56,25,25.6622119045811,24.4505039526026,-37.5920671451439,20.635157298345,"HCC1954 R1","TBF","FLUVA"
"2324",1,6.25,0.78,2.04225865840655,3.15902986029989,-1.36866607472439,3.90636648277918,"HCC1954 R1","TBF","FLUVA"
"2325",1,6.25,1.56,1.9051556484881,3.67826659050203,-7.26626696936463,3.62805029571094,"HCC1954 R1","TBF","FLUVA"
"2326",1,6.25,3.125,4.59943317514552,6.98866040663713,-11.2890646766569,8.9707271010387,"HCC1954 R1","TBF","FLUVA"
"2327",1,6.25,6.25,4.64054142200088,9.27157507872065,-26.1175557557603,8.19044779086526,"HCC1954 R1","TBF","FLUVA"
"2328",1,6.25,12.5,6.73862066506199,7.46545252027875,-41.1503834715277,5.3327369415039,"HCC1954 R1","TBF","FLUVA"
"2329",1,6.25,25,29.183751251138,30.0849338664244,-11.1612448866505,37.1949704289051,"HCC1954 R1","TBF","FLUVA"
"2330",1,6.25,50,0.981040416400646,1.05007145021217,5.06338378997738,5.23333830326524,"HCC1954 R1","TBF","FLUVA"
"2331",1,25,0.78,0.278709276730098,0.399267499072593,0.526643667633877,0.526812782664877,"HCC1954 R1","TBF","FLUVA"
"2332",1,25,1.56,0.701234403091888,1.38027144414038,1.37135459775344,1.37170120769346,"HCC1954 R1","TBF","FLUVA"
"2333",1,25,12.5,0.92789729528603,1.49712745913664,1.13220233790618,1.13314447592069,"HCC1954 R1","TBF","FLUVA"
"2334",1,25,25,2.32925315535284,1.93749217759368,3.14996205727905,3.1509368321654,"HCC1954 R1","TBF","FLUVA"
"2335",1,0.39,3.125,1.23588296622736,-9.67376339892269,-11.0331293341081,-9.61888346260653,"HCC1954 R1","TBF","FLUVA"
"2336",1,0.39,50,0.850640848684023,0.869263805323072,2.2524921411582,1.60394522646749,"HCC1954 R1","TBF","FLUVA"
"2337",1,1.56,25,0.802740856229946,4.88467194575894,-33.7730591598985,7.73245236043283,"HCC1954 R1","TBF","FLUVA"
"2338",1,6.25,3.125,0.191613589291435,-1.92843832360307,-4.54161129299794,-1.91037058316576,"HCC1954 R1","TBF","FLUVA"
"2339",1,6.25,12.5,1.51800486434881,2.59051684420211,-9.63022432530101,0.493153308436277,"HCC1954 R1","TBF","FLUVA"
"2340",1,6.25,25,15.7393807888688,15.4209870174427,2.19982528297568,16.6044240160873,"HCC1954 R1","TBF","FLUVA"
"2341",1,6.25,50,0.814822137270781,0.803130960427595,11.6198005788493,12.0415589390022,"HCC1954 R1","TBF","FLUVA"
"2342",1,25,0.78,0.0650489204413702,-0.158700671980739,-0.0695587864590834,-0.426122761658519,"HCC1954 R1","TBF","FLUVA"
"2343",1,25,3.125,0.209218334688813,0.0211170842672317,0.380503456191491,0.0239394809920555,"HCC1954 R1","TBF","FLUVA"
"2344",1,25,6.25,0.00775456567762944,-0.0978018233508067,-0.0168919282765785,-0.373455903476014,"HCC1954 R1","TBF","FLUVA"
"2345",1,25,12.5,0.16392819560987,0.284542154021821,0.313472909413747,-0.0430910657856884,"HCC1954 R1","TBF","FLUVA"
"2346",1,0.39,0.78,0.111783338607279,0.395156259645263,-10.9176638021419,-0.926812287877468,"HCC1954 R1","TBF","FLUVA"
"2347",1,0.39,3.125,0.117794157867533,-1.60733109522038,-12.8496105430696,-2.92837873118093,"HCC1954 R1","TBF","FLUVA"
"2348",1,0.39,12.5,0.463741986719916,-0.359840134296824,-10.8349904055706,-1.67087285701857,"HCC1954 R1","TBF","FLUVA"
"2349",1,0.39,25,3.05795894559678,5.12475962295971,-1.84099510490054,3.85954225045688,"HCC1954 R1","TBF","FLUVA"
"2350",1,0.39,50,15.3634024895621,15.6936439554906,9.96303722240329,15.290227134279,"HCC1954 R1","TBF","FLUVA"
"2351",1,1.56,25,11.4553638576233,11.1845118185329,-12.050720528477,15.2423635888957,"HCC1954 R1","TBF","FLUVA"
"2352",1,1.56,50,17.8043894679157,17.4381978787665,2.6085878775979,18.7320511704812,"HCC1954 R1","TBF","FLUVA"
"2353",1,6.25,3.125,0.0755755707772394,-0.118914598789154,-4.38558736707393,-0.052214776781824,"HCC1954 R1","TBF","FLUVA"
"2354",1,6.25,25,18.3084506758862,18.4841828251493,-5.21840912691357,20.7075102253938,"HCC1954 R1","TBF","FLUVA"
"2355",1,6.25,50,7.14895213591119,7.7206266112497,-4.28463093896798,22.635105734923,"HCC1954 R1","TBF","FLUVA"
"2356",1,25,1.56,0.634691368765942,1.38765771453031,4.05319670189519,1.21399356017754,"HCC1954 R1","TBF","FLUVA"
"2357",1,25,6.25,0.171182281094033,0.329338725442199,3.11333071982226,0.274127578104611,"HCC1954 R1","TBF","FLUVA"
"2358",1,25,12.5,0.376941765019566,0.267463086536125,3.20905781058894,0.369854668871298,"HCC1954 R1","TBF","FLUVA"
"2359",1,25,25,1.82374574901712,1.78247696295423,-5.67267375508494,2.28439648420503,"HCC1954 R1","TBF","FLUVA"
"2360",1,0.39,0.78,3.93187199658124,-20.8801037450795,-10.3459655631645,-14.4214856494397,"HCC1954 R2","TBF","FLUVA"
"2361",1,0.39,1.56,1.38309823385643,-9.65580298511805,-4.12817748807817,-8.20369757435338,"HCC1954 R2","TBF","FLUVA"
"2362",1,0.39,6.25,0.518624118153518,-7.59154304708426,-7.55434208078257,-10.6908128043879,"HCC1954 R2","TBF","FLUVA"
"2363",1,0.39,12.5,0.109212157716971,-13.8024343268438,-12.9645227012474,-14.222894699513,"HCC1954 R2","TBF","FLUVA"
"2364",1,0.39,50,0.497633960122201,0.0873997997510116,0.621176979245618,0.974041325830996,"HCC1954 R2","TBF","FLUVA"
"2365",1,1.56,25,6.28395210241519,6.74038867193228,-26.3759165468041,17.0835500496477,"HCC1954 R2","TBF","FLUVA"
"2366",1,1.56,50,2.12605095155661,2.1379260648293,1.80643956023772,3.42332970826043,"HCC1954 R2","TBF","FLUVA"
"2367",1,6.25,25,18.4842060230354,18.4917033696289,0.125630371733962,24.379403281479,"HCC1954 R2","TBF","FLUVA"
"2368",1,25,0.78,1.86455445748364,1.59956241836869,1.87229783465747,2.43037495862689,"HCC1954 R2","TBF","FLUVA"
"2369",1,25,1.56,1.79335379032051,1.72819073652668,1.35690703603815,1.91498416000756,"HCC1954 R2","TBF","FLUVA"
"2370",1,25,3.125,2.21021454839861,3.17754932327084,1.75408893589157,2.31216605986099,"HCC1954 R2","TBF","FLUVA"
"2371",1,25,6.25,1.76695957373926,1.33016462313743,0.373408998305877,0.931486122275288,"HCC1954 R2","TBF","FLUVA"
"2372",1,25,12.5,3.2597120332582,3.26464014444493,1.71342720384253,3.21055369048182,"HCC1954 R2","TBF","FLUVA"
"2373",1,25,25,2.71922012857196,2.94539932027978,1.92915875486369,4.63378883162325,"HCC1954 R2","TBF","FLUVA"
"2374",1,0.39,0.78,0.345279173803234,13.3333901540928,0.958003533490366,13.2108183079057,"HCC1954 R2","TBF","FLUVA"
"2375",1,0.39,12.5,0.559777308036642,-3.50741861453793,-14.9487232348869,-2.69590846047159,"HCC1954 R2","TBF","FLUVA"
"2376",1,0.39,25,3.95353539818165,6.2832352599761,-1.94161505180783,8.6641816920943,"HCC1954 R2","TBF","FLUVA"
"2377",1,0.39,50,5.61745882930501,5.43342143919968,-4.4784521196101,5.89025658807212,"HCC1954 R2","TBF","FLUVA"
"2378",1,1.56,25,13.7941284551439,13.2513122101277,-14.9362389219246,16.8082524271845,"HCC1954 R2","TBF","FLUVA"
"2379",1,1.56,50,10.8467308950422,10.8427414584459,-12.419071960355,13.3971914008322,"HCC1954 R2","TBF","FLUVA"
"2380",1,6.25,12.5,1.53291343425938,1.57020367766299,-0.638040323247978,1.78571428571429,"HCC1954 R2","TBF","FLUVA"
"2381",1,6.25,25,11.4813899261787,12.2408103586602,-4.56080302113575,13.3105062413315,"HCC1954 R2","TBF","FLUVA"
"2382",1,6.25,50,0.640173762176232,0.776165061768879,-11.4091898521719,14.4070735090152,"HCC1954 R2","TBF","FLUVA"
"2383",1,25,0.78,0.347019607589971,0.604300048296025,3.71329545320543,0.59812760055479,"HCC1954 R2","TBF","FLUVA"
"2384",1,25,3.125,0.156238050705014,0.268433753962753,3.33188075140238,0.216712898751737,"HCC1954 R2","TBF","FLUVA"
"2385",1,25,6.25,0.186911620570626,0.389967121557376,3.37955758912777,0.264389736477128,"HCC1954 R2","TBF","FLUVA"
"2386",1,25,25,0.622742950843289,0.30426877972063,-11.8252786177753,0.507108183079069,"HCC1954 R2","TBF","FLUVA"
"2387",1,0.39,12.5,0.609228025035597,-2.9728682851545,-5.54273923329191,-1.46126157010626,"HCC1954 R2","TBF","FLUVA"
"2388",1,0.39,25,2.43785637597556,4.49350379350347,2.01639686543966,6.00359958861846,"HCC1954 R2","TBF","FLUVA"
"2389",1,0.39,50,17.6721709166573,17.5479636648216,8.17260213148901,17.997943092218,"HCC1954 R2","TBF","FLUVA"
"2390",1,1.56,12.5,0.792110518838145,-0.373385996691216,-1.3346487293495,2.74682893383616,"HCC1954 R2","TBF","FLUVA"
"2391",1,1.56,25,7.86870639507768,7.26600294115952,-11.6003197302866,10.3830990743915,"HCC1954 R2","TBF","FLUVA"
"2392",1,1.56,50,18.7566210444627,18.5132292241678,0.618614762662574,19.4420637641412,"HCC1954 R2","TBF","FLUVA"
"2393",1,6.25,25,11.9952171777261,12.1987327017664,-7.87556379240539,14.5483373328762,"HCC1954 R2","TBF","FLUVA"
"2394",1,6.25,50,5.56904849950357,5.87953815122044,-5.28556115604388,22.5359958861844,"HCC1954 R2","TBF","FLUVA"
"2395",1,25,1.56,0.238237387916854,0.743226803757821,2.8597872000983,0.878471031882071,"HCC1954 R2","TBF","FLUVA"
"2396",1,25,12.5,0.135098002755029,0.250998176730249,2.64552597280999,0.664209804593767,"HCC1954 R2","TBF","FLUVA"
"2397",1,0.39,0.78,0.500846724333727,-7.92955692770105,-5.70697474516708,-8.77938124426855,"HCC1954 R3","TBF","FLUVA"
"2398",1,0.39,1.56,0.374181606867661,-11.9921038576305,-9.86740719847082,-12.9398136975723,"HCC1954 R3","TBF","FLUVA"
"2399",1,0.39,3.125,0.102748058645822,-9.7143121547583,-8.10573916429927,-11.1781456634007,"HCC1954 R3","TBF","FLUVA"
"2400",1,0.39,6.25,1.78821240416048,-15.2492660792947,-10.8954490923846,-13.9678555914861,"HCC1954 R3","TBF","FLUVA"
"2401",1,0.39,12.5,1.28454683854561,-6.19985217422372,-9.62966129121924,-10.7292823012694,"HCC1954 R3","TBF","FLUVA"
"2402",1,0.39,25,11.7520896841005,7.58898821965894,-11.6984799175773,12.8481104300401,"HCC1954 R3","TBF","FLUVA"
"2403",1,1.56,12.5,2.81610383874611,8.42936735195532,-11.0946277132488,4.20869733095226,"HCC1954 R3","TBF","FLUVA"
"2404",1,1.56,25,45.4421230871776,47.3943741415929,1.48153108506264,52.2949949321878,"HCC1954 R3","TBF","FLUVA"
"2405",1,1.56,50,2.74195872293882,2.87335010275568,4.75617564811928,4.5996428399054,"HCC1954 R3","TBF","FLUVA"
"2406",1,6.25,0.78,0.068510667826807,-0.903276521285278,-1.87716316555358,-1.25971330662676,"HCC1954 R3","TBF","FLUVA"
"2407",1,6.25,25,18.3133021686602,14.6482927603469,-8.42317319720011,16.8540952748685,"HCC1954 R3","TBF","FLUVA"
"2408",1,0.39,6.25,0.473180398443436,-5.6740442560762,-7.11458905289842,-3.24589464704627,"HCC1954 R3","TBF","FLUVA"
"2409",1,0.39,25,0.184403074644541,0.156483724881038,-5.69261076137894,4.66197483471956,"HCC1954 R3","TBF","FLUVA"
"2410",1,0.39,50,7.86876988846115,7.47958588276988,-3.71424392637189,8.28321603753466,"HCC1954 R3","TBF","FLUVA"
"2411",1,1.56,12.5,2.64891181081238,4.52988474270445,-8.15205708065071,5.52356579227978,"HCC1954 R3","TBF","FLUVA"
"2412",1,1.56,25,9.03636774843693,8.79436055972144,-22.9733476272908,14.3186180422265,"HCC1954 R3","TBF","FLUVA"
"2413",1,1.56,50,10.685618878717,10.768473570934,0.568119050808747,12.5655790147153,"HCC1954 R3","TBF","FLUVA"
"2414",1,6.25,12.5,2.67106087476196,2.75208895405548,-4.34024358895873,3.06248667093196,"HCC1954 R3","TBF","FLUVA"
"2415",1,6.25,25,17.2127757808708,17.2890942673989,3.73987076568721,19.0147152911068,"HCC1954 R3","TBF","FLUVA"
"2416",1,6.25,50,0.903366753603535,0.796851153930589,-7.00542409081318,12.8641501386223,"HCC1954 R3","TBF","FLUVA"
"2417",1,25,0.78,0.0297178028817626,0.0354211980949799,0.36338456584393,0.0469183194711036,"HCC1954 R3","TBF","FLUVA"
"2418",1,25,3.125,0.0429961748643706,0.1681127440513,0.478547713636644,0.162081467263818,"HCC1954 R3","TBF","FLUVA"
"2419",1,25,12.5,0.233068846791397,0.441317102263682,0.806975949934355,0.490509703561528,"HCC1954 R3","TBF","FLUVA"
"2420",1,25,25,0.238951299459671,-0.0132972988559885,-7.29546461118,0.260183407976115,"HCC1954 R3","TBF","FLUVA"
"2421",1,0.39,0.78,1.45538652053459,-4.76635855929405,-1.63860591206927,-2.5164113785558,"HCC1954 R3","TBF","FLUVA"
"2422",1,0.39,1.56,0.170366400224251,-5.38993383576971,-4.53339074066155,-5.0692924872356,"HCC1954 R3","TBF","FLUVA"
"2423",1,0.39,3.125,0.71912569465702,-7.16523398783334,-5.2354330455485,-5.77133479212254,"HCC1954 R3","TBF","FLUVA"
"2424",1,0.39,50,18.7331228132412,18.3761079575834,17.1626349054673,19.151167031364,"HCC1954 R3","TBF","FLUVA"
"2425",1,1.56,0.78,0.758879798746104,-0.578243731116748,1.11106192167084,1.92833698030636,"HCC1954 R3","TBF","FLUVA"
"2426",1,1.56,25,3.32467629089611,3.38269714801924,-27.3192055616315,4.55415754923415,"HCC1954 R3","TBF","FLUVA"
"2427",1,1.56,50,20.6733656285713,20.6171085329592,18.6545516377963,22.4699124726477,"HCC1954 R3","TBF","FLUVA"
"2428",1,6.25,12.5,1.96390108301421,3.46887716856568,-10.552688887393,2.24744711889132,"HCC1954 R3","TBF","FLUVA"
"2429",1,6.25,25,19.5732171114905,19.5427411404625,3.65014530665958,20.1039387308534,"HCC1954 R3","TBF","FLUVA"
"2430",1,6.25,50,5.52344428624258,5.75878585325601,0.510424911828139,24.1156090444931,"HCC1954 R3","TBF","FLUVA"
"2431",1,25,6.25,0.147987137494525,0.464539754532922,-0.0376960644422866,0.227935813274982,"HCC1954 R3","TBF","FLUVA"
"2432",1,25,12.5,0.341861130006592,0.717351079275247,0.1355351536467,0.401167031363968,"HCC1954 R3","TBF","FLUVA"
"2433",1,25,25,0.735230920669139,0.698088757374407,0.577730631400158,0.843362509117426,"HCC1954 R3","TBF","FLUVA"
"2434",1,0.39,1.56,1.39867270226674,-17.3613966196699,-23.0808229256695,-25.2661801650915,"HCC38 R1","TBF","FLUVA"
"2435",1,0.39,12.5,0.690071860649561,-2.97344831108367,-13.9423606771182,-10.6472066036607,"HCC38 R1","TBF","FLUVA"
"2436",1,0.39,25,1.46049272499121,4.11951812892901,-10.0765860757624,-2.75152530206964,"HCC38 R1","TBF","FLUVA"
"2437",1,0.39,50,27.8796147292017,30.1274467271501,21.6232856433012,26.6180165091518,"HCC38 R1","TBF","FLUVA"
"2438",1,1.56,6.25,2.89696210816481,7.09555542729087,-1.90881528465025,3.48127766479243,"HCC38 R1","TBF","FLUVA"
"2439",1,1.56,12.5,4.12285229101034,2.41218477881281,-5.8341166441861,7.85979184112931,"HCC38 R1","TBF","FLUVA"
"2440",1,1.56,25,9.75403555585639,9.57720063095723,-9.45421308516869,20.0143557841847,"HCC38 R1","TBF","FLUVA"
"2441",1,1.56,50,25.5424577555656,24.8402280707447,11.3366496692293,30.1710730948678,"HCC38 R1","TBF","FLUVA"
"2442",1,6.25,12.5,0.249166278167891,-0.169865616389856,-6.5677410447971,2.03373609283408,"HCC38 R1","TBF","FLUVA"
"2443",1,6.25,25,7.86023211593033,7.947519725142,-0.511322339558049,13.6260318219883,"HCC38 R1","TBF","FLUVA"
"2444",1,6.25,50,5.57565949353814,6.08817890305683,3.87776797455128,26.3189376719703,"HCC38 R1","TBF","FLUVA"
"2445",1,25,12.5,0.819455696292053,0.505336254848288,1.80814242125543,1.28005742313674,"HCC38 R1","TBF","FLUVA"
"2446",1,25,25,1.33061688550873,1.42506504061284,3.94954689547484,3.42146189735615,"HCC38 R1","TBF","FLUVA"
"2447",1,0.39,50,37.9519612707133,39.9403142724442,19.8051766092364,40.9247367069098,"HCC38 R1","TBF","FLUVA"
"2448",1,1.56,50,8.92195209930656,30.9645427199155,13.9739833414576,46.1700488055484,"HCC38 R1","TBF","FLUVA"
"2449",1,25,0.78,1.09228910910049,0.120905688772396,2.12954005973869,-0.128435653737483,"HCC38 R1","TBF","FLUVA"
"2450",1,25,1.56,1.47455412562219,-0.35229837136464,2.80254288532308,0.544567171846907,"HCC38 R1","TBF","FLUVA"
"2451",1,25,3.125,0.646199627079653,-1.86881299260747,1.05068056834388,-1.20729514513229,"HCC38 R1","TBF","FLUVA"
"2452",1,25,6.25,0.98387824119223,-0.899110280401459,1.95486757065572,-0.303108142820449,"HCC38 R1","TBF","FLUVA"
"2453",1,25,12.5,0.952381805444944,-0.78838574825464,2.0267915367487,-0.231184176727467,"HCC38 R1","TBF","FLUVA"
"2454",1,25,25,2.08415470231638,0.823148162749916,3.8043409844754,1.54636527099923,"HCC38 R1","TBF","FLUVA"
"2455",1,0.39,1.56,4.36939908822629,-22.8161828768425,-19.3250077862779,-25.8817336374803,"HCC38 R1","TBF","FLUVA"
"2456",1,0.39,3.125,2.68235973760389,24.4239060666437,5.81975445271144,9.63326899456044,"HCC38 R1","TBF","FLUVA"
"2457",1,0.39,12.5,3.6767577511101,-19.3777096495012,-20.9137077674229,-22.512721530093,"HCC38 R1","TBF","FLUVA"
"2458",1,0.39,25,8.0702011952768,9.78735506495492,-6.4132697217371,6.45727320582557,"HCC38 R1","TBF","FLUVA"
"2459",1,0.39,50,19.8988322318633,22.9107928632764,11.7181519268292,21.8810317599579,"HCC38 R1","TBF","FLUVA"
"2460",1,1.56,3.125,7.62809039111047,18.8869434370033,5.4726745531117,7.24688541849449,"HCC38 R1","TBF","FLUVA"
"2461",1,1.56,6.25,0.104512181030369,0.307387008449021,-8.85510245909144,-4.22881207229339,"HCC38 R1","TBF","FLUVA"
"2462",1,1.56,12.5,3.88719967620889,-0.509997336400033,-8.22955464041515,3.52693454992105,"HCC38 R1","TBF","FLUVA"
"2463",1,1.56,25,25.6470592344826,26.0378887625116,-3.60137551342331,25.2675908054045,"HCC38 R1","TBF","FLUVA"
"2464",1,1.56,50,14.5043522547267,16.7614916664668,5.30737758372265,22.6004562203895,"HCC38 R1","TBF","FLUVA"
"2465",1,6.25,12.5,1.33906202723642,-1.02295970198962,-6.43345340874804,0.50886120371996,"HCC38 R1","TBF","FLUVA"
"2466",1,6.25,25,6.66504745180784,5.64410702295952,-7.29465754720938,5.35181610808914,"HCC38 R1","TBF","FLUVA"
"2467",1,25,0.78,1.34680345138101,2.72842417073321,2.64024299870773,2.17582031935427,"HCC38 R1","TBF","FLUVA"
"2468",1,25,3.125,2.17505954556454,4.13794301053792,2.67533687482636,2.2109141954729,"HCC38 R1","TBF","FLUVA"
"2469",1,25,6.25,1.11388753561306,1.43530504900751,1.14875326366651,0.684330584313045,"HCC38 R1","TBF","FLUVA"
"2470",1,25,12.5,0.906612090632009,-0.106818024581784,-0.400115063456298,0.56150201789788,"HCC38 R1","TBF","FLUVA"
"2471",1,25,25,1.243739588332,1.77693614327784,0.687795096220839,1.64941217757502,"HCC38 R1","TBF","FLUVA"
"2472",1,0.39,0.78,5.2580337766058,12.7537537681013,-17.4245448233635,-5.58990211231325,"HCC38 R2","TBF","FLUVA"
"2473",1,0.39,1.56,4.18100141403717,17.3169718705947,-14.0499956219209,-2.21535291087069,"HCC38 R2","TBF","FLUVA"
"2474",1,0.39,3.125,6.51518123528477,10.685219779476,-17.2184654828174,-5.38382277176714,"HCC38 R2","TBF","FLUVA"
"2475",1,0.39,6.25,7.39847228735458,9.44825269191803,-13.8181563638066,-5.88614116434827,"HCC38 R2","TBF","FLUVA"
"2476",1,0.39,12.5,7.11231545935369,12.1071446677502,-15.2403333093225,-2.56311179804223,"HCC38 R2","TBF","FLUVA"
"2477",1,0.39,25,2.17072556723632,7.98263149834065,-16.6367503372702,-5.19062339000514,"HCC38 R2","TBF","FLUVA"
"2478",1,0.39,50,38.8612414763272,43.2174276393166,22.2595777120693,36.3086038124678,"HCC38 R2","TBF","FLUVA"
"2479",1,1.56,0.78,13.2499847479567,19.5486553216858,3.91966388220434,5.86038124678001,"HCC38 R2","TBF","FLUVA"
"2480",1,1.56,1.56,11.8941818579319,13.635037243718,-2.88095435581732,-0.940236991241648,"HCC38 R2","TBF","FLUVA"
"2481",1,1.56,3.125,14.8330771610897,21.4319378783861,7.50029242419298,9.44100978876865,"HCC38 R2","TBF","FLUVA"
"2482",1,1.56,6.25,17.8232778326038,20.7407333308383,10.2694835627814,12.210200927357,"HCC38 R2","TBF","FLUVA"
"2483",1,1.56,12.5,22.0734443148246,19.9218738594833,3.99156215564771,15.4430705821741,"HCC38 R2","TBF","FLUVA"
"2484",1,1.56,25,33.5939055138402,30.9977127290091,5.17863536404914,35.6517259144771,"HCC38 R2","TBF","FLUVA"
"2485",1,1.56,50,33.1614388240969,32.4374446082143,16.303655274539,39.8634724368882,"HCC38 R2","TBF","FLUVA"
"2486",1,6.25,0.78,2.20555898294131,1.0240031734732,-3.89961857850254,-4.58526532715095,"HCC38 R2","TBF","FLUVA"
"2487",1,6.25,1.56,1.38579229306742,2.08300154665678,-3.20410080415942,-3.88974755280783,"HCC38 R2","TBF","FLUVA"
"2488",1,6.25,3.125,0.0997288878818736,-4.93944926331412,-9.16752172121248,-9.85316846986089,"HCC38 R2","TBF","FLUVA"
"2489",1,6.25,6.25,0.535301536924138,-4.95355683280155,-17.2743972756929,-8.44925296239052,"HCC38 R2","TBF","FLUVA"
"2490",1,6.25,12.5,1.4390484396763,-1.44903683654941,-12.109533803256,-3.28438948995363,"HCC38 R2","TBF","FLUVA"
"2491",1,6.25,25,9.16294687327546,6.42618204312112,-0.491810979969017,8.33333333333333,"HCC38 R2","TBF","FLUVA"
"2492",1,6.25,50,8.06524902776708,8.65536714053766,7.88766070923943,26.2235960844925,"HCC38 R2","TBF","FLUVA"
"2493",1,25,0.78,1.02501603422949,1.51699504257621,3.36679517600913,-0.515198351365271,"HCC38 R2","TBF","FLUVA"
"2494",1,25,1.56,1.00896449214578,0.489484883931738,2.20759888543726,-1.67439464193714,"HCC38 R2","TBF","FLUVA"
"2495",1,25,3.125,1.45090128197778,2.35979955837868,4.46159167266035,0.579598145285942,"HCC38 R2","TBF","FLUVA"
"2496",1,25,6.25,0.622882808988976,0.442145560919897,3.05767616518997,-0.824317362184431,"HCC38 R2","TBF","FLUVA"
"2497",1,25,12.5,1.85568269400768,2.24916860894588,-4.04456260412812,1.58423493044823,"HCC38 R2","TBF","FLUVA"
"2498",1,0.39,0.78,0.844890839433682,5.07321521602016,-5.32269519217753,-3.26051866996663,"HCC38 R2","TBF","FLUVA"
"2499",1,0.39,1.56,1.91468834318112,2.715693724754,-6.94757413331604,-5.56332723555364,"HCC38 R2","TBF","FLUVA"
"2500",1,0.39,3.125,0.850131802208922,5.36490979737587,-6.38777010069655,-3.00225976541483,"HCC38 R2","TBF","FLUVA"
"2501",1,0.39,6.25,0.627820027810181,17.8535484701925,-2.78780047299118,6.8115786075541,"HCC38 R2","TBF","FLUVA"
"2502",1,0.39,12.5,4.45668309890832,3.12727851110535,-6.4508763902911,-4.67018185731195,"HCC38 R2","TBF","FLUVA"
"2503",1,0.39,25,6.3109640970555,10.4920679053064,-5.45331587418257,2.83008716238031,"HCC38 R2","TBF","FLUVA"
"2504",1,0.39,50,36.4936869406865,41.3821884982685,29.45245894307,34.9026148714086,"HCC38 R2","TBF","FLUVA"
"2505",1,1.56,1.56,1.53420273314672,-0.215246439349357,-1.61955858357722,-2.15753793177659,"HCC38 R2","TBF","FLUVA"
"2506",1,1.56,6.25,3.29446462416758,5.8494764158284,-4.0238654139443,-1.83471430108683,"HCC38 R2","TBF","FLUVA"
"2507",1,1.56,12.5,2.50365744597428,-0.877289051304366,-2.33931599499821,1.66792209189714,"HCC38 R2","TBF","FLUVA"
"2508",1,1.56,25,5.34130182134628,5.13989435067217,1.30418292898025,8.94759496395137,"HCC38 R2","TBF","FLUVA"
"2509",1,1.56,50,50.2869339167379,48.8292811859826,3.52656511765167,63.6554395781771,"HCC38 R2","TBF","FLUVA"
"2510",1,6.25,50,13.604368163745,15.1931825401872,7.2883552415052,20.8275045733348,"HCC38 R2","TBF","FLUVA"
"2511",1,25,0.78,4.63537975781189,3.31245831613253,3.9452228450299,2.83546755622511,"HCC38 R2","TBF","FLUVA"
"2512",1,25,1.56,5.39032846355137,4.64984717608758,5.33213509656139,4.27203271279457,"HCC38 R2","TBF","FLUVA"
"2513",1,25,3.125,6.84976656790472,6.762714175195,7.19733744234846,6.22511567846766,"HCC38 R2","TBF","FLUVA"
"2514",1,25,6.25,5.57795268452209,4.27639208817976,3.61504960870379,2.78166361777681,"HCC38 R2","TBF","FLUVA"
"2515",1,25,12.5,6.28344934338419,4.67008372142938,5.81508718566069,5.16517809103625,"HCC38 R2","TBF","FLUVA"
"2516",1,25,25,6.53503103507973,6.36682649827236,7.57098809488035,7.10750026901968,"HCC38 R2","TBF","FLUVA"
"2517",1,25,50,4.57458683607543,3.27656721585976,6.48692179602934,6.1605509523297,"HCC38 R2","TBF","FLUVA"
"2518",1,0.39,0.78,1.0295126246567,-13.8172266991498,-14.4296118499512,-15.5965010236367,"HCC38 R2","TBF","FLUVA"
"2519",1,0.39,6.25,0.953486352151797,-15.2632107466768,-18.9360034920725,-19.1327005397357,"HCC38 R2","TBF","FLUVA"
"2520",1,0.39,12.5,5.64499193994231,-30.3614043915215,-24.4870335658182,-23.7669830634655,"HCC38 R2","TBF","FLUVA"
"2521",1,0.39,25,0.590073714563814,-4.49850773121696,-21.6189702961039,-13.0839382095664,"HCC38 R2","TBF","FLUVA"
"2522",1,0.39,50,14.8371067230385,14.6802662456495,10.3468604603119,16.5829145728643,"HCC38 R2","TBF","FLUVA"
"2523",1,1.56,25,19.3999279703212,25.9644168689675,-3.02804406862784,19.0024195049321,"HCC38 R2","TBF","FLUVA"
"2524",1,1.56,50,9.82539458997442,9.54818553756853,5.01199884378678,16.0990135864508,"HCC38 R2","TBF","FLUVA"
"2525",1,6.25,0.78,3.3379105878633,2.75376163929297,1.95405880199911,2.06588498045784,"HCC38 R2","TBF","FLUVA"
"2526",1,6.25,1.56,1.93357079891535,2.4615914113654,0.185959043949595,0.297785222408322,"HCC38 R2","TBF","FLUVA"
"2527",1,6.25,6.25,0.108799470602769,-4.7575248979628,-9.27589222710074,-6.25348967057509,"HCC38 R2","TBF","FLUVA"
"2528",1,6.25,12.5,4.98488970299523,0.851580939625848,-2.13621734888626,3.79676158570631,"HCC38 R2","TBF","FLUVA"
"2529",1,6.25,25,12.1471482705346,10.0193393434211,-6.0241563125611,6.7001675041876,"HCC38 R2","TBF","FLUVA"
"2530",1,6.25,50,1.3941316929575,1.7237444191683,3.73685103577051,18.7046342825237,"HCC38 R2","TBF","FLUVA"
"2531",1,25,0.78,0.590202625900176,1.19697757421085,0.452162625659099,0.893355667225009,"HCC38 R2","TBF","FLUVA"
"2532",1,25,1.56,0.364922020342561,0.638685704719393,-0.757589840374777,-0.316396798808867,"HCC38 R2","TBF","FLUVA"
"2533",1,25,3.125,1.26309951015936,3.22991040013711,0.787171000868483,1.22836404243439,"HCC38 R2","TBF","FLUVA"
"2534",1,25,6.25,1.00983646809364,1.29309755067429,-0.778591569970501,0.63279359761772,"HCC38 R2","TBF","FLUVA"
"2535",1,25,12.5,4.32442638571393,3.68792906775955,3.57651730775144,4.98790247533967,"HCC38 R2","TBF","FLUVA"
"2536",1,25,25,3.05330201812943,6.28544768357924,1.46862886810214,4.82039828773497,"HCC38 R2","TBF","FLUVA"
"2537",1,0.39,1.56,1.57993815849741,-12.7118695482937,-72.3121772022574,-20.7611641333805,"HCC38 R3","TBF","FLUVA"
"2538",1,0.39,12.5,4.25996197037266,-0.995989555286965,-52.1283666684999,-8.41286673736302,"HCC38 R3","TBF","FLUVA"
"2539",1,0.39,25,1.66399009019073,9.8719075878829,-41.9480909526992,2.40367621067514,"HCC38 R3","TBF","FLUVA"
"2540",1,0.39,50,26.9514141987434,28.9270725863851,38.4454521131662,26.0398256156475,"HCC38 R3","TBF","FLUVA"
"2541",1,1.56,25,2.46429706690358,3.02941437516792,-25.9824965141461,9.26122304701308,"HCC38 R3","TBF","FLUVA"
"2542",1,1.56,50,22.8775757855031,21.6646980891866,-16.3440896021048,27.5951455166726,"HCC38 R3","TBF","FLUVA"
"2543",1,6.25,0.78,0.736936135367976,3.76236743755852,9.8723402950915,0.329916342641688,"HCC38 R3","TBF","FLUVA"
"2544",1,6.25,25,0.927543882777201,2.81666723102136,-41.0995980267543,5.70283963709202,"HCC38 R3","TBF","FLUVA"
"2545",1,6.25,50,7.06715174850117,7.55244031761633,-14.4352879053922,29.5039472133852,"HCC38 R3","TBF","FLUVA"
"2546",1,25,1.56,0.117375151553873,-1.16770332308012,-18.453197649707,-1.14292447272298,"HCC38 R3","TBF","FLUVA"
"2547",1,25,6.25,0.382613020485238,0.305181918730739,-17.7344513318091,-0.424178154825029,"HCC38 R3","TBF","FLUVA"
"2548",1,25,12.5,0.386750802789649,-0.847255366780644,-17.4163177156903,-0.106044538706257,"HCC38 R3","TBF","FLUVA"
"2549",1,25,25,0.813694284421999,0.766240965517738,-15.8609978146652,1.44927536231884,"HCC38 R3","TBF","FLUVA"
"2550",1,0.39,0.78,10.3703083459956,16.0253566206437,-19.3361322970718,-8.78137362993708,"HCC38 R3","TBF","FLUVA"
"2551",1,0.39,1.56,12.2124992541718,16.4372250887158,-13.4537793558953,-7.42590310655682,"HCC38 R3","TBF","FLUVA"
"2552",1,0.39,3.125,7.56043572525054,31.4169903681188,-14.74439483031,-2.35423827744989,"HCC38 R3","TBF","FLUVA"
"2553",1,0.39,6.25,7.35717425433563,26.7853459522636,-17.3775098183118,-4.9873532654517,"HCC38 R3","TBF","FLUVA"
"2554",1,0.39,12.5,8.76793642545205,33.8943649088784,-9.87803768417869,4.03398404565796,"HCC38 R3","TBF","FLUVA"
"2555",1,0.39,25,11.4113422459292,25.7860263477222,-16.9233245593069,0.0324275244827845,"HCC38 R3","TBF","FLUVA"
"2556",1,0.39,50,62.1719024913966,74.0012172088462,8.41348511906146,53.6934950385888,"HCC38 R3","TBF","FLUVA"
"2557",1,1.56,0.78,14.4337653177347,8.24271961906369,-6.44214889773419,-8.50898242428173,"HCC38 R3","TBF","FLUVA"
"2558",1,1.56,1.56,12.7907154149423,0.0443099755708927,-10.6512415755992,-12.7180751021467,"HCC38 R3","TBF","FLUVA"
"2559",1,1.56,3.125,15.2867995298533,15.9952525885436,-8.08723866774529,-8.6322070173163,"HCC38 R3","TBF","FLUVA"
"2560",1,1.56,6.25,13.5177805793714,11.6063891514677,-14.0624172349418,-11.5636552305597,"HCC38 R3","TBF","FLUVA"
"2561",1,1.56,12.5,15.5362619450543,12.1380377739209,-16.7018178115941,-9.6374602762825,"HCC38 R3","TBF","FLUVA"
"2562",1,1.56,25,21.670036443279,22.1531151952822,-20.4324119358442,3.37246254620922,"HCC38 R3","TBF","FLUVA"
"2563",1,1.56,50,68.5966923804679,65.8352914526131,1.68718748134032,68.1042869187366,"HCC38 R3","TBF","FLUVA"
"2564",1,6.25,0.78,4.98810297766941,5.75391268819526,-1.76572942983371,-0.616122965172849,"HCC38 R3","TBF","FLUVA"
"2565",1,6.25,1.56,4.03162138166135,3.01765213610024,-4.5068695273628,-1.83539788572541,"HCC38 R3","TBF","FLUVA"
"2566",1,6.25,3.125,2.49856474848843,4.74072195190218,-7.29563663288196,-4.62416499124458,"HCC38 R3","TBF","FLUVA"
"2567",1,6.25,6.25,3.45568783974994,5.76250001992676,-7.24152411999533,-3.04818730138142,"HCC38 R3","TBF","FLUVA"
"2568",1,6.25,12.5,2.33326027173782,4.19452626499302,-11.3229352573974,-4.08586808483041,"HCC38 R3","TBF","FLUVA"
"2569",1,6.25,25,4.04554414710069,3.70425086506663,-16.7618454756479,-3.43731759517479,"HCC38 R3","TBF","FLUVA"
"2570",1,6.25,50,19.8442214468321,22.8871061866009,4.33793034280957,23.7499189311888,"HCC38 R3","TBF","FLUVA"
"2571",1,25,0.78,4.98223463450857,4.2199202196671,2.75972417923224,1.49166612620792,"HCC38 R3","TBF","FLUVA"
"2572",1,25,1.56,5.99085538953678,5.16563714096013,4.35515838378507,3.08710033076075,"HCC38 R3","TBF","FLUVA"
"2573",1,25,3.125,5.48960547529492,5.94361423219169,3.20073851219806,1.93268045917374,"HCC38 R3","TBF","FLUVA"
"2574",1,25,6.25,5.20736401777827,5.41440561323456,2.90889079185304,1.64083273882872,"HCC38 R3","TBF","FLUVA"
"2575",1,25,12.5,3.88314779612236,3.42322648034637,-0.377031716986778,-0.123224593034564,"HCC38 R3","TBF","FLUVA"
"2576",1,25,25,3.62381815822467,3.90181333396167,0.589308512600084,0.843115636552298,"HCC38 R3","TBF","FLUVA"
"2577",1,25,50,1.44362807948204,-0.933777266192578,-2.33991122692915,-0.5642389260004,"HCC38 R3","TBF","FLUVA"
"2578",1,0.39,0.78,1.84013830023943,-2.68491658849803,-4.06598519748326,-5.26217577906327,"HCC38 R3","TBF","FLUVA"
"2579",1,0.39,1.56,3.46027603669465,-21.6211453364078,-18.3540037575758,-24.0529949617466,"HCC38 R3","TBF","FLUVA"
"2580",1,0.39,3.125,0.925130903043716,13.0494186037402,-0.794757629566896,5.69136032841948,"HCC38 R3","TBF","FLUVA"
"2581",1,0.39,50,17.7147627742768,19.3642502993066,4.43148682264899,18.5855570069043,"HCC38 R3","TBF","FLUVA"
"2582",1,1.56,0.78,0.86013580591149,-8.39173712931224,-2.73099004521884,-5.5793991416309,"HCC38 R3","TBF","FLUVA"
"2583",1,1.56,3.125,2.42321649295461,1.38578519128234,-3.4229987017982,-3.54543758163837,"HCC38 R3","TBF","FLUVA"
"2584",1,1.56,6.25,0.516827017322701,-4.41225060266101,-15.8092584245347,-12.2970703489457,"HCC38 R3","TBF","FLUVA"
"2585",1,1.56,25,0.264527142208266,-2.1161479098019,-31.308924362253,3.09759283448405,"HCC38 R3","TBF","FLUVA"
"2586",1,1.56,50,11.0566408848647,9.82937322662397,4.67061927809409,18.8654599738757,"HCC38 R3","TBF","FLUVA"
"2587",1,6.25,25,3.06187955228408,5.00931425566338,0.154699402487822,7.70666169061393,"HCC38 R3","TBF","FLUVA"
"2588",1,6.25,50,0.622651742817325,1.90193691738894,6.2251039020797,20.5635379735025,"HCC38 R3","TBF","FLUVA"
"2589",1,25,0.78,1.88325116633187,-0.108917892727078,2.21965600587744,0.522485538346714,"HCC38 R3","TBF","FLUVA"
"2590",1,25,1.56,1.23756436097858,-2.34453772763639,0.820141171020182,-0.877029296510543,"HCC38 R3","TBF","FLUVA"
"2591",1,25,3.125,1.56862493134992,0.640613399944115,1.23066552257832,-0.466504944952405,"HCC38 R3","TBF","FLUVA"
"2592",1,25,6.25,2.93655160897595,2.70324599346333,2.63018035743556,0.933009889904838,"HCC38 R3","TBF","FLUVA"
"2593",1,25,12.5,3.63157132215589,3.65884032877186,2.00732784440332,1.97798096659825,"HCC38 R3","TBF","FLUVA"
"2594",1,25,25,3.32135648395118,2.22560899918072,2.78481978333598,3.39615599925359,"HCC38 R3","TBF","FLUVA"
"2595",1,0.39,0.78,0.0221941510632986,-0.752896919711408,-0.343699286260316,-0.526189906720873,"HCC70 R1","TBF","FLUVA"
"2596",1,0.39,3.125,0.573475016684445,1.06052209817029,1.65343058697575,1.47093996651519,"HCC70 R1","TBF","FLUVA"
"2597",1,0.39,6.25,0.605135883347893,0.0984142255337419,1.22291157238594,1.04042095192538,"HCC70 R1","TBF","FLUVA"
"2598",1,0.39,12.5,1.01882626593056,0.248373689858872,-0.3517926355789,0.912859762417284,"HCC70 R1","TBF","FLUVA"
"2599",1,0.39,25,2.5773586643828,0.897343974644778,-5.3711320601595,2.79837359483376,"HCC70 R1","TBF","FLUVA"
"2600",1,0.39,50,22.4543202819051,22.0651771904489,7.13348918690223,23.1045204496532,"HCC70 R1","TBF","FLUVA"
"2601",1,1.56,0.78,0.973814521781023,2.02418469590019,0.863058752125536,2.22434824204737,"HCC70 R1","TBF","FLUVA"
"2602",1,1.56,1.56,1.59921189274982,3.13080445665063,1.49687841249388,2.85816790241572,"HCC70 R1","TBF","FLUVA"
"2603",1,1.56,3.125,5.11172369983466,8.08856376447227,5.64249629653254,8.45092880491111,"HCC70 R1","TBF","FLUVA"
"2604",1,1.56,6.25,6.0238430599058,6.40738345938652,1.53637895929219,7.23909750458425,"HCC70 R1","TBF","FLUVA"
"2605",1,1.56,12.5,13.2580039976609,13.6722629587528,1.32051557712567,14.2589492147014,"HCC70 R1","TBF","FLUVA"
"2606",1,1.56,25,27.1084182596181,25.606559055918,-4.17415822073271,27.5771346567807,"HCC70 R1","TBF","FLUVA"
"2607",1,1.56,50,33.9535635247721,34.475556044474,3.97055183479002,41.6487283743921,"HCC70 R1","TBF","FLUVA"
"2608",1,6.25,3.125,0.437619404543881,0.658537310437069,-0.374018082932096,0.753408275532166,"HCC70 R1","TBF","FLUVA"
"2609",1,6.25,6.25,1.26154684849135,1.4644617334197,-0.892356190283039,1.68221318663797,"HCC70 R1","TBF","FLUVA"
"2610",1,6.25,12.5,3.04950232763285,3.37426353717922,-1.94099126650131,3.52786414733318,"HCC70 R1","TBF","FLUVA"
"2611",1,6.25,25,6.35755662705694,5.24028133303553,-5.50122881110879,5.75619867655266,"HCC70 R1","TBF","FLUVA"
"2612",1,6.25,50,5.60695425923619,5.9592117045451,0.916331211094132,16.5151877541258,"HCC70 R1","TBF","FLUVA"
"2613",1,25,0.78,0.626897760056877,0.771985524225443,0.374196155684743,0.789284860081324,"HCC70 R1","TBF","FLUVA"
"2614",1,25,1.56,0.850568902928657,1.23140790164813,0.792756308758172,1.20784501315475,"HCC70 R1","TBF","FLUVA"
"2615",1,25,3.125,0.500056924948737,0.407173825746682,0.0234028845374894,0.43849158893407,"HCC70 R1","TBF","FLUVA"
"2616",1,25,6.25,0.406097504538337,0.235062389128501,-0.108144592142736,0.306944112253845,"HCC70 R1","TBF","FLUVA"
"2617",1,25,12.5,0.221387111137147,-0.0188146525454158,-0.383198407019563,0.0318902973770179,"HCC70 R1","TBF","FLUVA"
"2618",1,0.39,0.78,0.875324084808796,1.49901606188776,0.0372855059859978,3.22338318650549,"HCC70 R1","TBF","FLUVA"
"2619",1,0.39,6.25,0.364854248349067,4.62671906893175,-4.90122853903931,1.08584306494571,"HCC70 R1","TBF","FLUVA"
"2620",1,0.39,12.5,4.61423134924086,6.97698861252661,-2.49935203303719,9.08966741787886,"HCC70 R1","TBF","FLUVA"
"2621",1,0.39,25,17.9980542071066,21.2877758843218,5.628219709923,24.4348835621116,"HCC70 R1","TBF","FLUVA"
"2622",1,0.39,50,14.2474756906498,14.9448830538041,7.26869214966848,15.7891142525439,"HCC70 R1","TBF","FLUVA"
"2623",1,1.56,0.78,3.10599177080102,1.68129553672659,5.0808823363448,2.80680188485967,"HCC70 R1","TBF","FLUVA"
"2624",1,1.56,12.5,2.27783509400174,-0.600431077789757,-10.9522601758814,0.778528989961067,"HCC70 R1","TBF","FLUVA"
"2625",1,1.56,25,18.5662907897832,15.3439317338395,-2.07930421101955,23.6563545721505,"HCC70 R1","TBF","FLUVA"
"2626",1,1.56,50,7.99165454361666,7.35088262336335,-0.936182772404649,15.9871611008673,"HCC70 R1","TBF","FLUVA"
"2627",1,6.25,0.78,0.730855971309737,2.47999452693796,-0.343865227739755,2.90241070818821,"HCC70 R1","TBF","FLUVA"
"2628",1,6.25,25,4.09302942788754,8.18940486508633,-0.340039746889985,11.3091579594345,"HCC70 R1","TBF","FLUVA"
"2629",1,25,0.78,0.927444078524999,0.782154627723429,2.8403657490732,0.86047940995698,"HCC70 R1","TBF","FLUVA"
"2630",1,0.39,25,4.55530473688067,4.08246431515773,-4.97454586430387,6.13044577399512,"HCC70 R1","TBF","FLUVA"
"2631",1,0.39,50,23.6988292555011,22.9992707509494,21.1319438084485,25.1832813685009,"HCC70 R1","TBF","FLUVA"
"2632",1,1.56,25,18.8859622075496,18.7123440951175,-8.00322199771875,20.455886070616,"HCC70 R1","TBF","FLUVA"
"2633",1,1.56,50,28.6214222136981,28.7410793353193,30.2506556273958,37.2545715008005,"HCC70 R1","TBF","FLUVA"
"2634",1,6.25,0.78,1.88981877957394,3.49770559262096,4.81580900071602,4.1628044156063,"HCC70 R1","TBF","FLUVA"
"2635",1,6.25,3.125,0.0632657648542505,-0.299219555034455,0.463403169419138,-0.189601415690575,"HCC70 R1","TBF","FLUVA"
"2636",1,6.25,6.25,2.76226562483492,2.94673793500841,4.06161670274685,3.40861211763713,"HCC70 R1","TBF","FLUVA"
"2637",1,6.25,12.5,6.28695058174618,5.99236230259096,6.92249139727791,6.2694868121682,"HCC70 R1","TBF","FLUVA"
"2638",1,6.25,25,14.2850280549312,14.9095088041785,16.1918939421502,15.5388893570405,"HCC70 R1","TBF","FLUVA"
"2639",1,6.25,50,9.92393487780154,10.0473674941509,26.8474935039603,26.1944889188506,"HCC70 R1","TBF","FLUVA"
"2640",1,25,25,1.38342169540269,1.03862868371976,1.4379215505368,1.14603522372967,"HCC70 R1","TBF","FLUVA"
"2641",1,0.39,1.56,0.0382797967218278,-1.19027026807028,-0.0641271590090069,-0.911396417815823,"HCC70 R2","TBF","FLUVA"
"2642",1,0.39,3.125,0.519069745262701,-1.63099475520748,-0.106842275781924,-0.0158503724837544,"HCC70 R2","TBF","FLUVA"
"2643",1,0.39,6.25,0.981542545045837,0.357164584424168,0.804554142033899,0.895546045332068,"HCC70 R2","TBF","FLUVA"
"2644",1,0.39,12.5,0.693771777537734,-0.29478703131517,-0.704320429486204,0.324932635916952,"HCC70 R2","TBF","FLUVA"
"2645",1,0.39,25,3.46090419670771,1.69916514337026,-7.37255576269329,3.03930892375972,"HCC70 R2","TBF","FLUVA"
"2646",1,0.39,50,22.4001704083577,22.019312833468,20.5026863997582,23.2247582818196,"HCC70 R2","TBF","FLUVA"
"2647",1,1.56,0.78,0.178043439286871,1.0906668564993,-0.315646377193438,0.832144555397051,"HCC70 R2","TBF","FLUVA"
"2648",1,1.56,1.56,2.52747011545971,4.91359851164775,4.00754271775029,5.15533365034078,"HCC70 R2","TBF","FLUVA"
"2649",1,1.56,3.125,2.98672992435379,3.25996016529305,1.63569625342301,4.66000951022347,"HCC70 R2","TBF","FLUVA"
"2650",1,1.56,6.25,8.11348128154532,11.2150414055494,5.8426277774108,11.6817245205262,"HCC70 R2","TBF","FLUVA"
"2651",1,1.56,12.5,13.4402457517142,13.8430612387896,1.97332555803493,14.3802504358852,"HCC70 R2","TBF","FLUVA"
"2652",1,1.56,25,27.4259388621114,25.4828045064702,-2.65114965055064,26.6444761451894,"HCC70 R2","TBF","FLUVA"
"2653",1,1.56,50,33.5724718485347,34.4330487074736,37.9992818438157,42.5978760500872,"HCC70 R2","TBF","FLUVA"
"2654",1,6.25,0.78,3.02847114067714,4.65909611649292,4.88812913347049,4.57679505468379,"HCC70 R2","TBF","FLUVA"
"2655",1,6.25,1.56,3.56964599828852,4.57909008008622,4.96738099588926,4.65604691710256,"HCC70 R2","TBF","FLUVA"
"2656",1,6.25,3.125,3.99328646550357,3.73878998799124,4.49583241449758,4.18449833571088,"HCC70 R2","TBF","FLUVA"
"2657",1,6.25,6.25,4.7610457890609,3.54456733947465,4.00447086750124,3.69313678871454,"HCC70 R2","TBF","FLUVA"
"2658",1,6.25,12.5,9.26598146806995,9.77113094706465,10.253480219221,9.9421461404343,"HCC70 R2","TBF","FLUVA"
"2659",1,6.25,25,11.0171876316647,8.26070746174184,8.9418618961904,8.6305278174037,"HCC70 R2","TBF","FLUVA"
"2660",1,6.25,50,6.28788303973046,7.26837559760163,20.1322248697203,19.8208907909336,"HCC70 R2","TBF","FLUVA"
"2661",1,25,0.78,0.866962864140646,0.773474121522185,1.22434827526679,0.748930099857347,"HCC70 R2","TBF","FLUVA"
"2662",1,25,1.56,1.82281059671315,2.65576269573005,2.49022163182293,2.67871294975431,"HCC70 R2","TBF","FLUVA"
"2663",1,25,3.125,0.495830238729411,-0.164620966191379,0.443717430441936,-0.0317007449675089,"HCC70 R2","TBF","FLUVA"
"2664",1,25,6.25,0.971404284464853,0.867089677407861,1.38681459322527,0.911396417815823,"HCC70 R2","TBF","FLUVA"
"2665",1,25,12.5,1.17338695656213,1.21306664108094,1.73948538098877,1.26406720557932,"HCC70 R2","TBF","FLUVA"
"2666",1,25,25,0.738705285739826,1.34794554777758,0.378883690335627,1.45823426850531,"HCC70 R2","TBF","FLUVA"
"2667",1,0.39,0.78,0.726808767077863,3.47998331252135,-3.20527084154629,1.22500331081977,"HCC70 R2","TBF","FLUVA"
"2668",1,0.39,1.56,3.13507410117803,4.02156870823099,1.14514632174333,5.57542047410939,"HCC70 R2","TBF","FLUVA"
"2669",1,0.39,3.125,4.55362449842347,9.04374949061783,2.93961063110633,7.3698847834724,"HCC70 R2","TBF","FLUVA"
"2670",1,0.39,6.25,3.64394897213403,10.3705371609725,-2.31488422780163,5.59528539266323,"HCC70 R2","TBF","FLUVA"
"2671",1,0.39,12.5,5.6140490936777,1.68219371418311,-7.28818330861583,6.00582704277581,"HCC70 R2","TBF","FLUVA"
"2672",1,0.39,25,9.88613843860211,12.556509524138,1.29565281930498,16.150178784267,"HCC70 R2","TBF","FLUVA"
"2673",1,0.39,50,4.0099418812501,4.2630099431928,0.166391678552259,4.82055356906369,"HCC70 R2","TBF","FLUVA"
"2674",1,1.56,0.78,4.77246263999153,7.67479720867246,5.40769095994861,6.16474639120646,"HCC70 R2","TBF","FLUVA"
"2675",1,1.56,1.56,4.5985906650046,5.14407209100223,5.42755587850245,6.1846113097603,"HCC70 R2","TBF","FLUVA"
"2676",1,1.56,3.125,2.1148617521662,3.78280515520112,1.90484365495589,2.66189908621374,"HCC70 R2","TBF","FLUVA"
"2677",1,1.56,6.25,0.515938389565051,1.63504774604601,-5.79965782559159,-1.56270692623494,"HCC70 R2","TBF","FLUVA"
"2678",1,1.56,12.5,2.99286319137273,2.09489171598083,-5.15118495567077,6.04555687988346,"HCC70 R2","TBF","FLUVA"
"2679",1,1.56,25,8.71189583920596,7.39892669282947,-7.12886385887166,21.4673553171765,"HCC70 R2","TBF","FLUVA"
"2680",1,1.56,50,4.53962053361101,4.3574926100451,0.593263526040815,8.72732088465104,"HCC70 R2","TBF","FLUVA"
"2681",1,6.25,0.78,1.76130563816049,4.31724451191835,1.59756142010386,3.76109124619256,"HCC70 R2","TBF","FLUVA"
"2682",1,6.25,1.56,0.149386074440017,0.159742778374692,-1.62055538561725,0.542974440471454,"HCC70 R2","TBF","FLUVA"
"2683",1,25,3.125,0.0732792482663598,-0.225006397585915,-0.108630262861325,-0.291352138789577,"HCC70 R2","TBF","FLUVA"
"2684",1,25,6.25,0.0602479574097856,-0.313971469967669,-0.320522727435545,-0.503244603363797,"HCC70 R2","TBF","FLUVA"
"2685",1,0.39,0.78,0.903159789635426,-3.55113487365926,-15.296457940103,-2.39755884917174,"HCC70 R2","TBF","FLUVA"
"2686",1,0.39,6.25,0.279054521858761,-0.265497765673555,-14.372307983695,-1.47340889276373,"HCC70 R2","TBF","FLUVA"
"2687",1,0.39,12.5,1.20009513401352,-1.75344840298297,-13.2563533193532,-0.357454228421972,"HCC70 R2","TBF","FLUVA"
"2688",1,0.39,25,7.1649893774439,8.1857689100637,0.239723402529968,12.0924149956408,"HCC70 R2","TBF","FLUVA"
"2689",1,0.39,50,16.2753850694638,15.745476049495,11.0777039420654,17.2711421098518,"HCC70 R2","TBF","FLUVA"
"2690",1,1.56,6.25,2.80071600167914,4.16803092712196,-13.3214031075406,3.13426329555362,"HCC70 R2","TBF","FLUVA"
"2691",1,1.56,12.5,7.44344237685565,7.3362153953036,-7.92471609795038,8.53095030514385,"HCC70 R2","TBF","FLUVA"
"2692",1,1.56,25,20.4160913922695,19.1482917797005,-10.4483535060157,23.3870967741935,"HCC70 R2","TBF","FLUVA"
"2693",1,1.56,50,23.4243483134603,23.4333422772267,6.50524351743509,30.0784655623365,"HCC70 R2","TBF","FLUVA"
"2694",1,6.25,1.56,0.549575547741526,0.797718015002928,5.29304831870009,0.536181342632958,"HCC70 R2","TBF","FLUVA"
"2695",1,6.25,6.25,1.98999449458218,2.29462477073356,6.72286523238797,1.96599825632084,"HCC70 R2","TBF","FLUVA"
"2696",1,6.25,12.5,6.51947470621931,6.24182488870174,-6.00129527942629,6.62162162162163,"HCC70 R2","TBF","FLUVA"
"2697",1,6.25,25,12.2535015318983,13.6481583814036,2.37272390104451,14.9956408020924,"HCC70 R2","TBF","FLUVA"
"2698",1,6.25,50,7.15832479042898,7.5641630606054,-6.01403469272266,23.9886660854403,"HCC70 R2","TBF","FLUVA"
"2699",1,25,25,1.71598289903282,0.839028731180761,-7.76207305366425,1.09415867480384,"HCC70 R2","TBF","FLUVA"
"2700",1,0.39,0.78,0.217591593953328,-1.34175444308555,-5.8615985985134,-1.40896099190856,"HCC70 R3","TBF","FLUVA"
"2701",1,0.39,3.125,0.433292854584689,0.421336922747347,-3.88502760700742,0.567609999597423,"HCC70 R3","TBF","FLUVA"
"2702",1,0.39,6.25,1.26952446631847,1.36532984862829,-3.05172782036436,1.40090978624048,"HCC70 R3","TBF","FLUVA"
"2703",1,0.39,12.5,1.41839678490993,0.349620713457147,-3.69582427380827,0.756813332796568,"HCC70 R3","TBF","FLUVA"
"2704",1,0.39,25,2.79583423861597,1.83117382075138,-7.30187351360472,3.5666841109456,"HCC70 R3","TBF","FLUVA"
"2705",1,0.39,50,20.9036283171687,20.7638634936667,0.362841172114315,21.6778712612214,"HCC70 R3","TBF","FLUVA"
"2706",1,1.56,0.78,0.177387840137598,0.205299424398746,-1.27465517158082,0.148947304858893,"HCC70 R3","TBF","FLUVA"
"2707",1,1.56,3.125,1.19180088360232,0.626113396365351,-0.674840349311168,0.748762127128543,"HCC70 R3","TBF","FLUVA"
"2708",1,1.56,6.25,5.23351688977016,6.7170768747744,-1.09261214456029,6.7469103498249,"HCC70 R3","TBF","FLUVA"
"2709",1,1.56,12.5,10.7065363137761,11.6749969117626,-2.23901805276783,12.0164244595628,"HCC70 R3","TBF","FLUVA"
"2710",1,1.56,25,22.5188808859702,21.5551351829308,-4.07693674893818,23.0103457992835,"HCC70 R3","TBF","FLUVA"
"2711",1,1.56,50,25.4522903466876,25.5955277845589,-5.9788361958399,34.5839539471036,"HCC70 R3","TBF","FLUVA"
"2712",1,6.25,12.5,2.948576448229,3.38450325965982,-4.27287149370297,3.48617205426513,"HCC70 R3","TBF","FLUVA"
"2713",1,6.25,25,7.2602312309173,6.63160675204554,-0.694110574255276,7.06493297371281,"HCC70 R3","TBF","FLUVA"
"2714",1,6.25,50,3.55659214862034,3.84764091692729,-4.70585480079879,15.8850287830603,"HCC70 R3","TBF","FLUVA"
"2715",1,25,0.78,0.756526782189923,0.899882424556225,2.18106074872755,0.893683829153417,"HCC70 R3","TBF","FLUVA"
"2716",1,25,1.56,0.856156059750006,0.994216619738481,2.15288152888937,0.865504609315238,"HCC70 R3","TBF","FLUVA"
"2717",1,25,3.125,0.59042015530207,0.304531563305318,1.60539954346206,0.318022623887927,"HCC70 R3","TBF","FLUVA"
"2718",1,25,6.25,1.16309012167095,1.43788420524982,2.72854273415486,1.44116581458073,"HCC70 R3","TBF","FLUVA"
"2719",1,25,12.5,0.534215206135499,0.27241522254397,1.597348337794,0.309971418219874,"HCC70 R3","TBF","FLUVA"
"2720",1,25,25,0.356045543607792,0.480001239913534,-4.48847224776148,0.640070850609874,"HCC70 R3","TBF","FLUVA"
"2721",1,0.39,3.125,0.587084237982499,1.02892229892704,-26.8337427488761,0.175849941383348,"HCC70 R3","TBF","FLUVA"
"2722",1,0.39,6.25,0.420879853008667,6.68203578432925,-25.2071307910801,1.80246189917936,"HCC70 R3","TBF","FLUVA"
"2723",1,0.39,12.5,3.81522910318296,3.84030519825898,-19.8730159024517,7.13657678780774,"HCC70 R3","TBF","FLUVA"
"2724",1,0.39,25,9.90399877385673,13.7509895424603,-3.0353840149957,19.8563892145369,"HCC70 R3","TBF","FLUVA"
"2725",1,0.39,50,8.30958850703487,8.7851055649394,-13.1257692108612,10.0820633059789,"HCC70 R3","TBF","FLUVA"
"2726",1,1.56,0.78,2.16017322348723,1.7548659376121,6.13079417961158,-0.241793669402114,"HCC70 R3","TBF","FLUVA"
"2727",1,1.56,1.56,1.16987890112725,-1.63200204368006,5.22223614913091,-1.15035169988278,"HCC70 R3","TBF","FLUVA"
"2728",1,1.56,3.125,3.71390232260334,4.29879535231147,10.1240532651919,3.75146541617818,"HCC70 R3","TBF","FLUVA"
"2729",1,1.56,6.25,3.3690670361298,2.85229816082539,6.09415877515671,-0.278429073856984,"HCC70 R3","TBF","FLUVA"
"2730",1,1.56,12.5,7.94866287151147,4.53077949489354,-22.196197949388,6.64566236811253,"HCC70 R3","TBF","FLUVA"
"2731",1,1.56,25,14.4869274655114,11.1503525588606,-11.1323058040187,17.7095545134818,"HCC70 R3","TBF","FLUVA"
"2732",1,1.56,50,6.5806470011003,6.10636816958009,-9.49153708893856,13.7162954279015,"HCC70 R3","TBF","FLUVA"
"2733",1,6.25,0.78,0.769568782786479,3.95744400495322,7.88146910805634,3.08470105509966,"HCC70 R3","TBF","FLUVA"
"2734",1,6.25,3.125,0.523364537445545,1.32364671908265,5.88117602482069,1.08440797186401,"HCC70 R3","TBF","FLUVA"
"2735",1,6.25,6.25,0.10709701122201,2.67999311357474,6.10831553244086,1.31154747948418,"HCC70 R3","TBF","FLUVA"
"2736",1,6.25,12.5,6.54855891579133,7.7215369320954,13.4427235043049,8.64595545134819,"HCC70 R3","TBF","FLUVA"
"2737",1,6.25,25,11.4821006314411,15.3041234629451,-12.2465195039444,18.1711606096131,"HCC70 R3","TBF","FLUVA"
"2738",1,6.25,50,0.442295867951003,0.917234243426066,-8.31920414638287,14.8886283704572,"HCC70 R3","TBF","FLUVA"
"2739",1,25,0.78,0.964411124019449,0.916348959399883,-9.51351833161148,0.718053927315353,"HCC70 R3","TBF","FLUVA"
"2740",1,25,1.56,0.510808818493416,0.0254364809945855,-10.1583014500171,0.0732708089097258,"HCC70 R3","TBF","FLUVA"
"2741",1,25,3.125,0.676258774532513,0.625869500308539,-9.66005994943093,0.571512309495901,"HCC70 R3","TBF","FLUVA"
"2742",1,25,6.25,1.15074423629636,0.318250212339322,-10.2242451780359,0.007327080890974,"HCC70 R3","TBF","FLUVA"
"2743",1,25,12.5,1.67909201232781,0.632578117161827,-9.38895795646494,0.842614302461897,"HCC70 R3","TBF","FLUVA"
"2744",1,25,25,2.61571300588894,0.6894392283493,-8.89071645587876,1.34085580304807,"HCC70 R3","TBF","FLUVA"
"2745",1,0.39,0.78,1.8028780245696,6.26702072477825,-1.5087832094513,0.847685683530685,"HCC70 R3","TBF","FLUVA"
"2746",1,0.39,1.56,2.8007419517134,6.54304082888299,-2.78703939890231,-0.430570505920329,"HCC70 R3","TBF","FLUVA"
"2747",1,0.39,3.125,1.17772994300735,6.54902741198469,-3.05614596510253,-0.699677072120551,"HCC70 R3","TBF","FLUVA"
"2748",1,0.39,6.25,2.26772619803168,9.47710061154559,-1.64503143118892,2.46681019016866,"HCC70 R3","TBF","FLUVA"
"2749",1,0.39,12.5,4.06844553816695,5.79407422255851,-4.78181786605897,1.0853964836742,"HCC70 R3","TBF","FLUVA"
"2750",1,0.39,25,5.32778517259849,8.20321366218088,-8.49947806337288,5.93379978471478,"HCC70 R3","TBF","FLUVA"
"2751",1,0.39,50,19.4535863424034,20.4103233025237,6.3289722432599,19.4967707212056,"HCC70 R3","TBF","FLUVA"
"2752",1,1.56,0.78,0.952118726343322,-3.87317080918906,-7.56717500702137,-8.2032651596699,"HCC70 R3","TBF","FLUVA"
"2753",1,1.56,1.56,5.53242342140074,7.12830717679305,0.43705039879751,1.55633297452458,"HCC70 R3","TBF","FLUVA"
"2754",1,1.56,3.125,1.50550300700533,-1.67593126610827,-8.58698978778305,-7.46770721205598,"HCC70 R3","TBF","FLUVA"
"2755",1,1.56,6.25,5.5233172073475,4.45309308563815,-5.77821604826584,-1.14818801578758,"HCC70 R3","TBF","FLUVA"
"2756",1,1.56,12.5,11.1429398442292,12.0283298710928,-3.38546225419735,8.26605669178328,"HCC70 R3","TBF","FLUVA"
"2757",1,1.56,25,22.3317433082072,21.1819864213352,-9.66810952360092,19.5371367061356,"HCC70 R3","TBF","FLUVA"
"2758",1,1.56,50,25.8395168820719,25.6031023825442,4.16086526592048,33.1270182992465,"HCC70 R3","TBF","FLUVA"
"2759",1,6.25,0.78,1.27258650608003,1.93129946897078,0.287529832065061,0.444025834230359,"HCC70 R3","TBF","FLUVA"
"2760",1,6.25,3.125,0.672295447406128,1.22685425238585,-2.67433733477483,-0.762468604233945,"HCC70 R3","TBF","FLUVA"
"2761",1,6.25,6.25,1.1019196902549,2.07190149425115,-3.51923284750636,0.14800861141012,"HCC70 R3","TBF","FLUVA"
"2762",1,6.25,12.5,5.4126580024233,5.49478952429067,-2.97543937350764,4.20254754216003,"HCC70 R3","TBF","FLUVA"
"2763",1,6.25,25,16.0878532480191,16.6754757547247,1.91103526734952,16.1105130965196,"HCC70 R3","TBF","FLUVA"
"2764",1,6.25,50,7.78863639997934,7.96401667668937,1.52132627204493,24.4976677430929,"HCC70 R3","TBF","FLUVA"
"2765",1,25,0.78,0.4547005691457,0.206931796983,0.791948372505203,-0.107642626480086,"HCC70 R3","TBF","FLUVA"
"2766",1,25,1.56,0.552480203086375,0.638020697548953,1.13281668969215,0.23322569070686,"HCC70 R3","TBF","FLUVA"
"2767",1,25,3.125,0.651100299050356,0.671929380141464,-0.604615600936768,0.251166128453534,"HCC70 R3","TBF","FLUVA"
"2768",1,25,6.25,0.554654666515063,0.146787758827983,-1.11591807671718,-0.260136347326878,"HCC70 R3","TBF","FLUVA"
"2769",1,25,12.5,0.922243542177938,0.905723554848507,-0.223381298819788,0.632400430570513,"HCC70 R3","TBF","FLUVA"
"2770",1,25,25,2.35247062512146,1.95390545852787,0.978628030207844,1.83440975959815,"HCC70 R3","TBF","FLUVA"
"2771",1,0.39,1.56,0.27530955420022,-31.0197524578538,-29.0967846666783,-36.2230005837712,"HDQP-1 R1","TBF","FLUVA"
"2772",1,0.39,50,32.8750137242104,35.4178104389734,25.8321321965993,32.3555166374781,"HDQP-1 R1","TBF","FLUVA"
"2773",1,1.56,25,19.6570287286389,16.2890918797193,1.45421794323056,17.1336835960304,"HDQP-1 R1","TBF","FLUVA"
"2774",1,1.56,50,28.5149370057309,27.6791364685218,22.4081393261101,37.6532399299475,"HDQP-1 R1","TBF","FLUVA"
"2775",1,6.25,25,9.54665275234152,19.3599160500946,5.72390118889501,19.877408056042,"HDQP-1 R1","TBF","FLUVA"
"2776",1,0.39,25,2.4222553835161,6.52984908508476,-8.75572898309714,9.00785056848943,"HDQP-1 R1","TBF","FLUVA"
"2777",1,0.39,50,50.32185820974,53.090348353862,33.9198460242034,54.8524634542501,"HDQP-1 R1","TBF","FLUVA"
"2778",1,1.56,3.125,0.101214381170443,-2.65631169554868,-2.57765994181828,-2.30779642663779,"HDQP-1 R1","TBF","FLUVA"
"2779",1,1.56,12.5,0.62359541876851,-3.58142705843832,-9.74512244337699,-1.70546832701677,"HDQP-1 R1","TBF","FLUVA"
"2780",1,1.56,25,13.9572975859454,11.2377090741685,-2.41610416529306,13.3933405522469,"HDQP-1 R1","TBF","FLUVA"
"2781",1,1.56,50,38.6427570008855,36.6716756551325,17.4526507231006,56.5714672441798,"HDQP-1 R1","TBF","FLUVA"
"2782",1,6.25,0.78,0.330698946416703,5.92102440296662,-1.42255230884308,4.69003789929614,"HDQP-1 R1","TBF","FLUVA"
"2783",1,6.25,1.56,0.0247969019990961,2.08688239229009,-3.57469091198331,2.53789929615591,"HDQP-1 R1","TBF","FLUVA"
"2784",1,6.25,3.125,2.08799571823366,4.00811063331895,-1.93689989953069,4.17569030860854,"HDQP-1 R1","TBF","FLUVA"
"2785",1,6.25,6.25,5.16920628967198,6.63041924172678,2.2929322607292,8.40552246886843,"HDQP-1 R1","TBF","FLUVA"
"2786",1,6.25,12.5,3.98536470024786,2.5901156237789,-2.62044077662868,3.49214943151054,"HDQP-1 R1","TBF","FLUVA"
"2787",1,6.25,25,11.2110794983698,14.3939163956887,1.54804691130907,15.430427720628,"HDQP-1 R1","TBF","FLUVA"
"2788",1,6.25,50,10.9363070115589,12.3588573482394,0.275278508288523,21.9274499187872,"HDQP-1 R1","TBF","FLUVA"
"2789",1,25,0.78,1.03096969721044,0.339336052200125,-0.733113478717428,-0.0473741201949167,"HDQP-1 R1","TBF","FLUVA"
"2790",1,25,1.56,0.548312391314624,-0.791387627516954,-1.33544157833843,-0.649702219815921,"HDQP-1 R1","TBF","FLUVA"
"2791",1,25,3.125,0.78025027722228,0.407561160945519,-0.225533619486242,0.460205739036269,"HDQP-1 R1","TBF","FLUVA"
"2792",1,25,6.25,0.494574910604641,-0.835119557637327,-0.963216348235562,-0.277476989713051,"HDQP-1 R1","TBF","FLUVA"
"2793",1,25,12.5,2.43641062916915,1.60482626093793,1.2024577178175,1.88819707634001,"HDQP-1 R1","TBF","FLUVA"
"2794",1,25,25,2.8066805810932,1.3257100108782,0.96558711684294,1.65132647536545,"HDQP-1 R1","TBF","FLUVA"
"2795",1,25,50,0.280568380826466,0.00570008242927145,-5.44388946159722,3.01164049810502,"HDQP-1 R1","TBF","FLUVA"
"2796",1,0.39,0.78,0.41178300959069,3.23159722503955,0.25116057008322,1.59235668789808,"HDQP-1 R1","TBF","FLUVA"
"2797",1,0.39,1.56,0.219917087324721,1.86644650898617,-3.47212313743485,0.203821656050962,"HDQP-1 R1","TBF","FLUVA"
"2798",1,0.39,12.5,3.65654065965481,8.86203902795242,-9.19257513032494,6.78980891719746,"HDQP-1 R1","TBF","FLUVA"
"2799",1,0.39,25,28.0334124786631,32.3822321392349,-12.0913687548659,30.828025477707,"HDQP-1 R1","TBF","FLUVA"
"2800",1,0.39,50,23.4413232279243,24.8117002718163,4.34333943184065,24.2929936305733,"HDQP-1 R1","TBF","FLUVA"
"2801",1,1.56,0.78,5.55331088295896,5.52338674996957,8.04451183419172,6.48407643312102,"HDQP-1 R1","TBF","FLUVA"
"2802",1,1.56,1.56,0.630456619727916,-2.13673739299768,-1.30934512173401,-1.93630573248407,"HDQP-1 R1","TBF","FLUVA"
"2803",1,1.56,3.125,1.19593752199684,0.324686599862069,-3.7148650340972,-1.54140127388535,"HDQP-1 R1","TBF","FLUVA"
"2804",1,1.56,6.25,1.83876890711522,0.884795326382417,-7.24848102391694,-0.407643312101904,"HDQP-1 R1","TBF","FLUVA"
"2805",1,1.56,12.5,6.02158322288938,4.26506551989938,-13.0163499462316,3.15923566878982,"HDQP-1 R1","TBF","FLUVA"
"2806",1,1.56,25,37.8939879407734,35.6632707209217,16.6786258845813,39.3885350318471,"HDQP-1 R1","TBF","FLUVA"
"2807",1,1.56,50,11.6554162298287,11.0167714714593,5.28071332203656,25.2356687898089,"HDQP-1 R1","TBF","FLUVA"
"2808",1,6.25,12.5,4.16117446753755,9.92531948557752,4.421726959708,9.46496815286625,"HDQP-1 R1","TBF","FLUVA"
"2809",1,6.25,25,7.87839374590928,12.4746691549353,2.75569237545821,14.0254777070064,"HDQP-1 R1","TBF","FLUVA"
"2810",1,25,0.78,2.43961659723253,0.470378514341348,4.80126896136029,0.598726114649679,"HDQP-1 R1","TBF","FLUVA"
"2811",1,25,1.56,3.09232236861483,0.342649194693493,4.54777968669916,0.369426751592357,"HDQP-1 R1","TBF","FLUVA"
"2812",1,25,3.125,3.91012851874065,0.873512110024748,4.75972577239131,0.624203821656053,"HDQP-1 R1","TBF","FLUVA"
"2813",1,25,6.25,3.55147126267219,0.771395188445766,4.66652040093591,0.598726114649679,"HDQP-1 R1","TBF","FLUVA"
"2814",1,25,12.5,4.82036800260765,0.720986652602548,4.55135305227326,0.57324840764332,"HDQP-1 R1","TBF","FLUVA"
"2815",1,25,25,3.88881877901399,0.22842143697514,4.61270256056639,0.726114649681534,"HDQP-1 R1","TBF","FLUVA"
"2816",1,0.39,6.25,0.508920216730807,-14.5735956488485,-19.9165008571258,-28.1358885017421,"HDQP-1 R2","TBF","FLUVA"
"2817",1,0.39,50,32.1623139341283,37.1342677463609,30.1642107937223,30.7491289198606,"HDQP-1 R2","TBF","FLUVA"
"2818",1,1.56,0.78,5.26238801417106,6.65103376270198,10.2623696432306,5.13937282229965,"HDQP-1 R2","TBF","FLUVA"
"2819",1,1.56,1.56,1.74996596594117,-8.03971154196365,-0.765504921229372,-5.8885017421603,"HDQP-1 R2","TBF","FLUVA"
"2820",1,1.56,6.25,2.33450811520345,-23.588446502932,-15.5357477674729,-16.5679442508711,"HDQP-1 R2","TBF","FLUVA"
"2821",1,1.56,25,30.8199150773302,25.110089961029,5.69117521005539,30.2264808362369,"HDQP-1 R2","TBF","FLUVA"
"2822",1,1.56,50,28.5465210461056,25.9049369301557,31.4411622772833,33.0487804878049,"HDQP-1 R2","TBF","FLUVA"
"2823",1,6.25,0.78,1.64111700118836,5.51981934951255,1.61589831275286,4.52961672473866,"HDQP-1 R2","TBF","FLUVA"
"2824",1,6.25,6.25,0.123509441617585,-1.75900824339254,-4.16479749516316,2.83972125435539,"HDQP-1 R2","TBF","FLUVA"
"2825",1,6.25,12.5,6.75718460696348,9.35358265852442,-2.43678250168545,8.65853658536585,"HDQP-1 R2","TBF","FLUVA"
"2826",1,6.25,25,28.2020285028319,27.4325170877393,17.6432528696178,30.7839721254355,"HDQP-1 R2","TBF","FLUVA"
"2827",1,6.25,50,13.2427566298376,14.3140471536622,31.2372775239106,33.8675958188153,"HDQP-1 R2","TBF","FLUVA"
"2828",1,25,0.78,0.505750224559549,0.876871152982304,0.962666344198155,0.540069686411144,"HDQP-1 R2","TBF","FLUVA"
"2829",1,25,3.125,0.18400512287235,1.02789581031699,-0.43106187879836,-0.853658536585371,"HDQP-1 R2","TBF","FLUVA"
"2830",1,25,6.25,0.489161124791977,-2.01714540664571,-0.0303650146868648,-0.452961672473876,"HDQP-1 R2","TBF","FLUVA"
"2831",1,25,12.5,1.60385213982961,1.19459687503792,1.3807848110971,0.95818815331009,"HDQP-1 R2","TBF","FLUVA"
"2832",1,25,25,2.62225567197534,4.85308793356722,6.41562801667202,5.993031358885,"HDQP-1 R2","TBF","FLUVA"
"2833",1,0.39,0.78,0.66473961685766,-0.995664888444598,-5.63923947224785,-1.82788525683787,"HDQP-1 R2","TBF","FLUVA"
"2834",1,0.39,1.56,2.23677011293704,1.2935797536361,-2.67059370840529,0.466977985323567,"HDQP-1 R2","TBF","FLUVA"
"2835",1,0.39,3.125,2.49117428956026,2.0684303211258,-2.01682452895234,1.24082721814541,"HDQP-1 R2","TBF","FLUVA"
"2836",1,0.39,6.25,1.24672948270727,6.32011734752234,-1.25631752428255,3.5890593729153,"HDQP-1 R2","TBF","FLUVA"
"2837",1,0.39,25,5.22977176030889,12.7206218421799,-5.9758585969201,7.21814543028688,"HDQP-1 R2","TBF","FLUVA"
"2838",1,0.39,50,53.0650679160097,56.2190315002085,13.7189029725914,55.5570380253502,"HDQP-1 R2","TBF","FLUVA"
"2839",1,1.56,0.78,3.16313326569761,1.42000381842287,3.68918306462484,1.55436957971982,"HDQP-1 R2","TBF","FLUVA"
"2840",1,1.56,1.56,3.37782686073014,2.98898665376651,4.04080520366637,3.57571714476317,"HDQP-1 R2","TBF","FLUVA"
"2841",1,1.56,3.125,3.99120956669173,4.38381558352665,5.35501467664835,4.88992661774516,"HDQP-1 R2","TBF","FLUVA"
"2842",1,1.56,6.25,2.58597231541422,1.7984032939905,-2.89437613532863,-0.0200133422281681,"HDQP-1 R2","TBF","FLUVA"
"2843",1,1.56,12.5,0.745806068045006,-2.43125570482613,-14.2391638785931,-8.02535023348899,"HDQP-1 R2","TBF","FLUVA"
"2844",1,1.56,25,13.3322546635596,13.0833195000803,-10.1520039777352,9.41961307538359,"HDQP-1 R2","TBF","FLUVA"
"2845",1,1.56,50,44.310790927667,43.5252365263745,7.73823521880833,57.36490993996,"HDQP-1 R2","TBF","FLUVA"
"2846",1,6.25,0.78,1.11010282257307,2.44988765025028,0.831971363878665,2.50833889259506,"HDQP-1 R2","TBF","FLUVA"
"2847",1,6.25,25,7.61802612308801,11.1534770122488,-0.465288187744889,9.55970647098066,"HDQP-1 R2","TBF","FLUVA"
"2848",1,6.25,50,9.83957868849765,11.4578409177388,0.774422516519991,17.4783188792528,"HDQP-1 R2","TBF","FLUVA"
"2849",1,25,0.78,1.1784850773948,1.06178412915705,2.46416128474996,1.08739159439627,"HDQP-1 R2","TBF","FLUVA"
"2850",1,25,3.125,1.60701400913898,1.85818163854844,3.33140611463655,1.95463642428285,"HDQP-1 R2","TBF","FLUVA"
"2851",1,25,6.25,0.792877286979618,-0.353912615081157,0.676302712368368,-0.700466977985329,"HDQP-1 R2","TBF","FLUVA"
"2852",1,25,12.5,1.45021611434103,-0.181374196095149,0.129271358132215,-1.24749833222148,"HDQP-1 R2","TBF","FLUVA"
"2853",1,25,25,2.18631090256275,1.39869719684148,0.407511242337208,0.700466977985329,"HDQP-1 R2","TBF","FLUVA"
"2854",1,0.39,0.78,1.24017231908424,4.57907969168614,-8.86290257049856,-5.0565721469479,"HDQP-1 R2","TBF","FLUVA"
"2855",1,0.39,1.56,2.27063978626154,-6.83672082264639,-15.8745762208112,-10.4483866461796,"HDQP-1 R2","TBF","FLUVA"
"2856",1,0.39,3.125,4.17096561136359,14.5487095239629,-3.4706091863092,1.95558038832239,"HDQP-1 R2","TBF","FLUVA"
"2857",1,0.39,6.25,1.45253057727597,4.37920371200087,-9.6721138186026,-2.62606509289007,"HDQP-1 R2","TBF","FLUVA"
"2858",1,0.39,25,30.920977126532,32.2801219349034,5.32271740416069,34.6417097359966,"HDQP-1 R2","TBF","FLUVA"
"2859",1,0.39,50,17.8977374262358,20.418125744018,12.041930998566,21.1062997625367,"HDQP-1 R2","TBF","FLUVA"
"2860",1,1.56,0.78,6.74495968064823,7.67165409972874,5.08860626599629,2.36066489733203,"HDQP-1 R2","TBF","FLUVA"
"2861",1,1.56,25,22.6105431575896,26.0906512756237,6.04564287183146,27.6155887693812,"HDQP-1 R2","TBF","FLUVA"
"2862",1,1.56,50,5.0578255683661,1.9428607062524,-2.13363239198321,15.0300321273921,"HDQP-1 R2","TBF","FLUVA"
"2863",1,25,0.78,1.89127515875624,0.911333318673528,3.94263524316135,0.181589607487069,"HDQP-1 R2","TBF","FLUVA"
"2864",1,25,1.56,3.56170735178061,0.469082909361816,3.95660367450651,0.195558038832232,"HDQP-1 R2","TBF","FLUVA"
"2865",1,25,3.125,3.59742159501985,0.981661316914199,3.78898249836459,0.0279368626903107,"HDQP-1 R2","TBF","FLUVA"
"2866",1,25,6.25,3.86054807878492,0.656250914001546,3.88676151778071,0.125715882106434,"HDQP-1 R2","TBF","FLUVA"
"2867",1,25,12.5,3.65017310247974,0.38383040611221,2.08531275921271,-0.0558737253806356,"HDQP-1 R2","TBF","FLUVA"
"2868",1,25,25,0.46479296283259,0.111743548419796,2.46246040553203,0.32127392093868,"HDQP-1 R2","TBF","FLUVA"
"2869",1,0.39,0.78,0.56210387089882,11.0313882559559,-38.0283911051257,-35.9443800695249,"HDQP-1 R3","TBF","FLUVA"
"2870",1,0.39,1.56,4.41201969998394,-4.84941773892308,-42.9183099927271,-48.5747392815759,"HDQP-1 R3","TBF","FLUVA"
"2871",1,0.39,12.5,1.79915222289415,10.3743200911961,-35.1315197262149,-35.550405561993,"HDQP-1 R3","TBF","FLUVA"
"2872",1,0.39,25,5.82409163237972,34.0898291953613,-21.3504697320599,-14.0440324449594,"HDQP-1 R3","TBF","FLUVA"
"2873",1,0.39,50,45.3609573340261,60.4989735072217,16.2142327056184,36.8018539976825,"HDQP-1 R3","TBF","FLUVA"
"2874",1,1.56,0.78,14.816715468159,-12.6313152131735,-8.39665926292064,-22.7809965237543,"HDQP-1 R3","TBF","FLUVA"
"2875",1,1.56,1.56,17.6334322036636,-24.6289896598811,-13.773252542179,-28.1575898030127,"HDQP-1 R3","TBF","FLUVA"
"2876",1,1.56,3.125,10.888261285704,-20.6235221927873,-21.305118127347,-35.6894553881807,"HDQP-1 R3","TBF","FLUVA"
"2877",1,1.56,6.25,6.46726185192045,-16.3766912962274,-27.9875675538178,-39.9073001158748,"HDQP-1 R3","TBF","FLUVA"
"2878",1,1.56,12.5,15.0130088671859,-22.8139785624805,-21.3675836083303,-30.8227114716107,"HDQP-1 R3","TBF","FLUVA"
"2879",1,1.56,25,36.361922992643,31.3962906619368,16.0197057598953,18.8876013904983,"HDQP-1 R3","TBF","FLUVA"
"2880",1,1.56,50,6.41480242772656,35.7327976862624,8.51814564853197,43.8933951332561,"HDQP-1 R3","TBF","FLUVA"
"2881",1,6.25,0.78,5.14377369978608,12.6421481022975,0.543887868407367,4.68134414831982,"HDQP-1 R3","TBF","FLUVA"
"2882",1,6.25,1.56,5.05053800443045,7.33309254278845,-2.03659168552573,4.56546929316339,"HDQP-1 R3","TBF","FLUVA"
"2883",1,6.25,3.125,4.56464966392595,15.3625889369724,-3.05629041090233,3.54577056778679,"HDQP-1 R3","TBF","FLUVA"
"2884",1,6.25,12.5,10.1709311883139,15.8064849637941,-4.47096198116049,9.52491309385863,"HDQP-1 R3","TBF","FLUVA"
"2885",1,6.25,25,38.4887002354716,39.6836065947965,3.55363909042548,29.8725376593279,"HDQP-1 R3","TBF","FLUVA"
"2886",1,6.25,50,22.2983663638725,25.5313795284175,-1.13169840729311,44.1019698725377,"HDQP-1 R3","TBF","FLUVA"
"2887",1,25,0.78,2.54781262547425,-0.538250115136364,-2.96858221352566,-3.29084588644264,"HDQP-1 R3","TBF","FLUVA"
"2888",1,25,1.56,1.97688632693401,-3.49263731438874,-4.12733076508997,-4.44959443800694,"HDQP-1 R3","TBF","FLUVA"
"2889",1,25,3.125,1.91403411777021,-0.502759916161935,-4.2663805912777,-4.58864426419467,"HDQP-1 R3","TBF","FLUVA"
"2890",1,25,6.25,3.92934579677646,5.68625708105468,-0.372985458021603,-0.695249130938578,"HDQP-1 R3","TBF","FLUVA"
"2891",1,25,12.5,6.55496410334989,4.62851703011269,0.314205903456653,2.45654692931635,"HDQP-1 R3","TBF","FLUVA"
"2892",1,25,25,6.67378550517805,11.2254994501651,0.761589785161718,7.83314020857475,"HDQP-1 R3","TBF","FLUVA"
"2893",1,25,50,0.633773803173113,-0.721324330094305,-5.07950125207211,9.38586326767091,"HDQP-1 R3","TBF","FLUVA"
"2894",1,0.39,0.78,2.07877744817013,-5.1484655844304,-4.3575090829025,-2.05301973290813,"HDQP-1 R3","TBF","FLUVA"
"2895",1,0.39,1.56,1.23051155028831,-3.56661467900598,-6.04893774816915,-2.26563019068502,"HDQP-1 R3","TBF","FLUVA"
"2896",1,0.39,25,1.39522963343219,7.63172626089256,-11.9956422785325,2.13939273137997,"HDQP-1 R3","TBF","FLUVA"
"2897",1,0.39,50,55.3762452677146,57.5007047219663,14.2188171653776,60.3747259318318,"HDQP-1 R3","TBF","FLUVA"
"2898",1,1.56,1.56,4.11335635581546,2.04421217059172,3.20447163716382,2.83037671915487,"HDQP-1 R3","TBF","FLUVA"
"2899",1,1.56,25,5.18610077469381,4.4351360270657,-17.7343368760293,1.11620490332868,"HDQP-1 R3","TBF","FLUVA"
"2900",1,1.56,50,39.3314803322137,37.9505583834267,6.42199257351864,48.9336256727128,"HDQP-1 R3","TBF","FLUVA"
"2901",1,6.25,25,5.57701265465842,9.84014349440149,0.329374142849574,8.47784200385357,"HDQP-1 R3","TBF","FLUVA"
"2902",1,6.25,50,8.20612359403582,10.4210876914798,2.34431809854784,14.9292405820211,"HDQP-1 R3","TBF","FLUVA"
"2903",1,25,6.25,0.880547123753502,1.23657036013108,2.74015178673656,0.564746528469868,"HDQP-1 R3","TBF","FLUVA"
"2904",1,25,12.5,1.01030352101311,0.0425541399226717,-0.359821161301994,-1.05640821207892,"HDQP-1 R3","TBF","FLUVA"
"2905",1,25,25,1.85382696709513,-0.118148557346061,-0.0276173210256161,-0.724204371802543,"HDQP-1 R3","TBF","FLUVA"
"2906",1,0.39,0.78,0.87674554218308,0.0292050518482774,-10.6617639515663,-7.09508578075021,"HDQP-1 R3","TBF","FLUVA"
"2907",1,0.39,3.125,1.29132909658452,4.7836758810832,-10.8583560415008,-5.05961035184646,"HDQP-1 R3","TBF","FLUVA"
"2908",1,0.39,6.25,0.492025671440667,-0.564514035631687,-14.7914994544942,-6.76068624600174,"HDQP-1 R3","TBF","FLUVA"
"2909",1,0.39,25,22.6935025085107,25.6303332090104,1.86717982063094,32.2186682175051,"HDQP-1 R3","TBF","FLUVA"
"2910",1,0.39,50,18.724865828508,19.7047220442589,15.8633173150911,22.8118639139285,"HDQP-1 R3","TBF","FLUVA"
"2911",1,1.56,0.78,3.49272063126462,-2.65725385759923,-2.69587946630714,-6.29543471939517,"HDQP-1 R3","TBF","FLUVA"
"2912",1,1.56,1.56,4.03893587772544,0.285873827580772,-2.67786262962272,-5.16138412329166,"HDQP-1 R3","TBF","FLUVA"
"2913",1,1.56,3.125,5.19631635707353,1.17383338966058,-2.48537647046082,-3.85286420471068,"HDQP-1 R3","TBF","FLUVA"
"2914",1,1.56,6.25,4.49905502137309,-2.11348098936298,-6.14227678953161,-5.2776970049433,"HDQP-1 R3","TBF","FLUVA"
"2915",1,1.56,12.5,6.15921641931643,1.57724613610146,-6.69539118167145,-1.36667635940681,"HDQP-1 R3","TBF","FLUVA"
"2916",1,1.56,25,29.4051564837886,25.8300504425529,14.937548396945,29.1945332945624,"HDQP-1 R3","TBF","FLUVA"
"2917",1,1.56,50,7.84337849502202,6.7238924466046,10.8501738160475,23.3788892119802,"HDQP-1 R3","TBF","FLUVA"
"2918",1,6.25,0.78,0.788344997396464,7.75769970391623,-1.63481592052517,5.48124454783367,"HDQP-1 R3","TBF","FLUVA"
"2919",1,6.25,1.56,0.914426800379943,6.2726219718889,-4.25185575768714,2.8642047106717,"HDQP-1 R3","TBF","FLUVA"
"2920",1,6.25,3.125,3.28480651910542,11.1999344535142,0.938606586017428,8.05466705437627,"HDQP-1 R3","TBF","FLUVA"
"2921",1,6.25,6.25,5.16263496532353,10.659738231755,0.447754565475933,8.67984879325385,"HDQP-1 R3","TBF","FLUVA"
"2922",1,6.25,12.5,9.48814282125059,16.2066899185328,5.01651289678088,14.3646408839779,"HDQP-1 R3","TBF","FLUVA"
"2923",1,6.25,25,10.4667046560352,17.0864265758869,7.6114299664859,19.1916254725211,"HDQP-1 R3","TBF","FLUVA"
"2924",1,25,0.78,5.14660416025734,1.94553291652015,5.61198821095101,1.11951148589706,"HDQP-1 R3","TBF","FLUVA"
"2925",1,25,1.56,3.34339259805661,-0.144456777157416,3.1112612554407,-1.38121546961325,"HDQP-1 R3","TBF","FLUVA"
"2926",1,25,3.125,5.41574538417926,1.7664553852247,5.11765846393153,0.625181738877586,"HDQP-1 R3","TBF","FLUVA"
"2927",1,25,6.25,5.26810288723908,0.980115283010406,4.75418070877015,0.261703983716203,"HDQP-1 R3","TBF","FLUVA"
"2928",1,25,12.5,7.80162896238944,3.85246045797479,7.67654186026768,3.18406513521373,"HDQP-1 R3","TBF","FLUVA"
"2929",1,25,25,6.14864400007913,2.33295010510523,7.58930719902895,3.096830473975,"HDQP-1 R3","TBF","FLUVA"
"2930",1,0.39,0.78,0.0954481995695151,5.21232514124303,4.95742312709057,5.67806184359178,"HS578T R1","TBF","FLUVA"
"2931",1,0.39,1.56,0.0800069083428189,-1.50317790374929,-1.71649628376344,-0.995857567262235,"HS578T R1","TBF","FLUVA"
"2932",1,0.39,12.5,0.00611017983991902,-1.32682992444731,-2.11400245556978,-1.39336373906858,"HS578T R1","TBF","FLUVA"
"2933",1,0.39,25,9.30121729307021,13.1793017584509,9.5562953245751,12.9921754048286,"HS578T R1","TBF","FLUVA"
"2934",1,1.56,25,6.83031997687649,4.06333681734657,-21.846635351512,3.89556048370224,"HS578T R1","TBF","FLUVA"
"2935",1,1.56,50,15.5294242772062,15.9554823201615,-28.6226307360062,22.8461441901335,"HS578T R1","TBF","FLUVA"
"2936",1,0.39,0.78,0.861234797168129,-2.3509354251138,-2.20579466791479,-3.47114203847727,"HS578T R1","TBF","FLUVA"
"2937",1,0.39,3.125,0.00977012136022393,0.753024044405694,-0.670796714578715,-0.384772820302871,"HS578T R1","TBF","FLUVA"
"2938",1,0.39,25,0.37491418937915,1.45002964856189,-16.518434478862,0.343839541547268,"HS578T R1","TBF","FLUVA"
"2939",1,0.39,50,2.83342721455779,2.06954451799848,1.60994695374135,1.24846500204666,"HS578T R1","TBF","FLUVA"
"2940",1,1.56,50,10.6135037705834,11.4693207337696,21.437919657605,21.956610724519,"HS578T R1","TBF","FLUVA"
"2941",1,0.39,25,1.22282430513411,4.13176354624336,-14.6886562705878,2.85800500043108,"HS578T R1 ","TBF","FLUVA"
"2942",1,0.39,1.56,0.277217077374754,-0.57412825083572,-11.7115193303165,0.162839248434253,"HS578T R2","TBF","FLUVA"
"2943",1,0.39,50,1.53788727524004,1.63496062168488,-12.1331018067441,2.09603340292276,"HS578T R2","TBF","FLUVA"
"2944",1,1.56,0.78,1.36788176601,2.69301389028114,1.11520300788809,2.75574112734863,"HS578T R2","TBF","FLUVA"
"2945",1,1.56,1.56,0.260759139217987,0.350057749050961,-0.0580746539072905,1.58246346555325,"HS578T R2","TBF","FLUVA"
"2946",1,1.56,25,0.311271240122238,0.77557106184161,-23.1811616493267,4.63883089770356,"HS578T R2","TBF","FLUVA"
"2947",1,1.56,50,13.3410227145481,13.289791275317,-19.9451240840006,20.4634655532359,"HS578T R2","TBF","FLUVA"
"2948",1,25,0.78,0.869424187142741,1.6476239207465,1.64573325336278,1.65344467640918,"HS578T R2","TBF","FLUVA"
"2949",1,25,12.5,0.100780836597451,0.279692992969856,0.397299015366954,0.405010438413356,"HS578T R2","TBF","FLUVA"
"2950",1,25,50,0.208672481080384,0.144516455210706,-9.81142611073521,3.28601252609603,"HS578T R2","TBF","FLUVA"
"2951",1,0.39,25,1.42044362808693,2.52079632354884,-4.18745818083737,4.07987887220199,"HS578T R2","TBF","FLUVA"
"2952",1,0.39,50,9.79519834233456,11.1906360313107,5.96755434536754,12.7184187911773,"HS578T R2","TBF","FLUVA"
"2953",1,1.56,50,11.3140946907247,9.50100808405564,8.14720048225164,21.7293448459304,"HS578T R2","TBF","FLUVA"
"2954",1,25,1.56,0.368471213267696,0.746403641089543,1.05071075867099,0.834799688996199,"HS578T R2","TBF","FLUVA"
"2955",1,25,50,3.48967838422759,3.05674877339038,6.08595154460281,7.40680116217213,"HS578T R2","TBF","FLUVA"
"2956",1,0.39,0.78,0.0578855235014437,-0.524069250916519,-3.79649330958614,-3.72798391678685,"HS578T R2 ","TBF","FLUVA"
"2957",1,0.39,6.25,0.0654258907518066,-0.418339826273622,-4.70781084809686,-3.62309339626768,"HS578T R2 ","TBF","FLUVA"
"2958",1,0.39,25,1.38494600090403,3.36581513944257,-19.2958528293007,0.236003671168206,"HS578T R2 ","TBF","FLUVA"
"2959",1,1.56,50,10.5111875484147,11.3940439423137,19.7090112247786,20.6066168436694,"HS578T R2 ","TBF","FLUVA"
"2960",1,25,0.78,0.143985039225768,0.0967280139565077,-0.152700506518158,0.0874087670993475,"HS578T R2 ","TBF","FLUVA"
"2961",1,25,1.56,0.0253881617648091,-0.137983110716888,-0.445519876300949,-0.205410602683443,"HS578T R2 ","TBF","FLUVA"
"2962",1,0.39,1.56,0.687374275894213,-3.42926761758603,-1.10540917279499,-3.0485776077192,"HS578T R3","TBF","FLUVA"
"2963",1,0.39,25,1.67037612385177,2.6051442565467,-11.6170733637585,2.9861919813675,"HS578T R3","TBF","FLUVA"
"2964",1,0.39,50,2.4402955711644,2.55783074566811,2.4878297155214,2.80735318582599,"HS578T R3","TBF","FLUVA"
"2965",1,1.56,50,13.4448273070107,13.4514121105705,22.1820118184124,23.4694726335052,"HS578T R3","TBF","FLUVA"
"2966",1,0.39,0.78,0.135070755220076,-0.51212175014512,-2.4494259004459,-1.01268962096475,"HS578T R3","TBF","FLUVA"
"2967",1,0.39,25,1.37377114456228,3.4702924408077,-3.95346270454088,2.9719340305047,"HS578T R3","TBF","FLUVA"
"2968",1,0.39,50,5.8997580986661,8.33202647069697,-9.43893936350386,7.9899144380606,"HS578T R3","TBF","FLUVA"
"2969",1,1.56,0.78,0.22170190079015,0.0396674362811495,1.02371406553846,0.669615177944024,"HS578T R3","TBF","FLUVA"
"2970",1,1.56,50,8.3085365521281,6.95564413531604,-24.4246232227144,16.7114454594304,"HS578T R3","TBF","FLUVA"
"2971",1,25,0.78,0.927936174833391,1.76742318894317,0.777942610256275,1.88484272310173,"HS578T R3","TBF","FLUVA"
"2972",1,25,12.5,0.86503729262138,1.38376520020034,0.364599907821685,1.47150002066714,"HS578T R3","TBF","FLUVA"
"2973",1,25,25,0.693033815444366,0.498805359631149,-0.420751226804029,0.686148886041423,"HS578T R3","TBF","FLUVA"
"2974",1,0.39,25,1.36987146773774,2.81322276768931,-5.49227217682527,3.49607404483045,"HS578T R3 ","TBF","FLUVA"
"2975",1,0.39,50,1.74133689214832,3.33761167905354,-14.5376546418008,3.750493485985,"HS578T R3 ","TBF","FLUVA"
"2976",1,1.56,50,1.83226489468213,1.54299451323957,-29.7613153000903,12.409527569417,"HS578T R3 ","TBF","FLUVA"
"2977",1,0.39,3.125,2.14865035271088,11.0799846037792,-60.741806495611,2.16165413533834,"LY2 R1","TBF","FLUVA"
"2978",1,0.39,6.25,3.16994582459835,2.46746595106186,-57.554149854007,5.34931077694235,"LY2 R1","TBF","FLUVA"
"2979",1,0.39,12.5,2.41734381956767,-8.33124649617464,-60.0290871973653,1.01817042606517,"LY2 R1","TBF","FLUVA"
"2980",1,0.39,25,8.30115579967192,14.4998856104076,-39.5481974730546,23.3552631578947,"LY2 R1","TBF","FLUVA"
"2981",1,1.56,0.78,3.17958433610433,-2.62632873007235,-56.8257663953603,-7.28383458646616,"LY2 R1","TBF","FLUVA"
"2982",1,1.56,1.56,2.7779096795338,-9.06140088335655,-62.2377338139067,-12.6958020050125,"LY2 R1","TBF","FLUVA"
"2983",1,1.56,3.125,6.5228058866787,10.4427705335943,-46.6832225357112,2.85870927318295,"LY2 R1","TBF","FLUVA"
"2984",1,1.56,6.25,6.49808607947772,-0.257710280557276,-47.3489493527538,2.19298245614036,"LY2 R1","TBF","FLUVA"
"2985",1,1.56,12.5,1.75917913123731,-13.4138616925302,-53.4266435883428,-3.88471177944861,"LY2 R1","TBF","FLUVA"
"2986",1,1.56,25,10.2816127085733,10.8591976004391,-31.1522074981172,18.3897243107769,"LY2 R1","TBF","FLUVA"
"2987",1,1.56,50,0.452682711547993,-0.214233893003168,17.6259879906046,2.49843358395991,"LY2 R1","TBF","FLUVA"
"2988",1,6.25,3.125,0.810976312536454,12.6556018659195,-48.4846009818265,4.70708020050125,"LY2 R1","TBF","FLUVA"
"2989",1,6.25,6.25,1.12017406817499,4.36292750595159,-46.2602902048842,6.9313909774436,"LY2 R1","TBF","FLUVA"
"2990",1,6.25,25,2.56058307380523,5.49261060899428,-39.8066561196711,13.3850250626566,"LY2 R1","TBF","FLUVA"
"2991",1,6.25,50,0.854179937028078,1.20773032204572,18.6363263364692,3.50877192982456,"LY2 R1","TBF","FLUVA"
"2992",1,25,0.78,5.62969899988322,7.8744187035964,-27.8549017337062,4.28414786967418,"LY2 R1","TBF","FLUVA"
"2993",1,25,1.56,7.07774194633847,9.91313224418347,-25.0275207813253,7.11152882205513,"LY2 R1","TBF","FLUVA"
"2994",1,25,3.125,6.52933612259753,12.3625171805218,-25.6227588765633,6.51629072681704,"LY2 R1","TBF","FLUVA"
"2995",1,25,6.25,9.02956491742005,6.59300928935749,-23.6569067462375,8.48214285714286,"LY2 R1","TBF","FLUVA"
"2996",1,25,12.5,13.801513086892,5.52249617818042,-19.2709418339568,12.8681077694236,"LY2 R1","TBF","FLUVA"
"2997",1,25,25,11.5734218285015,11.7623969168692,-14.5716937136561,17.5673558897243,"LY2 R1","TBF","FLUVA"
"2998",1,25,50,0.701545505900057,1.32397488081105,21.1269278402286,5.99937343358395,"LY2 R1","TBF","FLUVA"
"2999",1,0.39,0.78,0.353883334338111,-0.775783636000266,-2.11243734267888,-2.35394908616185,"LY2 R1","TBF","FLUVA"
"3000",1,0.39,1.56,0.64795395019893,-0.770774965978161,-1.20675849150397,-1.44827023498694,"LY2 R1","TBF","FLUVA"
"3001",1,0.39,3.125,0.489579160064666,0.342290352324897,-1.50049217296611,-1.74200391644908,"LY2 R1","TBF","FLUVA"
"3002",1,0.39,6.25,1.08115635596177,-1.87118030242768,-1.22715666382773,-1.4686684073107,"LY2 R1","TBF","FLUVA"
"3003",1,0.39,12.5,1.14127866997136,0.05916202284254,-0.129734992809438,-0.371246736292406,"LY2 R1","TBF","FLUVA"
"3004",1,0.39,25,1.47380228375569,1.89909147978464,0.266455792046947,2.84758485639688,"LY2 R1","TBF","FLUVA"
"3005",1,1.56,0.78,0.680542566505464,3.32853967407237,1.46540208290858,1.74200391644909,"LY2 R1","TBF","FLUVA"
"3006",1,1.56,1.56,0.657786754246868,4.90758988830113,3.94989947194252,4.22650130548304,"LY2 R1","TBF","FLUVA"
"3007",1,1.56,3.125,1.32862843833801,4.77974847082943,2.40779764426628,2.68439947780679,"LY2 R1","TBF","FLUVA"
"3008",1,1.56,6.25,0.894349945623867,1.65964829290199,1.78769320562399,2.06429503916451,"LY2 R1","TBF","FLUVA"
"3009",1,1.56,12.5,2.14918828137724,3.55769157026086,0.025757358626584,3.125,"LY2 R1","TBF","FLUVA"
"3010",1,1.56,25,4.63294948179517,6.27150862113043,1.3031491878694,7.22503263707571,"LY2 R1","TBF","FLUVA"
"3011",1,1.56,50,14.2534378938041,14.2644019618035,6.40618904426624,14.8049934725849,"LY2 R1","TBF","FLUVA"
"3012",1,6.25,0.78,2.87611808444658,4.90230194173559,2.07420010170754,3.39017624020887,"LY2 R1","TBF","FLUVA"
"3013",1,6.25,1.56,2.15626746574204,1.55482372304248,-0.410297287326411,0.905678851174926,"LY2 R1","TBF","FLUVA"
"3014",1,6.25,3.125,4.20819038078936,7.71672262538642,4.40367138108089,5.71964751958222,"LY2 R1","TBF","FLUVA"
"3015",1,6.25,6.25,2.1819374979232,1.84589162834507,0.91558391371797,2.23156005221931,"LY2 R1","TBF","FLUVA"
"3016",1,6.25,12.5,5.33115624889645,7.71086397603941,3.159849111107,7.29846605744123,"LY2 R1","TBF","FLUVA"
"3017",1,6.25,25,9.84478474344988,7.82569456841942,-6.6946827886319,8.73449738903393,"LY2 R1","TBF","FLUVA"
"3018",1,6.25,50,15.001938502256,14.1542188772889,-12.0753710230967,16.0819190600522,"LY2 R1","TBF","FLUVA"
"3019",1,25,0.78,4.14217199874371,7.46365863216568,6.72964580927932,6.43358355091384,"LY2 R1","TBF","FLUVA"
"3020",1,25,1.56,3.42288894368085,4.54223658609799,1.5734540876083,4.10003263707572,"LY2 R1","TBF","FLUVA"
"3021",1,25,3.125,5.8771496275068,8.46715068076636,4.5801446881305,7.10672323759791,"LY2 R1","TBF","FLUVA"
"3022",1,25,6.25,8.89718679005911,8.8797396657959,0.970600670375909,9.14246083550913,"LY2 R1","TBF","FLUVA"
"3023",1,25,12.5,13.6713331739585,11.8466932751859,-5.07401888106011,11.5657637075718,"LY2 R1","TBF","FLUVA"
"3024",1,25,25,27.1922188862256,26.8490933225438,-14.5753710079531,27.4681788511749,"LY2 R1","TBF","FLUVA"
"3025",1,25,50,7.4864620134608,8.85610318375525,-53.5496343922873,19.769908616188,"LY2 R1","TBF","FLUVA"
"3026",1,0.39,0.78,2.57820844444856,-8.98433095520557,-12.9768131472059,-21.1167338536753,"LY2 R1","TBF","FLUVA"
"3027",1,0.39,1.56,8.22994137775943,-1.513536729366,0.509714097202707,-6.20121794321982,"LY2 R1","TBF","FLUVA"
"3028",1,0.39,3.125,7.82098273989675,-10.0873250262018,-6.19755067679165,-12.9084827172142,"LY2 R1","TBF","FLUVA"
"3029",1,0.39,6.25,9.34192388807208,0.24149083468994,-2.20921548509424,-8.92014752551677,"LY2 R1","TBF","FLUVA"
"3030",1,0.39,12.5,8.39531534787698,-5.73162308664565,-5.88539516237708,-11.1673385367527,"LY2 R1","TBF","FLUVA"
"3031",1,0.39,25,31.3728608160558,27.1134926368226,30.7675362086973,34.059524830603,"LY2 R1","TBF","FLUVA"
"3032",1,0.39,50,1.06928970912593,0.434727494935515,1.84319082126903,1.84406895960203,"LY2 R1","TBF","FLUVA"
"3033",1,1.56,1.56,2.61907834008728,9.59516672864483,-2.63312108847036,4.45149669783,"LY2 R1","TBF","FLUVA"
"3034",1,1.56,3.125,3.62887629259849,10.0258510338688,-0.15434932416812,6.93026846213223,"LY2 R1","TBF","FLUVA"
"3035",1,1.56,6.25,8.95993801865069,22.6525346102299,4.08610192744519,12.5997083797924,"LY2 R1","TBF","FLUVA"
"3036",1,1.56,12.5,10.3920294687267,15.2620068223529,-0.645056736028561,9.29753838236554,"LY2 R1","TBF","FLUVA"
"3037",1,1.56,25,24.7406816487407,28.8222493669476,16.4984330999708,36.443948880693,"LY2 R1","TBF","FLUVA"
"3038",1,1.56,50,1.55705899270164,2.2734106845452,3.00967165152892,3.01054978986191,"LY2 R1","TBF","FLUVA"
"3039",1,6.25,0.78,7.7035004377039,16.8813020948276,5.92472675421909,6.04683077450896,"LY2 R1","TBF","FLUVA"
"3040",1,6.25,1.56,7.12691231240172,3.73160588690482,-0.576688461494093,-0.454584441204219,"LY2 R1","TBF","FLUVA"
"3041",1,6.25,3.125,8.50417128079275,8.00009307575732,3.92965180289904,5.48074448923579,"LY2 R1","TBF","FLUVA"
"3042",1,6.25,6.25,12.4798285422397,21.0985806969574,11.3659670958058,12.9170597821425,"LY2 R1","TBF","FLUVA"
"3043",1,6.25,12.5,11.569578421346,9.80316588669616,-0.889092220801253,4.94896646367613,"LY2 R1","TBF","FLUVA"
"3044",1,6.25,25,18.3525121094781,12.8295654804763,3.19152772927304,19.0325070760786,"LY2 R1","TBF","FLUVA"
"3045",1,6.25,50,0.987793955719269,1.35939821387976,3.50714141737505,3.50801955570805,"LY2 R1","TBF","FLUVA"
"3046",1,25,0.78,7.6480424240502,12.5670384358517,4.26366084532073,4.07410584098121,"LY2 R1","TBF","FLUVA"
"3047",1,25,1.56,10.7989908500059,14.9548590301372,11.8629403718667,11.6733853675272,"LY2 R1","TBF","FLUVA"
"3048",1,25,3.125,10.8398128814749,9.90865370676741,6.69435139704554,7.9337850587529,"LY2 R1","TBF","FLUVA"
"3049",1,25,6.25,13.8051277478942,16.2512295368603,7.16947114509935,9.83789347285359,"LY2 R1","TBF","FLUVA"
"3050",1,25,12.5,18.4417343208353,16.8079435082826,7.47643077157836,13.0028304314264,"LY2 R1","TBF","FLUVA"
"3051",1,25,25,17.3676332139598,17.0691890324418,6.4022346996954,21.9315550218715,"LY2 R1","TBF","FLUVA"
"3052",1,0.39,0.78,6.75341906913274,8.62428498283048,-17.6829289482556,-3.7709908671315,"LY2 R2","TBF","FLUVA"
"3053",1,0.39,1.56,4.59195871714361,0.156739831562613,-20.9334445134132,-7.02150643228912,"LY2 R2","TBF","FLUVA"
"3054",1,0.39,3.125,4.91080810035117,15.6479747730351,-15.2965987901489,-1.38466070902486,"LY2 R2","TBF","FLUVA"
"3055",1,0.39,6.25,8.65642138280677,18.9522728857161,-4.55320293431076,9.3587351468133,"LY2 R2","TBF","FLUVA"
"3056",1,0.39,12.5,10.7628933551993,8.57129419186578,-8.43221697732362,5.47972110380044,"LY2 R2","TBF","FLUVA"
"3057",1,0.39,25,14.5812360130344,14.9054691370256,7.44718987723792,16.4195227339684,"LY2 R2","TBF","FLUVA"
"3058",1,1.56,0.78,7.79340280941745,16.5422652525464,-6.01642595306751,4.56643425316705,"LY2 R2","TBF","FLUVA"
"3059",1,1.56,1.56,3.43240187964449,0.129880864554591,-17.3883202867609,-6.80546008052634,"LY2 R2","TBF","FLUVA"
"3060",1,1.56,3.125,5.86995343045837,9.13033122069989,-17.9087955887348,-7.32593538250022,"LY2 R2","TBF","FLUVA"
"3061",1,1.56,6.25,9.09473081118608,4.9086929652835,-14.9430683963553,-4.36020819012077,"LY2 R2","TBF","FLUVA"
"3062",1,1.56,12.5,11.5183703195826,9.25230127033339,-4.31751600511502,6.26534420111953,"LY2 R2","TBF","FLUVA"
"3063",1,1.56,25,31.0301968216145,36.3062178378432,31.9586305135926,40.9309633703231,"LY2 R2","TBF","FLUVA"
"3064",1,1.56,50,0.961331641067673,0.881136326698382,0.158699623398221,1.48286359618972,"LY2 R2","TBF","FLUVA"
"3065",1,6.25,0.78,7.18591005689841,0.787581754530387,-12.8808077658928,-10.1934596877148,"LY2 R2","TBF","FLUVA"
"3066",1,6.25,1.56,1.33930432836001,-8.65597453278865,-17.7025695256885,-15.0152214475106,"LY2 R2","TBF","FLUVA"
"3067",1,6.25,3.125,5.44518286263741,4.41464940966542,-13.3620019130007,-10.6746538348227,"LY2 R2","TBF","FLUVA"
"3068",1,6.25,6.25,8.14574334589566,3.66738455487788,-7.51893012669021,-4.83158204851223,"LY2 R2","TBF","FLUVA"
"3069",1,6.25,12.5,8.5220242822617,5.00732789500409,-0.418861384669183,2.26848669350879,"LY2 R2","TBF","FLUVA"
"3070",1,6.25,25,11.9094375158533,5.52689957225763,-15.9879044386104,11.2442305803791,"LY2 R2","TBF","FLUVA"
"3071",1,6.25,50,1.93633785713556,1.9343972503423,2.17185881027832,3.49602278306982,"LY2 R2","TBF","FLUVA"
"3072",1,25,0.78,3.75346655855175,6.7809725256713,-13.9943858291633,-2.2488461160758,"LY2 R2","TBF","FLUVA"
"3073",1,25,1.56,1.8603895786003,-3.66791014236196,-20.6427212902258,-8.89718157713835,"LY2 R2","TBF","FLUVA"
"3074",1,25,3.125,2.56111120856756,7.70416453052322,-16.4494580082853,-4.70391829519787,"LY2 R2","TBF","FLUVA"
"3075",1,25,6.25,4.49505871317651,7.49943904385358,-11.2348846998301,0.510655013257406,"LY2 R2","TBF","FLUVA"
"3076",1,25,12.5,5.21381018592437,5.10005985043092,-8.89765598530585,2.84788372778161,"LY2 R2","TBF","FLUVA"
"3077",1,25,25,7.07120176979563,10.0977574397174,3.05363538266037,14.7991750957478,"LY2 R2","TBF","FLUVA"
"3078",1,25,50,0.0838724279532528,-0.0171302944585108,2.1031167892629,3.42728076205439,"LY2 R2","TBF","FLUVA"
"3079",1,0.39,1.56,1.03611127445077,3.2979299174892,-5.90714244754659,-1.82768752160388,"LY2 R2","TBF","FLUVA"
"3080",1,0.39,3.125,0.0238635736256967,4.99420160455006,-5.98923715891887,-1.90978223297616,"LY2 R2","TBF","FLUVA"
"3081",1,0.39,6.25,0.0507890161292561,5.91128071871876,-5.5312350849472,-1.45178015900449,"LY2 R2","TBF","FLUVA"
"3082",1,0.39,12.5,1.51690980131805,4.52084532386779,-4.68868409981067,-0.609229173867959,"LY2 R2","TBF","FLUVA"
"3083",1,0.39,25,1.88976304082055,5.87469116843893,-3.66466059479856,0.414794331144151,"LY2 R2","TBF","FLUVA"
"3084",1,1.56,0.78,2.23701380149382,3.36595933615225,-5.09483688238933,-3.53871413757345,"LY2 R2","TBF","FLUVA"
"3085",1,1.56,1.56,3.69421858822862,4.95702808512247,-1.59933048764339,-0.0432077428275051,"LY2 R2","TBF","FLUVA"
"3086",1,1.56,3.125,2.35536338296197,3.82289839211638,-4.46832461139036,-2.91220186657448,"LY2 R2","TBF","FLUVA"
"3087",1,1.56,6.25,2.82934302068877,6.03362150841711,-2.70544870402775,-1.14932595921186,"LY2 R2","TBF","FLUVA"
"3088",1,1.56,12.5,5.12524243985524,8.78526135651223,2.22455475259166,3.78067749740754,"LY2 R2","TBF","FLUVA"
"3089",1,1.56,25,9.5241526529402,12.7667114794534,5.88425057008216,7.44037331489804,"LY2 R2","TBF","FLUVA"
"3090",1,1.56,50,8.80481454886213,9.26550914522569,9.30527163696593,9.13843760801936,"LY2 R2","TBF","FLUVA"
"3091",1,6.25,0.78,11.7862363170212,9.35976415532251,7.68169267170678,2.89059799516072,"LY2 R2","TBF","FLUVA"
"3092",1,6.25,1.56,11.9434163747087,7.77420316140284,7.88044828871335,3.08935361216729,"LY2 R2","TBF","FLUVA"
"3093",1,6.25,3.125,10.080710509855,5.46341689429017,3.94422291712678,-0.846871759419287,"LY2 R2","TBF","FLUVA"
"3094",1,6.25,6.25,11.3229305441503,7.46874062438277,5.52994707889655,0.738852402350489,"LY2 R2","TBF","FLUVA"
"3095",1,6.25,12.5,14.7210785953696,10.9108382986144,11.0130096437082,6.22191496716209,"LY2 R2","TBF","FLUVA"
"3096",1,6.25,25,21.8628020896887,14.4874450889778,14.2881565500338,9.49706187348771,"LY2 R2","TBF","FLUVA"
"3097",1,6.25,50,9.63888142166086,9.70662876074638,11.024939801501,10.8581057725545,"LY2 R2","TBF","FLUVA"
"3098",1,25,3.125,0.545015866524473,-0.823449145218511,-8.03725461293365,-4.450397511234,"LY2 R2","TBF","FLUVA"
"3099",1,25,6.25,1.18602806699199,0.700992980541493,-6.75398465095647,-3.16712754925682,"LY2 R2","TBF","FLUVA"
"3100",1,25,12.5,5.04584892416508,5.40416586862528,-0.87773162641448,2.70912547528517,"LY2 R2","TBF","FLUVA"
"3101",1,25,25,19.3552031311392,19.6458762548168,11.9789490295269,16.777566539924,"LY2 R2","TBF","FLUVA"
"3102",1,0.39,0.78,2.29322246077574,1.80593822989055,-1.41147349578853,0.555050045495918,"LY2 R2","TBF","FLUVA"
"3103",1,0.39,1.56,3.3183327037428,2.94924163831624,-3.36779742663477,-1.40127388535032,"LY2 R2","TBF","FLUVA"
"3104",1,0.39,3.125,6.98268953007316,-4.42343068104761,2.2190997526191,-5.4140127388535,"LY2 R2","TBF","FLUVA"
"3105",1,0.39,6.25,1.81097137751899,22.9648029766493,-1.79363910088407,0.172884440400381,"LY2 R2","TBF","FLUVA"
"3106",1,0.39,12.5,2.28259840602365,3.6660426676249,-3.18828967751736,0.354868061874441,"LY2 R2","TBF","FLUVA"
"3107",1,0.39,25,31.7683087807942,32.2189946853828,23.5757449882516,31.1828935395814,"LY2 R2","TBF","FLUVA"
"3108",1,0.39,50,1.55233685018295,1.73348672504825,1.20445364521353,1.62875341219291,"LY2 R2","TBF","FLUVA"
"3109",1,1.56,0.78,2.47738191197821,-2.79433946486217,-3.70527143471475,-3.93994540491356,"LY2 R2","TBF","FLUVA"
"3110",1,1.56,1.56,5.39086997550071,9.81692513915786,6.06724903844266,5.83257506824386,"LY2 R2","TBF","FLUVA"
"3111",1,1.56,3.125,5.13709083698588,-6.1556200069382,1.96351837420245,0.636942675159247,"LY2 R2","TBF","FLUVA"
"3112",1,1.56,6.25,6.29015585995729,23.9400381354213,1.72446379392949,3.06642402183803,"LY2 R2","TBF","FLUVA"
"3113",1,1.56,12.5,4.14068510744304,3.05978385512183,-4.46793108090214,0.0272975432210956,"LY2 R2","TBF","FLUVA"
"3114",1,1.56,25,37.0128659991399,39.0827495589091,25.9672209939297,43.0755232029117,"LY2 R2","TBF","FLUVA"
"3115",1,1.56,50,3.21070718099577,3.07618721958335,3.37005874075493,3.7943585077343,"LY2 R2","TBF","FLUVA"
"3116",1,6.25,0.78,4.52432082803755,4.71106746889594,2.86192437544018,3.78525932666059,"LY2 R2","TBF","FLUVA"
"3117",1,6.25,1.56,2.87514912352071,2.03701271981062,-2.10622849080186,-1.18289353958144,"LY2 R2","TBF","FLUVA"
"3118",1,6.25,6.25,5.085957236911,20.9179045223509,-0.0274677696371199,4.049135577798,"LY2 R2","TBF","FLUVA"
"3119",1,6.25,12.5,5.87565941001738,5.58078690115342,-4.09975345429586,3.13011828935396,"LY2 R2","TBF","FLUVA"
"3120",1,6.25,25,20.6017008766283,18.0380724970421,2.9984750388435,21.2647861692448,"LY2 R2","TBF","FLUVA"
"3121",1,6.25,50,2.40036112221318,2.64119337539876,4.6530432721471,5.07734303912648,"LY2 R2","TBF","FLUVA"
"3122",1,25,0.78,2.36757076374973,1.21239508826372,-0.00258315147490862,0.564149226569604,"LY2 R2","TBF","FLUVA"
"3123",1,25,1.56,2.6371315974163,3.59214059269698,0.770847239789873,1.33757961783439,"LY2 R2","TBF","FLUVA"
"3124",1,25,3.125,2.759933987987,-3.4605468947285,0.434177540062855,1.00090991810737,"LY2 R2","TBF","FLUVA"
"3125",1,25,6.25,5.06565445510515,16.7795737874037,2.82478629009017,4.96815286624204,"LY2 R2","TBF","FLUVA"
"3126",1,25,12.5,6.42565828346164,6.34742809452882,0.911482392255799,4.63148316651501,"LY2 R2","TBF","FLUVA"
"3127",1,25,25,10.9683956065002,11.1983613194558,6.58441963753337,13.4576888080073,"LY2 R2","TBF","FLUVA"
"3128",1,0.39,0.78,2.9019471764498,-1.73826514812855,-30.7578966613648,3.09549945115258,"LY2 R3","TBF","FLUVA"
"3129",1,0.39,1.56,1.44740777305132,6.7553848498833,-31.6031216888071,3.30406147091108,"LY2 R3","TBF","FLUVA"
"3130",1,0.39,3.125,0.0401568131248484,3.69975997715446,-38.6722764637797,-3.76509330406147,"LY2 R3","TBF","FLUVA"
"3131",1,0.39,12.5,2.45326748013003,2.35890554643152,-26.3067440817819,7.1734357848518,"LY2 R3","TBF","FLUVA"
"3132",1,1.56,0.78,1.74064585191432,-8.56589091009867,-31.6140986372155,-3.07354555433589,"LY2 R3","TBF","FLUVA"
"3133",1,1.56,1.56,2.26936467986675,2.01767487507845,-29.7425289335931,-1.20197585071351,"LY2 R3","TBF","FLUVA"
"3134",1,1.56,3.125,1.19522192114033,9.79582213246801,-25.7085003935272,2.83205268935235,"LY2 R3","TBF","FLUVA"
"3135",1,6.25,1.56,0.891450659257675,0.273904082436761,-21.8391260795865,-2.60702524698134,"LY2 R3","TBF","FLUVA"
"3136",1,6.25,3.125,0.380059977230406,-0.338553308085949,-25.8018044549981,-6.56970362239296,"LY2 R3","TBF","FLUVA"
"3137",1,25,0.78,0.879690064769505,-4.47206902825691,1.74484757573732,-0.916575192096602,"LY2 R3","TBF","FLUVA"
"3138",1,25,12.5,3.26549322843724,0.517234772948257,6.94792112129166,4.28649835345774,"LY2 R3","TBF","FLUVA"
"3139",1,25,25,5.20384815839299,5.89466226303468,-26.3696338212429,12.8704720087816,"LY2 R3","TBF","FLUVA"
"3140",1,0.39,0.78,1.11961288259757,3.17156506724875,0.44747884746268,0.957552644669221,"LY2 R3","TBF","FLUVA"
"3141",1,0.39,1.56,0.472017460470745,3.58367974908616,0.0951326362207572,0.605206433427298,"LY2 R3","TBF","FLUVA"
"3142",1,0.39,3.125,1.38891175377878,4.18191379854943,2.67762310214681,3.18769689935336,"LY2 R3","TBF","FLUVA"
"3143",1,0.39,6.25,1.64434756559313,3.07114758267826,0.56142609877561,2.0560437738352,"LY2 R3","TBF","FLUVA"
"3144",1,0.39,12.5,2.25349467748257,3.61732459037361,1.7759842151742,2.83949593765543,"LY2 R3","TBF","FLUVA"
"3145",1,0.39,25,4.98356351790035,6.79682738779501,1.00477935539524,6.01890233792072,"LY2 R3","TBF","FLUVA"
"3146",1,0.39,50,7.50472738555486,7.70090177700958,7.49284813870069,7.51119217376886,"LY2 R3","TBF","FLUVA"
"3147",1,1.56,0.78,3.21788944648998,5.89857978568201,3.31165783779149,3.77217708506052,"LY2 R3","TBF","FLUVA"
"3148",1,1.56,1.56,1.89504712872106,3.44923887967219,0.128106187982176,0.588625435251203,"LY2 R3","TBF","FLUVA"
"3149",1,1.56,3.125,1.82433816220541,0.755903196883002,-0.659491225382091,-0.198971978113065,"LY2 R3","TBF","FLUVA"
"3150",1,1.56,6.25,2.25517088733701,3.34601831701303,0.926019614058831,2.37108273918091,"LY2 R3","TBF","FLUVA"
"3151",1,1.56,12.5,3.27649076188429,3.48753759007963,-1.24415985568006,3.15453490300116,"LY2 R3","TBF","FLUVA"
"3152",1,1.56,25,5.51013173187938,5.22814289163866,-12.3146612079123,4.88310396285857,"LY2 R3","TBF","FLUVA"
"3153",1,1.56,50,12.365022078085,12.122077440987,12.8899630450181,12.9083070800862,"LY2 R3","TBF","FLUVA"
"3154",1,6.25,50,9.00919532310226,9.73000658373675,16.6041066364623,16.6224506715304,"LY2 R3","TBF","FLUVA"
"3155",1,25,12.5,0.503931000091448,-0.101178523794083,-2.07537687727843,-0.269441220361465,"LY2 R3","TBF","FLUVA"
"3156",1,25,25,11.32662034485,11.4784399873301,9.49815984963252,11.3040955065495,"LY2 R3","TBF","FLUVA"
"3157",1,25,50,2.46838797012036,1.93744743519783,14.4237053763064,14.4420494113746,"LY2 R3","TBF","FLUVA"
"3158",1,0.39,0.78,2.68274800614601,-21.8951217744586,-19.9170679126069,-25.210693248754,"LY2 R3","TBF","FLUVA"
"3159",1,0.39,1.56,1.14803571251448,-11.8899395156779,-14.1988984518004,-19.4925237879474,"LY2 R3","TBF","FLUVA"
"3160",1,0.39,3.125,2.31221809123031,-10.1063851496936,-17.7512319361683,-23.0448572723154,"LY2 R3","TBF","FLUVA"
"3161",1,0.39,6.25,2.80530127292462,-4.67336022939738,-12.6922677671991,-16.9642048028999,"LY2 R3","TBF","FLUVA"
"3162",1,0.39,12.5,2.664950303785,-11.81427385657,-16.8494340921131,-20.0996828273675,"LY2 R3","TBF","FLUVA"
"3163",1,0.39,25,22.2001923618003,19.7580651750855,21.4608529606689,24.3407340280924,"LY2 R3","TBF","FLUVA"
"3164",1,0.39,50,0.677786138485658,0.23260092850343,2.24062449758898,2.30176710466696,"LY2 R3","TBF","FLUVA"
"3165",1,1.56,3.125,1.28087845046885,6.89851563864943,-6.77448993137683,-6.17127322156774,"LY2 R3","TBF","FLUVA"
"3166",1,1.56,6.25,1.88217410190614,2.21169163733058,-11.828801702598,-10.2038966923425,"LY2 R3","TBF","FLUVA"
"3167",1,1.56,12.5,0.79323714109424,5.66900185162794,-5.34709172483857,-2.70049841413683,"LY2 R3","TBF","FLUVA"
"3168",1,1.56,25,16.9620025026649,16.6938831402903,11.5246515675967,21.3230629814227,"LY2 R3","TBF","FLUVA"
"3169",1,1.56,50,0.816873079232352,0.849414137042643,2.62788844607653,2.84549161758042,"LY2 R3","TBF","FLUVA"
"3170",1,6.25,6.25,0.753918032881327,16.4175682719789,-8.37125592756863,3.37109198006343,"LY2 R3","TBF","FLUVA"
"3171",1,6.25,25,8.17335042807134,11.3748309586275,-3.67661552552077,16.2392387856819,"LY2 R3","TBF","FLUVA"
"3172",1,6.25,50,0.870848093638244,1.70841017654212,2.75053667271753,3.33484367920254,"LY2 R3","TBF","FLUVA"
"3173",1,25,0.78,15.6501331273003,9.49807230731237,12.956702171883,6.99592206615316,"LY2 R3","TBF","FLUVA"
"3174",1,25,1.56,13.8397801867725,8.73696146195459,8.96032700196908,2.99954689623925,"LY2 R3","TBF","FLUVA"
"3175",1,25,3.125,14.9063202949036,15.6727026438307,11.8692531460561,5.90847304032625,"LY2 R3","TBF","FLUVA"
"3176",1,25,6.25,17.2133885008834,18.1472585169444,13.8108634409881,8.87177163570458,"LY2 R3","TBF","FLUVA"
"3177",1,25,12.5,18.2360835851444,13.7017452193653,10.3447410313052,7.44902582691437,"LY2 R3","TBF","FLUVA"
"3178",1,25,25,17.9600991039944,15.3001096934025,15.5240810972272,18.7584956955143,"LY2 R3","TBF","FLUVA"
"3179",1,25,50,0.741095848077563,0.776699914121735,3.75297053829345,4.61259628454916,"LY2 R3","TBF","FLUVA"
"3180",1,0.39,50,31.8972949978757,35.0882897035726,21.5946972299732,40.3221734080695,"MACLS2 R1","TBF","FLUVA"
"3181",1,1.56,50,14.0746445840493,10.6567054063039,-5.16179046857502,33.4949250113619,"MACLS2 R1","TBF","FLUVA"
"3182",1,25,0.78,0.164744207541034,-0.310932961855258,-8.06835643809228,-0.196939857597329,"MACLS2 R1","TBF","FLUVA"
"3183",1,25,1.56,0.741460456932543,0.761492520750693,-7.14425402936634,0.727162551128615,"MACLS2 R1","TBF","FLUVA"
"3184",1,0.39,25,10.197513282538,17.5437232028344,-13.610824527723,14.5999802702969,"MACLS2 R1","TBF","FLUVA"
"3185",1,0.39,50,1.54100193521521,9.73765363031937,9.08580270463587,9.14471737200354,"MACLS2 R1","TBF","FLUVA"
"3186",1,0.39,0.78,0.0691689832315796,0.35743262614886,-18.7655522588608,-0.536680765907121,"MACLS2 R1","TBF","FLUVA"
"3187",1,0.39,1.56,0.278273903150596,-1.07783086177586,-20.1299948840485,-1.90112339109473,"MACLS2 R1","TBF","FLUVA"
"3188",1,0.39,3.125,1.26943304016208,0.576966171783011,-17.0145175565368,1.21435393641697,"MACLS2 R1","TBF","FLUVA"
"3189",1,0.39,6.25,1.08787000754379,6.86919094282235,-13.4533223047971,4.77554918815663,"MACLS2 R1","TBF","FLUVA"
"3190",1,0.39,12.5,2.9947615621066,-0.34183589330723,-16.6142810531484,1.61459043980535,"MACLS2 R1","TBF","FLUVA"
"3191",1,0.39,25,9.00132076461012,7.91225386785433,-0.127265998798091,10.3106381043344,"MACLS2 R1","TBF","FLUVA"
"3192",1,0.39,50,13.2113848594538,13.0564179018703,0.422994718742046,13.8081593668986,"MACLS2 R1","TBF","FLUVA"
"3193",1,1.56,3.125,0.720865445008908,-0.52948714289754,-3.13358791629478,0.00909628416791008,"MACLS2 R1","TBF","FLUVA"
"3194",1,1.56,6.25,2.66898012314077,1.83277094057792,-3.07901021128728,0.0636739891754132,"MACLS2 R1","TBF","FLUVA"
"3195",1,1.56,12.5,8.8636806964636,9.58985532346998,-13.3714772388254,11.2430072315459,"MACLS2 R1","TBF","FLUVA"
"3196",1,1.56,25,23.5299224532685,24.5188124318837,8.51418246918384,33.1286669395552,"MACLS2 R1","TBF","FLUVA"
"3197",1,1.56,50,16.9737050344767,17.0596118076024,8.65968003279126,22.0448446809478,"MACLS2 R1","TBF","FLUVA"
"3198",1,6.25,12.5,1.30732415094461,1.20249322914405,-13.0758909864474,1.7965161231637,"MACLS2 R1","TBF","FLUVA"
"3199",1,6.25,25,5.75532605291492,4.80636555541719,-6.97228430977481,7.90012279983627,"MACLS2 R1","TBF","FLUVA"
"3200",1,6.25,50,3.31474836431507,3.12998827339744,-11.9570695253332,22.8998953927321,"MACLS2 R1","TBF","FLUVA"
"3201",1,25,6.25,0.0270916110143276,-0.253771931109796,-13.1395864671624,-0.382043935052536,"MACLS2 R1","TBF","FLUVA"
"3202",1,25,12.5,0.2579521801553,0.521422863134816,-12.1162544982717,0.64128803383818,"MACLS2 R1","TBF","FLUVA"
"3203",1,0.39,3.125,0.793110163412917,-2.13088433264312,-16.4306477201494,1.34884175544913,"MACLS2 R2","TBF","FLUVA"
"3204",1,0.39,6.25,0.443212942811801,0.784588831536631,-15.8930658610936,1.88642361450493,"MACLS2 R2","TBF","FLUVA"
"3205",1,0.39,12.5,2.20464699892244,-2.26426043585242,-12.9901238221922,1.11914768839802,"MACLS2 R2","TBF","FLUVA"
"3206",1,0.39,25,1.83470157470163,2.39952001732323,-6.73951293371601,5.72280324503957,"MACLS2 R2","TBF","FLUVA"
"3207",1,0.39,50,25.5465826128429,25.4379509701614,9.8147381773511,27.3824650571792,"MACLS2 R2","TBF","FLUVA"
"3208",1,1.56,0.78,0.337562370410545,3.29645452962957,4.43241551902566,1.79356856612256,"MACLS2 R2","TBF","FLUVA"
"3209",1,1.56,12.5,1.43378001911783,0.379013338455817,-12.859806985259,5.9378359886619,"MACLS2 R2","TBF","FLUVA"
"3210",1,1.56,25,4.33660013051798,6.18056035288674,-5.80771041600866,12.9899325579122,"MACLS2 R2","TBF","FLUVA"
"3211",1,1.56,50,25.3261160493711,24.8886669933146,20.1411969790323,37.7089238588603,"MACLS2 R2","TBF","FLUVA"
"3212",1,6.25,50,8.23088015033332,8.62278440643557,6.70490253652066,22.8179063630144,"MACLS2 R2","TBF","FLUVA"
"3213",1,25,0.78,0.0402324036456463,0.481936612315337,4.01210613343201,0.273678037337504,"MACLS2 R2","TBF","FLUVA"
"3214",1,25,6.25,0.195696225790215,0.216883262208427,4.0756385349568,0.337210438862286,"MACLS2 R2","TBF","FLUVA"
"3215",1,25,12.5,1.094662506804,1.36047938691868,5.86920710107935,2.13077900498484,"MACLS2 R2","TBF","FLUVA"
"3216",1,25,25,0.666966226063266,0.747347980925156,-16.0071225286085,1.69093930212101,"MACLS2 R2","TBF","FLUVA"
"3217",1,0.39,0.78,2.06646814819533,-3.08759716202627,-11.3004476265839,-7.73011617515637,"MACLS2 R2","TBF","FLUVA"
"3218",1,0.39,1.56,2.73638027631312,1.24395569938691,-4.68739392204547,-1.66443252904378,"MACLS2 R2","TBF","FLUVA"
"3219",1,0.39,3.125,0.854369653924548,12.980080037631,-6.4076798916612,-1.8208221626452,"MACLS2 R2","TBF","FLUVA"
"3220",1,0.39,25,13.9303496778689,23.312688274511,-7.37932685134786,20.62109025916,"MACLS2 R2","TBF","FLUVA"
"3221",1,0.39,50,9.22814213215527,10.3319880590435,9.74562970576477,9.78552278820375,"MACLS2 R2","TBF","FLUVA"
"3222",1,1.56,0.78,2.00818445677408,-1.11797224957492,-3.83828846811554,-4.55764075067023,"MACLS2 R2","TBF","FLUVA"
"3223",1,25,0.78,1.61593526092403,1.78021736022764,1.47939025014638,1.42984807864164,"MACLS2 R2","TBF","FLUVA"
"3224",1,25,1.56,1.47218767967028,0.682344113496583,0.630417953452906,0.580875781948166,"MACLS2 R2","TBF","FLUVA"
"3225",1,25,3.125,1.52716944923583,1.78726018459288,0.719783458368013,0.670241286863273,"MACLS2 R2","TBF","FLUVA"
"3226",1,25,6.25,1.03098528663473,0.132431053195234,-0.296749160041287,-0.346291331546027,"MACLS2 R2","TBF","FLUVA"
"3227",1,25,12.5,1.51967902143537,1.10244284680644,0.686271394024843,0.636729222520103,"MACLS2 R2","TBF","FLUVA"
"3228",1,25,25,0.245710195068838,-0.440110387162676,0.0942249239622868,0.0446827524575468,"MACLS2 R2","TBF","FLUVA"
"3229",1,0.39,0.78,2.43326057213368,-0.285691965141504,-0.164804822590076,-0.861068111455097,"MACLS2 R2","TBF","FLUVA"
"3230",1,0.39,1.56,2.24678051730383,3.11614598559603,2.19587629196099,1.49961300309597,"MACLS2 R2","TBF","FLUVA"
"3231",1,0.39,3.125,2.60727201062302,3.62013260409977,0.676913443663787,-0.0193498452012335,"MACLS2 R2","TBF","FLUVA"
"3232",1,0.39,6.25,2.85291626740192,1.08857621907018,-1.68943543926674,-1.35448916408669,"MACLS2 R2","TBF","FLUVA"
"3233",1,0.39,12.5,5.27199181269517,7.0229739910823,-1.23236753697471,2.19620743034056,"MACLS2 R2","TBF","FLUVA"
"3234",1,0.39,25,16.95943817162,16.706726737053,-5.66557584573997,18.3871904024768,"MACLS2 R2","TBF","FLUVA"
"3235",1,0.39,50,21.3233086906373,20.8959340576146,23.2148624442198,22.8521671826625,"MACLS2 R2","TBF","FLUVA"
"3236",1,1.56,0.78,2.19864586877917,1.72180533232011,0.0572852537007478,1.24806501547987,"MACLS2 R2","TBF","FLUVA"
"3237",1,1.56,1.56,1.96732486533634,0.373167362232675,-3.1798066632855,-0.957817337461307,"MACLS2 R2","TBF","FLUVA"
"3238",1,1.56,3.125,4.2386347945843,6.87140199775171,0.621607611678726,3.87480650154799,"MACLS2 R2","TBF","FLUVA"
"3239",1,1.56,6.25,4.90127343269506,6.5635675082701,-1.79477649841315,4.55205108359134,"MACLS2 R2","TBF","FLUVA"
"3240",1,1.56,12.5,10.7968546556878,14.3553468306241,-5.24652170794577,10.3811919504644,"MACLS2 R2","TBF","FLUVA"
"3241",1,1.56,25,22.9145116571333,20.8106499331442,-14.0576324934912,22.1942724458204,"MACLS2 R2","TBF","FLUVA"
"3242",1,1.56,50,20.0087228160983,20.4762906080913,28.6183067166656,28.2556114551084,"MACLS2 R2","TBF","FLUVA"
"3243",1,6.25,0.78,1.73701995780695,1.99387508881161,1.87349942023762,1.80437306501548,"MACLS2 R2","TBF","FLUVA"
"3244",1,6.25,1.56,0.402275475906407,0.425986299201327,-0.037297793384667,-0.106424148606806,"MACLS2 R2","TBF","FLUVA"
"3245",1,6.25,3.125,1.32378775649612,2.52413989601106,1.39459075150697,1.32546439628483,"MACLS2 R2","TBF","FLUVA"
"3246",1,6.25,6.25,1.18361162278138,0.819143992876491,0.0836387391230602,0.0145123839009216,"MACLS2 R2","TBF","FLUVA"
"3247",1,6.25,12.5,2.97861575115483,3.73754423918265,2.2169591725596,2.14783281733746,"MACLS2 R2","TBF","FLUVA"
"3248",1,6.25,25,8.35490666176732,9.26658021139855,9.88917279485062,9.82004643962848,"MACLS2 R2","TBF","FLUVA"
"3249",1,6.25,50,6.32665466058175,6.19395008256633,26.4961774388135,26.4270510835913,"MACLS2 R2","TBF","FLUVA"
"3250",1,25,0.78,0.305132503260992,0.461934028260359,-0.140292312468191,0.425696594427237,"MACLS2 R2","TBF","FLUVA"
"3251",1,25,1.56,0.220107710473684,0.0631102427476975,-0.604688597297908,-0.0386996904024812,"MACLS2 R2","TBF","FLUVA"
"3252",1,25,3.125,0.657666349035139,1.20638333159106,0.411178275767114,0.977167182662541,"MACLS2 R2","TBF","FLUVA"
"3253",1,25,12.5,0.332272877291572,0.729688400471701,-0.140292312468191,0.425696594427237,"MACLS2 R2","TBF","FLUVA"
"3254",1,25,25,0.666116425488227,0.271485666736965,-0.188666925471281,0.377321981424146,"MACLS2 R2","TBF","FLUVA"
"3255",1,0.39,50,11.9772663525041,10.6909676016362,3.87576435689402,16.586011687363,"MACLS2 R3","TBF","FLUVA"
"3256",1,1.56,50,18.9184159518277,19.6813842634117,7.16220018212377,36.0573411249087,"MACLS2 R3","TBF","FLUVA"
"3257",1,6.25,50,7.77564527736567,7.31100476426518,1.44114879040684,20.1789627465303,"MACLS2 R3","TBF","FLUVA"
"3258",1,25,3.125,0.0381651752365144,0.722827816353558,1.7424636187487,1.58418553688824,"MACLS2 R3","TBF","FLUVA"
"3259",1,0.39,25,25.6477101914809,33.895542515949,12.7941790064726,33.6508305261935,"MACLS2 R3","TBF","FLUVA"
"3260",1,0.39,50,11.7524565832817,13.1093565406926,6.72639810273594,13.0561040771286,"MACLS2 R3","TBF","FLUVA"
"3261",1,1.56,0.78,0.745812504547047,-8.40590973896322,-7.14825117706408,-12.5101637820885,"MACLS2 R3","TBF","FLUVA"
"3262",1,1.56,25,6.80243719590139,-1.22798281225062,-23.7551466237053,1.08026483912185,"MACLS2 R3","TBF","FLUVA"
"3263",1,25,0.78,4.31953880880648,0.633392368261383,6.93548161998534,0.0580787547915094,"MACLS2 R3","TBF","FLUVA"
"3264",1,25,1.56,4.76745181620839,0.254658710171853,6.79609260848574,-0.0813102567080932,"MACLS2 R3","TBF","FLUVA"
"3265",1,25,3.125,5.03674589539931,1.27293060080608,7.43495891119221,0.557556045998382,"MACLS2 R3","TBF","FLUVA"
"3266",1,25,6.25,3.948782736521,-0.454085597196055,-9.03436173581294,-0.813102567080961,"MACLS2 R3","TBF","FLUVA"
"3267",1,25,12.5,3.76627703626589,-0.132451133531447,-8.60457895035584,-0.383319781623868,"MACLS2 R3","TBF","FLUVA"
"3268",1,25,25,4.49853047695818,-0.590720775764311,-8.48842144077285,-0.267162272040878,"MACLS2 R3","TBF","FLUVA"
"3269",1,0.39,0.78,0.420346279701301,-7.41029485771198,-5.59853657105953,-4.74403782894736,"MACLS2 R3","TBF","FLUVA"
"3270",1,0.39,1.56,0.29195175156495,-5.34974386157092,-6.765731266129,-4.89309210526316,"MACLS2 R3","TBF","FLUVA"
"3271",1,0.39,12.5,0.291135751371458,2.52697249858994,-10.3303714760194,-2.34888980263158,"MACLS2 R3","TBF","FLUVA"
"3272",1,0.39,25,10.2767163374214,10.6984542677607,-17.6492797675472,12.7312911184211,"MACLS2 R3","TBF","FLUVA"
"3273",1,0.39,50,18.5236683071572,18.8237850685859,20.1850633872663,20.2354029605263,"MACLS2 R3","TBF","FLUVA"
"3274",1,1.56,12.5,0.383464095410226,1.77346200493896,-16.5698358869953,-1.73725328947368,"MACLS2 R3","TBF","FLUVA"
"3275",1,1.56,25,15.6932511747747,15.8060549368819,-14.8712328742286,17.2697368421053,"MACLS2 R3","TBF","FLUVA"
"3276",1,1.56,50,16.2504917952206,16.1320406314078,25.9467821372663,25.9971217105263,"MACLS2 R3","TBF","FLUVA"
"3277",1,6.25,25,2.64124773578698,2.40078025247253,2.50092585072755,2.92968750000001,"MACLS2 R3","TBF","FLUVA"
"3278",1,6.25,50,2.91240530370686,2.82381115857913,19.3954571007275,19.82421875,"MACLS2 R3","TBF","FLUVA"
"3279",1,25,0.78,0.253327631347688,-0.0923119753681618,0.163864802302768,0.0462582236842053,"MACLS2 R3","TBF","FLUVA"
"3280",1,25,12.5,0.162912651603818,0.284246196376984,0.148445394408029,0.0308388157894655,"MACLS2 R3","TBF","FLUVA"
"3281",1,0.39,6.25,2.43352292447887,5.5747506999461,-97.5175322969429,-4.08326661329065,"MCF7 R1","TBF","FLUVA"
"3282",1,0.39,12.5,9.06478421582141,1.7667937392348,-85.7080847388965,-6.51187616760073,"MCF7 R1","TBF","FLUVA"
"3283",1,0.39,25,24.0512950640875,38.528020174346,-41.9797687527742,30.8646917534027,"MCF7 R1","TBF","FLUVA"
"3284",1,0.39,50,0.578325452120836,-0.541035977968392,-3.86928036206167,-1.38777688817721,"MCF7 R1","TBF","FLUVA"
"3285",1,1.56,0.78,10.5543242374303,17.8870807703898,-82.5055226892568,8.74032559380838,"MCF7 R1","TBF","FLUVA"
"3286",1,1.56,1.56,4.10912360079313,4.35738858856857,-91.8196406502923,-0.573792367227114,"MCF7 R1","TBF","FLUVA"
"3287",1,1.56,3.125,2.91294172445419,-4.61421356638729,-98.8786211680398,-7.63277288497464,"MCF7 R1","TBF","FLUVA"
"3288",1,1.56,6.25,6.00622943247791,11.9772341314026,-78.9693604261129,12.2764878569522,"MCF7 R1","TBF","FLUVA"
"3289",1,1.56,12.5,3.92567663221492,-12.8609675392658,-89.9247914375888,-10.728582866293,"MCF7 R1","TBF","FLUVA"
"3290",1,1.56,25,27.0435279420603,38.1115140310808,-32.7590588515199,40.0854016546571,"MCF7 R1","TBF","FLUVA"
"3291",1,1.56,50,2.66539253206258,1.89025341792872,-0.373150124538313,2.10835334934615,"MCF7 R1","TBF","FLUVA"
"3292",1,6.25,0.78,7.64583692109661,13.256736516337,-79.8233769726835,4.73712303175876,"MCF7 R1","TBF","FLUVA"
"3293",1,6.25,1.56,0.928378862132827,0.950163208584858,-88.2034143359074,-3.64291433146516,"MCF7 R1","TBF","FLUVA"
"3294",1,6.25,3.125,1.14066767262293,1.41047274257448,-85.9616209011596,-1.40112089671736,"MCF7 R1","TBF","FLUVA"
"3295",1,6.25,6.25,3.93745919977418,3.84456306260203,-80.4372013655311,4.12329863891114,"MCF7 R1","TBF","FLUVA"
"3296",1,6.25,25,6.04870141002883,6.22857506715275,-59.3536678720697,13.4907926341073,"MCF7 R1","TBF","FLUVA"
"3297",1,6.25,50,0.89915149005823,-0.241972779362172,-1.9210551151975,0.560448358686955,"MCF7 R1","TBF","FLUVA"
"3298",1,25,3.125,2.47978817036371,3.07124446999999,-58.2861471888564,1.04083266613291,"MCF7 R1","TBF","FLUVA"
"3299",1,25,6.25,0.645039373347423,-0.975243320712998,-60.100932350319,-0.77395249532961,"MCF7 R1","TBF","FLUVA"
"3300",1,25,12.5,3.93893053667271,-0.665669088958566,-50.4532141757793,8.87376567921004,"MCF7 R1","TBF","FLUVA"
"3301",1,0.39,0.78,1.33398494293107,3.43653568292541,-14.0725474306807,-3.93662201894804,"MCF7 R1","TBF","FLUVA"
"3302",1,0.39,1.56,2.30308890307248,-3.53932571145337,-16.0653602369532,-5.92943482522053,"MCF7 R1","TBF","FLUVA"
"3303",1,0.39,3.125,1.68899144918418,10.438504222508,-10.2774913487903,-0.141565937057607,"MCF7 R1","TBF","FLUVA"
"3304",1,0.39,6.25,1.49360854678983,0.525090045074146,-13.990874774686,-3.85494936295328,"MCF7 R1","TBF","FLUVA"
"3305",1,0.39,12.5,5.06473707378706,-2.68646799147547,-9.28108494565405,-3.34313405205272,"MCF7 R1","TBF","FLUVA"
"3306",1,0.39,25,4.22366075983939,6.28801896378063,-4.53862605422423,5.59729935750845,"MCF7 R1","TBF","FLUVA"
"3307",1,0.39,50,1.15243796628407,1.13898654091315,-2.16965689977775,1.03452030926714,"MCF7 R1","TBF","FLUVA"
"3308",1,1.56,0.78,3.66458379499544,7.60048985924388,-4.9415444904651,0.566263748230426,"MCF7 R1","TBF","FLUVA"
"3309",1,1.56,1.56,1.86568812483781,-0.0664878092125059,-7.85453588761203,-2.3467276489165,"MCF7 R1","TBF","FLUVA"
"3310",1,1.56,3.125,4.0750897977714,8.07368520127522,-7.52784526363292,-2.02003702493739,"MCF7 R1","TBF","FLUVA"
"3311",1,1.56,6.25,1.82529602868642,0.884565945038391,-8.80193869715138,-3.29413045845585,"MCF7 R1","TBF","FLUVA"
"3312",1,1.56,12.5,3.28770282958144,-4.72884174222241,-6.85812948447579,-1.35032124578026,"MCF7 R1","TBF","FLUVA"
"3313",1,1.56,25,5.22601676032108,5.52121384759839,-13.7122032485819,4.86224545355547,"MCF7 R1","TBF","FLUVA"
"3314",1,1.56,50,2.15000681625642,2.2689733474692,-0.329299718028864,2.87487749101602,"MCF7 R1","TBF","FLUVA"
"3315",1,6.25,0.78,1.73980067635259,3.42515801697832,-0.49212266489462,-2.12893389959707,"MCF7 R1","TBF","FLUVA"
"3316",1,6.25,3.125,0.896955896295079,5.55774641884569,-0.775254539009847,-2.4120657737123,"MCF7 R1","TBF","FLUVA"
"3317",1,6.25,6.25,0.0714047321123772,-2.02563751186757,-3.68824593615674,-5.3250571708592,"MCF7 R1","TBF","FLUVA"
"3318",1,6.25,12.5,3.82758034143027,-0.24466043332562,-9.00687376756113,2.42295546117825,"MCF7 R1","TBF","FLUVA"
"3319",1,6.25,50,0.24464936093996,0.10870209831576,0.612658247777503,3.81683545682239,"MCF7 R1","TBF","FLUVA"
"3320",1,25,0.78,1.10691311290339,2.28352524524951,-5.92955256270282,-1.78046390068605,"MCF7 R1","TBF","FLUVA"
"3321",1,25,1.56,4.78882726431389,6.82757908278284,1.36109319576391,5.51018185778068,"MCF7 R1","TBF","FLUVA"
"3322",1,25,3.125,3.22889914565269,7.8461899891268,-2.13449648081237,2.0145921812044,"MCF7 R1","TBF","FLUVA"
"3323",1,25,6.25,2.87856876944004,3.23094762136223,-3.33236210206904,0.816726559947732,"MCF7 R1","TBF","FLUVA"
"3324",1,25,12.5,5.25251769407851,1.03729579805228,-1.15986945260808,2.98921920940869,"MCF7 R1","TBF","FLUVA"
"3325",1,25,25,13.7109870556165,14.1725048874632,9.64270051363388,13.7917891756506,"MCF7 R1","TBF","FLUVA"
"3326",1,0.39,0.78,2.22899337955725,-2.44622676381181,-8.14543538441185,-7.28856996412098,"MCF7 R1","TBF","FLUVA"
"3327",1,0.39,1.56,5.29287706408037,5.92654531143723,1.63416482061124,2.49103024090211,"MCF7 R1","TBF","FLUVA"
"3328",1,0.39,3.125,5.18600508056609,15.9342013623893,4.73001310354307,5.58687852383393,"MCF7 R1","TBF","FLUVA"
"3329",1,0.39,6.25,4.2898765659412,5.94012454284246,-2.78186568198663,1.26089185033318,"MCF7 R1","TBF","FLUVA"
"3330",1,0.39,12.5,7.83111629961751,10.9850338942219,0.6625218116064,4.70527934392621,"MCF7 R1","TBF","FLUVA"
"3331",1,0.39,25,20.0922923749464,23.641792864178,14.6949656648745,24.1517170681702,"MCF7 R1","TBF","FLUVA"
"3332",1,1.56,0.78,5.51393520753233,6.14033571344688,1.21830063755796,1.62993336750382,"MCF7 R1","TBF","FLUVA"
"3333",1,1.56,1.56,8.34614870311138,8.6741276076798,5.06248310808591,5.47411583803178,"MCF7 R1","TBF","FLUVA"
"3334",1,1.56,3.125,9.79181162884386,19.4483713092762,9.39872093484142,9.81035366478729,"MCF7 R1","TBF","FLUVA"
"3335",1,1.56,6.25,8.53573899538464,9.79158422877674,5.02147849506694,5.43311122501281,"MCF7 R1","TBF","FLUVA"
"3336",1,1.56,12.5,14.7105948867785,11.9487158604677,2.50191134459618,6.09943618657098,"MCF7 R1","TBF","FLUVA"
"3337",1,1.56,25,24.9249260252247,26.8444874830582,8.2478218653654,33.6340338288058,"MCF7 R1","TBF","FLUVA"
"3338",1,1.56,50,1.1106731390298,1.00189338958243,1.62668670349926,1.4454126089185,"MCF7 R1","TBF","FLUVA"
"3339",1,6.25,0.78,9.77911292676961,15.454173115234,10.2481817025124,11.522296258329,"MCF7 R1","TBF","FLUVA"
"3340",1,6.25,1.56,7.76653820887015,10.5906907863885,6.5270130710414,7.80112762685802,"MCF7 R1","TBF","FLUVA"
"3341",1,6.25,3.125,9.78681892242276,13.4556185751317,3.77970399877076,5.05381855458738,"MCF7 R1","TBF","FLUVA"
"3342",1,6.25,6.25,7.99591091151914,6.91578527853477,-1.34365607840425,3.11635058944131,"MCF7 R1","TBF","FLUVA"
"3343",1,6.25,12.5,13.2829094096447,17.2158866078482,1.28507225520059,12.116863147104,"MCF7 R1","TBF","FLUVA"
"3344",1,6.25,25,20.0244842730007,11.3074865207318,-21.8318316889902,17.6729882111738,"MCF7 R1","TBF","FLUVA"
"3345",1,6.25,50,0.162466004457599,0.491980745066002,1.83170976859408,1.65043567401332,"MCF7 R1","TBF","FLUVA"
"3346",1,25,0.78,3.13232329970445,3.6687411547023,1.09778159167023,1.48641722193747,"MCF7 R1","TBF","FLUVA"
"3347",1,25,1.56,0.692522863455899,-2.49065298164854,-4.42759001263524,-4.03895438236801,"MCF7 R1","TBF","FLUVA"
"3348",1,25,3.125,4.04096841267906,8.66123143620444,0.423422027052879,3.99794976934905,"MCF7 R1","TBF","FLUVA"
"3349",1,25,6.25,7.64142924673817,9.33587711856948,-2.71924892176154,7.22706304459252,"MCF7 R1","TBF","FLUVA"
"3350",1,25,12.5,11.2839863222126,11.7281305884483,-10.6059872773255,8.89800102511533,"MCF7 R1","TBF","FLUVA"
"3351",1,25,25,12.9936031259261,15.5238263125719,-16.3765549620218,19.0568939005638,"MCF7 R1","TBF","FLUVA"
"3352",1,0.39,1.56,2.97989262973166,-5.78063113116865,-37.5189175159017,-4.53002610966055,"MCF7 R2","TBF","FLUVA"
"3353",1,0.39,6.25,2.31494178092091,-2.80484562577971,-32.6233561581993,-1.57963446475195,"MCF7 R2","TBF","FLUVA"
"3354",1,0.39,12.5,1.9570722168836,-19.4764433597611,-40.4562543305231,-18.3681462140992,"MCF7 R2","TBF","FLUVA"
"3355",1,0.39,25,25.3067361841216,32.4562509799644,12.5071921446727,33.5509138381201,"MCF7 R2","TBF","FLUVA"
"3356",1,1.56,0.78,3.19974820262077,8.21323343945357,-36.8531211712542,-5.95300261096604,"MCF7 R2","TBF","FLUVA"
"3357",1,1.56,1.56,3.99191702982754,-3.14279871019639,-30.1037739127685,0.79634464751959,"MCF7 R2","TBF","FLUVA"
"3358",1,1.56,3.125,0.693490187105985,4.34790952286813,-34.1246616412281,-3.22454308093995,"MCF7 R2","TBF","FLUVA"
"3359",1,1.56,6.25,3.97515770522866,-4.27366401025297,-29.4118679075466,1.48825065274153,"MCF7 R2","TBF","FLUVA"
"3360",1,1.56,12.5,7.37426992712317,-3.99734472250814,-20.7434605968416,1.34464751958225,"MCF7 R2","TBF","FLUVA"
"3361",1,1.56,25,24.2467460431789,29.3581897756478,13.5907430585108,34.6344647519582,"MCF7 R2","TBF","FLUVA"
"3362",1,1.56,50,1.41264832020562,0.300469019490222,15.2975365949625,0.874673629242821,"MCF7 R2","TBF","FLUVA"
"3363",1,6.25,0.78,2.77296044504083,19.2912897354267,-22.9497269153795,5.49608355091384,"MCF7 R2","TBF","FLUVA"
"3364",1,6.25,1.56,3.11444381946547,1.29457559871565,-23.3152621634213,5.13054830287206,"MCF7 R2","TBF","FLUVA"
"3365",1,6.25,3.125,2.05906283959068,9.31929115339256,-26.5006407534996,1.94516971279373,"MCF7 R2","TBF","FLUVA"
"3366",1,6.25,6.25,4.02356655482259,1.41249514278506,-21.4223117717764,7.02349869451696,"MCF7 R2","TBF","FLUVA"
"3367",1,6.25,12.5,2.98763233066612,-7.21671359133951,-21.8792308318286,0.208877284595303,"MCF7 R2","TBF","FLUVA"
"3368",1,6.25,25,14.5910567090798,18.8798580670671,5.17037752326279,26.2140992167102,"MCF7 R2","TBF","FLUVA"
"3369",1,6.25,50,1.78727492248493,1.60392053937242,-22.4343121662359,2.40208877284596,"MCF7 R2","TBF","FLUVA"
"3370",1,25,0.78,1.19634408143206,9.4651712125654,-10.639021954544,-1.42297650130546,"MCF7 R2","TBF","FLUVA"
"3371",1,25,1.56,5.81135863188592,3.96976937602686,-2.21865641929595,6.99738903394258,"MCF7 R2","TBF","FLUVA"
"3372",1,25,3.125,4.7535720171949,9.73662476395642,-5.29959636707664,3.91644908616189,"MCF7 R2","TBF","FLUVA"
"3373",1,25,6.25,8.52580688784048,5.19281098105516,0.405364468432502,9.62140992167103,"MCF7 R2","TBF","FLUVA"
"3374",1,25,12.5,11.4935158127497,4.10820000136345,5.77089971647429,14.9869451697128,"MCF7 R2","TBF","FLUVA"
"3375",1,25,25,9.39461946433294,14.2698344797497,-22.5745260682229,25.9007832898173,"MCF7 R2","TBF","FLUVA"
"3376",1,0.39,0.78,4.19068036366706,6.78096944811838,-7.23885732604628,-1.22804119169558,"MCF7 R2","TBF","FLUVA"
"3377",1,0.39,1.56,5.38735098610268,5.90836951665712,-3.53821301743899,-0.209262624593862,"MCF7 R2","TBF","FLUVA"
"3378",1,0.39,3.125,4.35850884332351,10.9142912733144,-3.65385815208297,2.35695798226773,"MCF7 R2","TBF","FLUVA"
"3379",1,0.39,6.25,5.33112470776515,11.1383330051901,-0.7407021412894,4.88463021091471,"MCF7 R2","TBF","FLUVA"
"3380",1,0.39,12.5,5.48571290756817,19.8468532824489,2.02376726781903,8.03458340216973,"MCF7 R2","TBF","FLUVA"
"3381",1,0.39,25,10.6205095908825,16.6529658028277,-1.46761441619443,4.54320171815627,"MCF7 R2","TBF","FLUVA"
"3382",1,0.39,50,4.97411946977101,5.52794594266301,3.14724286853541,4.37248747177708,"MCF7 R2","TBF","FLUVA"
"3383",1,1.56,0.78,7.52296786867992,10.0380916372643,2.95443525614435,2.5166584062999,"MCF7 R2","TBF","FLUVA"
"3384",1,1.56,1.56,7.66467475345728,4.55376732117881,1.76494244266344,1.32716559281899,"MCF7 R2","TBF","FLUVA"
"3385",1,1.56,3.125,7.86811115778594,9.52324078001554,1.92464286669561,1.48686601685115,"MCF7 R2","TBF","FLUVA"
"3386",1,1.56,6.25,8.54787509516862,7.87894181943645,2.80574865445924,2.36797180461478,"MCF7 R2","TBF","FLUVA"
"3387",1,1.56,12.5,11.236887791503,12.1174408262016,-5.34126204072676,1.02428547827523,"MCF7 R2","TBF","FLUVA"
"3388",1,1.56,25,25.8036468993989,35.3771643250376,17.6390782863838,24.0046258053858,"MCF7 R2","TBF","FLUVA"
"3389",1,1.56,50,6.45911273585114,6.63293697977768,5.50970776197668,6.73495236521835,"MCF7 R2","TBF","FLUVA"
"3390",1,6.25,0.78,2.86598940185545,0.581930002752632,-5.35685400216544,-5.42430750591993,"MCF7 R2","TBF","FLUVA"
"3391",1,6.25,1.56,2.75208822927415,-2.57236042313005,-5.0815084434893,-5.14896194724379,"MCF7 R2","TBF","FLUVA"
"3392",1,6.25,3.125,3.3764655242472,2.0284356586664,-4.32155470154316,-4.38900820529764,"MCF7 R2","TBF","FLUVA"
"3393",1,6.25,6.25,3.56693696162201,0.369723929739223,-10.7669298441106,-4.03105897901867,"MCF7 R2","TBF","FLUVA"
"3394",1,6.25,12.5,7.2981713842419,15.4557143674257,-0.138591279211674,6.59727958588029,"MCF7 R2","TBF","FLUVA"
"3395",1,6.25,25,11.3238059862067,10.4417431618297,-18.9823125429247,1.36020705986013,"MCF7 R2","TBF","FLUVA"
"3396",1,6.25,50,3.57141460572757,3.29792955636496,6.08242652402305,7.30767112726471,"MCF7 R2","TBF","FLUVA"
"3397",1,25,0.78,0.371001034627469,-2.05330576596464,-8.67244605400821,-5.71617379811663,"MCF7 R2","TBF","FLUVA"
"3398",1,25,1.56,3.9267147916397,2.90399753745029,-1.62359975189907,1.33267250399251,"MCF7 R2","TBF","FLUVA"
"3399",1,25,3.125,3.66526277147887,4.85532157991272,-2.01459044521918,0.941681810672399,"MCF7 R2","TBF","FLUVA"
"3400",1,25,6.25,3.47327299569086,3.25650990577898,-2.38355349384521,0.572718762046371,"MCF7 R2","TBF","FLUVA"
"3401",1,25,12.5,2.76056994235483,3.93191820181711,-4.42661753922216,-1.47034528333057,"MCF7 R2","TBF","FLUVA"
"3402",1,25,25,9.4877288252835,13.0387335097783,4.54414076244644,7.50041301833802,"MCF7 R2","TBF","FLUVA"
"3403",1,0.39,12.5,0.261611644755703,-3.93461946247204,4.02136863092119,5.32014664506779,"MCF7 R2","TBF","FLUVA"
"3404",1,0.39,25,24.0711473749427,24.2329886329916,22.9871413377451,34.4701168045017,"MCF7 R2","TBF","FLUVA"
"3405",1,0.39,50,1.09609483805119,0.909541385720985,1.68927182372234,1.85011509932646,"MCF7 R2","TBF","FLUVA"
"3406",1,1.56,6.25,0.989504714829007,3.02867335195468,4.62240436102077,9.08005797595703,"MCF7 R2","TBF","FLUVA"
"3407",1,1.56,12.5,6.33335616493848,-1.07717890632413,2.8660738980657,7.32372751300196,"MCF7 R2","TBF","FLUVA"
"3408",1,1.56,25,23.5803698286583,22.8591798959189,17.4069169433669,33.165657771336,"MCF7 R2","TBF","FLUVA"
"3409",1,1.56,50,1.74302046472187,1.45984092499147,2.89142034448284,3.05226362008696,"MCF7 R2","TBF","FLUVA"
"3410",1,6.25,6.25,0.306453489609602,4.76114168407506,0.917872694070276,10.3333617529201,"MCF7 R2","TBF","FLUVA"
"3411",1,6.25,12.5,7.70491437458814,11.9505472149153,10.2707587031077,19.6862477619575,"MCF7 R2","TBF","FLUVA"
"3412",1,6.25,25,20.034585951747,14.3479655485407,3.12177311851718,23.8383493903999,"MCF7 R2","TBF","FLUVA"
"3413",1,25,3.125,2.51110262678841,3.1284084377431,4.14910265030488,6.18978600051156,"MCF7 R2","TBF","FLUVA"
"3414",1,25,6.25,3.36763003806372,1.77364099342385,3.04073876591575,5.08142211612244,"MCF7 R2","TBF","FLUVA"
"3415",1,25,12.5,9.07810965684408,6.30400322699573,8.85538622094175,10.8960695711484,"MCF7 R2","TBF","FLUVA"
"3416",1,25,25,13.4110416393033,14.8454728401492,7.13738366985793,20.4791542330975,"MCF7 R2","TBF","FLUVA"
"3417",1,0.39,0.78,10.1279979102301,-12.9525227739183,-8.1672895168258,-17.8828510938603,"MCF7 R3","TBF","FLUVA"
"3418",1,0.39,1.56,3.07448352649593,-17.0370015473963,-23.7636197920551,-33.4791813690896,"MCF7 R3","TBF","FLUVA"
"3419",1,0.39,3.125,7.3891392681379,-39.4302732870194,-34.3775929748357,-44.0931545518702,"MCF7 R3","TBF","FLUVA"
"3420",1,0.39,6.25,6.49397491507563,-15.1877917554207,-16.170112382034,-25.8856739590685,"MCF7 R3","TBF","FLUVA"
"3421",1,0.39,12.5,5.9486798334253,-23.3308255585842,-20.3479528901497,-30.0635144671842,"MCF7 R3","TBF","FLUVA"
"3422",1,0.39,25,17.8286969862092,37.2994762160657,44.9001794274626,40.7762879322512,"MCF7 R3","TBF","FLUVA"
"3423",1,1.56,0.78,8.28342793537928,0.430444113195502,-0.193494293570883,-4.70007057163021,"MCF7 R3","TBF","FLUVA"
"3424",1,1.56,1.56,3.77721921456998,2.09213955552325,-10.5110666294918,-15.0176429075512,"MCF7 R3","TBF","FLUVA"
"3425",1,1.56,3.125,4.23979102554016,-4.80199054828229,-5.14762273393784,-9.65419901199716,"MCF7 R3","TBF","FLUVA"
"3426",1,1.56,6.25,7.39084921266863,2.7483391761198,-5.74122341752838,-8.38390966831334,"MCF7 R3","TBF","FLUVA"
"3427",1,1.56,12.5,3.64465311124771,-7.43289893016992,-11.796269289088,-14.438955539873,"MCF7 R3","TBF","FLUVA"
"3428",1,1.56,25,34.1074051638067,37.7511087515296,34.6923257403835,41.3690896259704,"MCF7 R3","TBF","FLUVA"
"3429",1,1.56,50,1.51753295531847,1.28062457635856,3.03415643715662,3.28863796753706,"MCF7 R3","TBF","FLUVA"
"3430",1,6.25,0.78,3.32741811253756,8.7411903745675,-3.54178552475728,3.37332392378262,"MCF7 R3","TBF","FLUVA"
"3431",1,6.25,1.56,3.2491198299752,23.1377431720578,-1.67869448735433,5.23641496118557,"MCF7 R3","TBF","FLUVA"
"3432",1,6.25,3.125,2.07520542875852,7.6031493772813,-6.25253511448754,2.52646436132673,"MCF7 R3","TBF","FLUVA"
"3433",1,6.25,6.25,5.77874394721625,20.5675114510812,0.141254582054444,8.92025405786872,"MCF7 R3","TBF","FLUVA"
"3434",1,6.25,12.5,6.35695125667112,14.5567110532505,-5.28024459740608,7.22653493295694,"MCF7 R3","TBF","FLUVA"
"3435",1,6.25,25,14.9251757562439,15.170181220177,-4.73457982103818,18.9555398729711,"MCF7 R3","TBF","FLUVA"
"3436",1,6.25,50,0.315818761219973,1.93753738378965,-0.594823335105602,3.38743824982357,"MCF7 R3","TBF","FLUVA"
"3437",1,25,0.78,5.92519178382374,1.50083595258503,-0.43050936842549,-2.23006351446719,"MCF7 R3","TBF","FLUVA"
"3438",1,25,1.56,6.31870636212938,10.3532774969134,-2.15325613529053,-2.08892025405787,"MCF7 R3","TBF","FLUVA"
"3439",1,25,3.125,6.65031823018915,1.77833934047152,-1.81451231030816,-1.7501764290755,"MCF7 R3","TBF","FLUVA"
"3440",1,25,6.25,4.37037666940611,1.10875650994649,-8.91481729876817,-6.98659139026114,"MCF7 R3","TBF","FLUVA"
"3441",1,25,12.5,14.6854488172058,15.5958481768664,2.98116258412291,10.5010585744531,"MCF7 R3","TBF","FLUVA"
"3442",1,25,25,8.50257826813424,12.5560267524749,-5.38011136120839,15.1870148200424,"MCF7 R3","TBF","FLUVA"
"3443",1,0.39,1.56,0.888430013284133,-6.95532032117903,-8.47775662979951,-7.01005790917402,"MCF7 R3","TBF","FLUVA"
"3444",1,0.39,3.125,0.245593908279526,-7.94202152706358,-10.9282290467455,-9.18012800975309,"MCF7 R3","TBF","FLUVA"
"3445",1,0.39,6.25,0.553442387494671,-5.08357178442169,-7.27690323144536,-5.52880219445291,"MCF7 R3","TBF","FLUVA"
"3446",1,0.39,12.5,0.942563446632735,-7.24179158661137,-10.9700036621167,-7.29655592807069,"MCF7 R3","TBF","FLUVA"
"3447",1,0.39,25,1.62762550046375,1.25062896186992,-6.65335096874059,-0.591283145382477,"MCF7 R3","TBF","FLUVA"
"3448",1,1.56,1.56,0.243301319961276,-11.246449290434,-8.88437809461685,-11.0393172813167,"MCF7 R3","TBF","FLUVA"
"3449",1,1.56,3.125,0.874639417213797,-4.39237522551173,-5.53084640093592,-5.52880219445291,"MCF7 R3","TBF","FLUVA"
"3450",1,1.56,12.5,1.52786483243102,-4.55734823377435,-6.55402912359147,-4.39500152392563,"MCF7 R3","TBF","FLUVA"
"3451",1,1.56,25,8.81794043597958,8.901861140045,-1.41876168655964,7.21121609265468,"MCF7 R3","TBF","FLUVA"
"3452",1,6.25,0.78,1.34711885541237,11.0977702566688,-0.954592991964354,-0.646144468149956,"MCF7 R3","TBF","FLUVA"
"3453",1,6.25,1.56,0.570277469004761,-2.13412347708458,-2.25907333332369,-1.95062480950929,"MCF7 R3","TBF","FLUVA"
"3454",1,6.25,3.125,4.64253778699995,7.01102995171092,3.53883507477358,6.0042669917708,"MCF7 R3","TBF","FLUVA"
"3455",1,6.25,6.25,5.54805147411562,7.88413483337285,5.05666500467301,7.52209692167024,"MCF7 R3","TBF","FLUVA"
"3456",1,6.25,12.5,7.36634008693079,8.78638092604332,2.15080550267186,8.93020420603474,"MCF7 R3","TBF","FLUVA"
"3457",1,6.25,25,13.8572134594671,12.1408424981753,-9.07820244557475,10.6430966168851,"MCF7 R3","TBF","FLUVA"
"3458",1,25,1.56,2.41473261137518,1.22154906088375,-0.252349071053928,1.33495885400793,"MCF7 R3","TBF","FLUVA"
"3459",1,25,3.125,4.37573717519686,4.96845720109901,2.75892797862605,4.3462359036879,"MCF7 R3","TBF","FLUVA"
"3460",1,25,6.25,6.11409601025102,5.94761913210835,-0.177410036023659,5.72386467540385,"MCF7 R3","TBF","FLUVA"
"3461",1,25,12.5,11.6386848115257,12.0903248976007,1.96397215658051,12.1792136543737,"MCF7 R3","TBF","FLUVA"
"3462",1,25,25,16.7493152841191,14.3057361749848,-14.0910415905279,13.3800670527278,"MCF7 R3","TBF","FLUVA"
"3463",1,0.39,0.78,4.27998195978269,-7.68634192729347,-4.26236324956593,-11.9068638269698,"MCF7 R3","TBF","FLUVA"
"3464",1,0.39,1.56,2.54612465971924,5.7222100909008,1.68555111812332,1.16971970867358,"MCF7 R3","TBF","FLUVA"
"3465",1,0.39,6.25,3.17388948332593,31.2419857982195,8.70386937016481,15.0849702052527,"MCF7 R3","TBF","FLUVA"
"3466",1,0.39,12.5,8.34838903531127,7.10960191302849,2.14902496495624,2.51600088280733,"MCF7 R3","TBF","FLUVA"
"3467",1,0.39,25,32.8668961830343,37.8756296711913,26.627075496803,33.546678437431,"MCF7 R3","TBF","FLUVA"
"3468",1,0.39,50,0.592353267671172,0.887860917027567,1.38547263033874,0.529684396380489,"MCF7 R3","TBF","FLUVA"
"3469",1,1.56,0.78,4.36049808180589,-2.99056705465734,6.4460930852974,2.88015890531891,"MCF7 R3","TBF","FLUVA"
"3470",1,1.56,1.56,5.07493038194672,6.07095040268219,8.84070796060086,8.16596777753254,"MCF7 R3","TBF","FLUVA"
"3471",1,1.56,6.25,7.94511384526575,23.2330434042227,5.39114178387737,8.79496799823438,"MCF7 R3","TBF","FLUVA"
"3472",1,1.56,12.5,10.8871333515612,7.82352070712653,5.68908925684139,9.09291547119841,"MCF7 R3","TBF","FLUVA"
"3473",1,1.56,25,36.3455224819039,36.893920548607,23.7601690655069,42.915471198411,"MCF7 R3","TBF","FLUVA"
"3474",1,1.56,50,1.2658712808754,1.00255061371037,2.35656069036963,1.50077245641138,"MCF7 R3","TBF","FLUVA"
"3475",1,6.25,1.56,0.92022212061206,-1.50736282450807,-1.19017302233246,0.176561465460153,"MCF7 R3","TBF","FLUVA"
"3476",1,6.25,6.25,3.29792441463023,8.73585195802369,-8.31442469894559,-2.86912381372765,"MCF7 R3","TBF","FLUVA"
"3477",1,6.25,12.5,3.39889152321162,2.19090284681983,-6.31265562958655,3.21121165305672,"MCF7 R3","TBF","FLUVA"
"3478",1,6.25,25,19.6841969719592,14.2618488169559,1.87318222221915,19.5541822997131,"MCF7 R3","TBF","FLUVA"
"3479",1,6.25,50,0.735396921260701,1.0587307009497,3.82422787200724,2.96843963804899,"MCF7 R3","TBF","FLUVA"
"3480",1,25,0.78,2.05290503691479,-3.05219284147691,0.315034198942094,1.69940410505407,"MCF7 R3","TBF","FLUVA"
"3481",1,25,1.56,5.48666237507516,6.50015360477305,6.25191347504009,7.63628338115207,"MCF7 R3","TBF","FLUVA"
"3482",1,25,3.125,5.62758771441959,6.65145929892415,4.28766717179577,5.67203707790775,"MCF7 R3","TBF","FLUVA"
"3483",1,25,6.25,5.70315571693605,14.1970289178825,4.98287794204516,6.36724784815713,"MCF7 R3","TBF","FLUVA"
"3484",1,25,12.5,15.3939694838341,15.2683485370479,14.5723725348503,15.9567424409623,"MCF7 R3","TBF","FLUVA"
"3485",1,25,25,17.7069719138287,19.1726301866818,17.28038746605,22.7433237695873,"MCF7 R3","TBF","FLUVA"
"3486",1,0.39,50,1.89687860701385,2.40985699574166,0.25220462187972,9.37708622194835,"MDAMB175VII R1","TBF","FLUVA"
"3487",1,6.25,0.78,0.747348901641335,1.02111054573325,1.43399016455403,1.597083140759,"MDAMB175VII R1","TBF","FLUVA"
"3488",1,25,0.78,2.04081587967478,2.43726143201666,2.68170346091438,2.98361834334722,"MDAMB175VII R1","TBF","FLUVA"
"3489",1,25,1.56,1.83799005472809,2.86537422801919,2.23493100674708,2.53684588917992,"MDAMB175VII R1","TBF","FLUVA"
"3490",1,25,3.125,2.87652627438085,3.53891228077478,3.26199411977537,3.56390900220821,"MDAMB175VII R1","TBF","FLUVA"
"3491",1,25,6.25,2.47387031535907,3.05031837361032,2.04492433083684,2.34683921326967,"MDAMB175VII R1","TBF","FLUVA"
"3492",1,25,12.5,3.05363623368327,0.472045284849266,2.50196741613443,2.80388229856726,"MDAMB175VII R1","TBF","FLUVA"
"3493",1,25,25,1.65343999220569,1.59862138836808,0.190412449128988,0.980845272942034,"MDAMB175VII R1","TBF","FLUVA"
"3494",1,0.39,3.125,0.799674941256354,0.866328035893304,2.81656641415784,2.57918085216136,"MDAMB175VII R1","TBF","FLUVA"
"3495",1,0.39,25,2.93979762981083,3.1268474084658,-7.15044678951875,5.57103064066852,"MDAMB175VII R1","TBF","FLUVA"
"3496",1,6.25,12.5,0.195681837984832,-2.00389234126068,1.46348806123763,0.51583617043228,"MDAMB175VII R1","TBF","FLUVA"
"3497",1,25,0.78,0.405439705813951,0.766493274827823,-2.16852777406812,1.51655834107086,"MDAMB175VII R1","TBF","FLUVA"
"3498",1,25,1.56,0.286388197192657,1.49898063684164,-1.4360404120543,2.24904570308468,"MDAMB175VII R1","TBF","FLUVA"
"3499",1,25,3.125,0.25143829954601,0.104454030599491,-2.27169500815457,1.41339110698441,"MDAMB175VII R1","TBF","FLUVA"
"3500",1,25,6.25,0.488461688634096,4.33923110811093,-1.99314347612114,1.69194263901784,"MDAMB175VII R1","TBF","FLUVA"
"3501",1,25,12.5,0.714892030649121,-0.351483837628265,-1.58047453977533,2.10461157536365,"MDAMB175VII R1","TBF","FLUVA"
"3502",1,25,25,2.38615967819284,2.91915057508467,1.10187354647248,4.78695966161146,"MDAMB175VII R1","TBF","FLUVA"
"3503",1,0.39,0.78,7.52320298589045,10.5452358109102,-7.39402382540525,-4.23381589729581,"MDAMB175VII R1","TBF","FLUVA"
"3504",1,0.39,1.56,9.73916355040345,28.6555478279697,0.547795349683522,3.70800327779295,"MDAMB175VII R1","TBF","FLUVA"
"3505",1,0.39,3.125,10.5256338745611,11.4854151941953,0.732171203275424,3.89237913138486,"MDAMB175VII R1","TBF","FLUVA"
"3506",1,0.39,6.25,11.290816821252,15.92820792572,1.46967461764308,4.62988254575251,"MDAMB175VII R1","TBF","FLUVA"
"3507",1,0.39,12.5,9.28633886683323,28.1686702846342,3.13420802594767,6.84922152417373,"MDAMB175VII R1","TBF","FLUVA"
"3508",1,0.39,25,4.3551738867752,1.34461361071962,-14.2722383001927,-10.5572248019667,"MDAMB175VII R1","TBF","FLUVA"
"3509",1,1.56,0.78,18.0249306661998,14.511151151305,5.52258737798345,0.996995356460005,"MDAMB175VII R1","TBF","FLUVA"
"3510",1,1.56,1.56,15.3542792726844,11.722490847331,-6.56427413526431,-11.0898661567877,"MDAMB175VII R1","TBF","FLUVA"
"3511",1,1.56,3.125,13.7102357110622,3.79512327947022,1.37754503982448,-3.14804698169897,"MDAMB175VII R1","TBF","FLUVA"
"3512",1,1.56,6.25,14.4755541608118,12.7965081268479,6.99076547140053,2.46517344987708,"MDAMB175VII R1","TBF","FLUVA"
"3513",1,1.56,12.5,12.4714707424668,15.0287864488644,-0.495206446708446,-4.46599289811526,"MDAMB175VII R1","TBF","FLUVA"
"3514",1,1.56,25,17.0820633313986,13.3073958281184,5.84018191925798,2.42420103796779,"MDAMB175VII R1","TBF","FLUVA"
"3515",1,1.56,50,18.9742187425048,14.9884500923344,19.0730597484444,20.3701174542475,"MDAMB175VII R1","TBF","FLUVA"
"3516",1,6.25,0.78,14.5796133631006,26.9127304413717,10.3233050046461,12.7219338978421,"MDAMB175VII R1","TBF","FLUVA"
"3517",1,6.25,1.56,13.3045688035925,34.8532112887929,8.50003267468165,10.8986615678776,"MDAMB175VII R1","TBF","FLUVA"
"3518",1,6.25,3.125,5.76008636780835,-3.64199714375697,-13.3314341376647,-10.9328052444687,"MDAMB175VII R1","TBF","FLUVA"
"3519",1,6.25,6.25,9.66227561468926,12.0504720575462,-1.75157704730607,1.20185741600655,"MDAMB175VII R1","TBF","FLUVA"
"3520",1,6.25,12.5,7.65932340464676,17.7120550811274,-5.71224353187313,-2.75880906856051,"MDAMB175VII R1","TBF","FLUVA"
"3521",1,6.25,25,15.8342345513329,20.9405341566961,5.44938269473328,9.51242829827916,"MDAMB175VII R1","TBF","FLUVA"
"3522",1,6.25,50,15.5590448145423,16.2035779364812,13.3148745637995,17.3859601201858,"MDAMB175VII R1","TBF","FLUVA"
"3523",1,25,0.78,13.5772619602959,12.23526293261,-0.559787687344823,-0.990166621141753,"MDAMB175VII R1","TBF","FLUVA"
"3524",1,25,1.56,15.2630332808198,27.2484954026066,5.35389709823288,4.92351816443595,"MDAMB175VII R1","TBF","FLUVA"
"3525",1,25,3.125,4.67250462662214,-3.55070267891604,-9.91515507330494,-10.3455340071019,"MDAMB175VII R1","TBF","FLUVA"
"3526",1,25,6.25,8.5692727059154,2.25756292229133,-7.97747225227162,-7.85304561595193,"MDAMB175VII R1","TBF","FLUVA"
"3527",1,25,12.5,6.57159287721914,9.83217109912084,-9.92533982730494,-9.24610762086861,"MDAMB175VII R1","TBF","FLUVA"
"3528",1,25,25,10.0272953056856,-1.49764182001819,-14.4919690478979,-12.1483201311117,"MDAMB175VII R1","TBF","FLUVA"
"3529",1,25,50,2.00039683557067,16.1192912724025,15.8928971933592,23.2928161704452,"MDAMB175VII R1","TBF","FLUVA"
"3530",1,0.39,0.78,1.8613249104001,0.997488287435539,-6.47279664829699,-7.08876735380733,"MDAMB175VII R2","TBF","FLUVA"
"3531",1,0.39,1.56,2.63918480881033,0.189989025029334,-4.12214456584012,-4.73811527135045,"MDAMB175VII R2","TBF","FLUVA"
"3532",1,0.39,3.125,3.90652706126723,1.85852393812601,-2.76837955827574,-2.87126630206143,"MDAMB175VII R2","TBF","FLUVA"
"3533",1,0.39,6.25,3.39606453949601,1.97323370846931,-3.70969213715668,-3.81257888094237,"MDAMB175VII R2","TBF","FLUVA"
"3534",1,0.39,12.5,3.88451029441219,0.0280170594335245,-3.38663810981949,-2.97644089188053,"MDAMB175VII R2","TBF","FLUVA"
"3535",1,0.39,25,4.11175955248782,2.74237986424735,-7.21642452466087,-4.75389145982331,"MDAMB175VII R2","TBF","FLUVA"
"3536",1,0.39,50,6.60663716922467,6.27366649504818,7.32732324968081,11.1590239798065,"MDAMB175VII R2","TBF","FLUVA"
"3537",1,1.56,0.78,2.22649048146316,4.30961703484999,-4.04755765975425,-3.36032814472023,"MDAMB175VII R2","TBF","FLUVA"
"3538",1,1.56,1.56,2.77879150103999,1.5138907669188,-3.84772593909796,-3.16049642406394,"MDAMB175VII R2","TBF","FLUVA"
"3539",1,1.56,3.125,4.12004630319888,4.69663225830776,-0.989964297120462,0.210349179638214,"MDAMB175VII R2","TBF","FLUVA"
"3540",1,1.56,6.25,2.23120589671771,2.10657441405322,-5.09476050116737,-3.38136306268404,"MDAMB175VII R2","TBF","FLUVA"
"3541",1,1.56,12.5,3.26529886398972,1.49302509287845,-4.096317570599,-1.35675220866638,"MDAMB175VII R2","TBF","FLUVA"
"3542",1,1.56,25,6.12540109303821,11.1595571534738,-1.25576346252054,4.04922170803533,"MDAMB175VII R2","TBF","FLUVA"
"3543",1,1.56,50,5.37430853126684,5.68935489127773,9.86131519160803,14.719183845183,"MDAMB175VII R2","TBF","FLUVA"
"3544",1,6.25,0.78,3.66071576006418,5.15882607503294,-1.19623707219444,-1.58287757677746,"MDAMB175VII R2","TBF","FLUVA"
"3545",1,6.25,1.56,4.17467973451763,4.12445395052042,0.40241669305588,0.0157761884728558,"MDAMB175VII R2","TBF","FLUVA"
"3546",1,6.25,3.125,4.14977606453121,3.53841644588999,-0.0182816662205205,-0.404922170803545,"MDAMB175VII R2","TBF","FLUVA"
"3547",1,6.25,6.25,2.06284552714727,-0.161505991721626,-4.59863505284232,-4.98527555742534,"MDAMB175VII R2","TBF","FLUVA"
"3548",1,6.25,12.5,4.4188082912608,2.4575594866949,0.339311939164414,-0.04732856541861,"MDAMB175VII R2","TBF","FLUVA"
"3549",1,6.25,25,4.67474750539761,4.24098502883738,-1.6221941609618,-2.00883466554482,"MDAMB175VII R2","TBF","FLUVA"
"3550",1,6.25,50,2.39325663087821,2.2856754133401,14.1592530413941,13.7726125368111,"MDAMB175VII R2","TBF","FLUVA"
"3551",1,25,0.78,3.12692652058615,5.26750749850135,-0.609157366847288,-0.625788809423639,"MDAMB175VII R2","TBF","FLUVA"
"3552",1,25,1.56,3.1130369129913,2.75022592404528,-0.82476527597645,-0.841396718552801,"MDAMB175VII R2","TBF","FLUVA"
"3553",1,25,3.125,1.39532378517857,-0.723081942022901,-4.15354104375094,-4.17017248632729,"MDAMB175VII R2","TBF","FLUVA"
"3554",1,25,6.25,2.96749223476489,3.34903360171069,-0.851058923431214,-0.867690366007565,"MDAMB175VII R2","TBF","FLUVA"
"3555",1,25,12.5,8.80337600738964,7.71658598414302,5.54355613757004,5.52692469499369,"MDAMB175VII R2","TBF","FLUVA"
"3556",1,25,25,7.02272807198055,8.02431457759637,2.57763270467143,2.56100126209508,"MDAMB175VII R2","TBF","FLUVA"
"3557",1,0.39,6.25,0.960782769605629,-0.0321493201049687,-2.81080065248135,-0.722592299875785,"MDAMB175VII R2","TBF","FLUVA"
"3558",1,0.39,12.5,2.23893699908322,3.75878964260066,-0.432320260530993,2.45003951676642,"MDAMB175VII R2","TBF","FLUVA"
"3559",1,0.39,25,4.01632971904142,4.77522060941218,-2.38573535655528,2.87907869481768,"MDAMB175VII R2","TBF","FLUVA"
"3560",1,1.56,0.78,2.80050447812615,-2.27465363027459,-1.3584572155919,-3.3984419103534,"MDAMB175VII R2","TBF","FLUVA"
"3561",1,1.56,1.56,1.35956029151334,-0.839677268247026,-2.41976465603447,-4.45974935079597,"MDAMB175VII R2","TBF","FLUVA"
"3562",1,1.56,3.125,1.69319803586417,-1.68654542922652,-2.21653557169441,-4.25652026645591,"MDAMB175VII R2","TBF","FLUVA"
"3563",1,1.56,6.25,3.02587338551727,1.3284642112991,1.9571350652599,0.711301795190252,"MDAMB175VII R2","TBF","FLUVA"
"3564",1,1.56,12.5,4.56071865503586,2.72793482341056,2.00977149198502,1.55808964660721,"MDAMB175VII R2","TBF","FLUVA"
"3565",1,1.56,25,10.6741446735945,9.65469960278252,6.02903337462167,7.95980580331941,"MDAMB175VII R2","TBF","FLUVA"
"3566",1,6.25,0.78,1.6978761713326,7.33826205441116,4.01169134718672,6.23235858642882,"MDAMB175VII R2","TBF","FLUVA"
"3567",1,6.25,1.56,0.895784198620621,6.19314712384242,0.410020352493255,2.63068759173535,"MDAMB175VII R2","TBF","FLUVA"
"3568",1,6.25,3.125,0.495168563218705,4.9113708129733,0.161629249410943,2.38229648865304,"MDAMB175VII R2","TBF","FLUVA"
"3569",1,6.25,6.25,1.58449704737937,3.11383246933205,-0.508326623739741,2.5064920401942,"MDAMB175VII R2","TBF","FLUVA"
"3570",1,6.25,12.5,2.47513545572088,5.74646278762727,0.786265318396907,4.5952354070227,"MDAMB175VII R2","TBF","FLUVA"
"3571",1,6.25,25,6.79226016856609,6.12766933529394,-0.937523587213498,4.45974935079599,"MDAMB175VII R2","TBF","FLUVA"
"3572",1,25,0.78,3.25451613938089,2.35087377887558,2.31032566552492,1.34357005758157,"MDAMB175VII R2","TBF","FLUVA"
"3573",1,25,1.56,2.66968447102128,4.35130849581223,2.07322506712817,1.10646945918482,"MDAMB175VII R2","TBF","FLUVA"
"3574",1,25,3.125,3.9213758343332,5.49880084438237,4.16196843395666,3.19521282601332,"MDAMB175VII R2","TBF","FLUVA"
"3575",1,25,6.25,4.58986919037527,5.30649386054429,4.92590665587203,4.75330247262053,"MDAMB175VII R2","TBF","FLUVA"
"3576",1,25,12.5,5.55671052876652,5.68898408645623,4.81300160901643,4.64039742576493,"MDAMB175VII R2","TBF","FLUVA"
"3577",1,25,25,8.88388189874666,8.6661016357796,6.52534222451878,7.14688946595913,"MDAMB175VII R2","TBF","FLUVA"
"3578",1,0.39,0.78,28.5415355241576,37.3490448926031,-44.7524483807241,-45.7054966404922,"MDAMB175VII R2","TBF","FLUVA"
"3579",1,0.39,1.56,15.3622744760807,31.609205024995,-26.2792030152258,-27.2322512749939,"MDAMB175VII R2","TBF","FLUVA"
"3580",1,0.39,3.125,11.8156865500392,26.2433026935743,-43.6757868410171,-44.6288351007852,"MDAMB175VII R2","TBF","FLUVA"
"3581",1,0.39,6.25,22.1167971802526,-4.17176308288735,-47.2538650406447,-48.2069133004128,"MDAMB175VII R2","TBF","FLUVA"
"3582",1,0.39,12.5,17.1832581742033,12.0269402578926,-42.6396012990435,-43.5926495588116,"MDAMB175VII R2","TBF","FLUVA"
"3583",1,0.39,25,21.7568654229498,29.0446919433184,-37.4829591878155,-38.4360074475836,"MDAMB175VII R2","TBF","FLUVA"
"3584",1,0.39,50,18.0707696216677,24.3584370868949,-21.3654168903979,-22.318465150166,"MDAMB175VII R2","TBF","FLUVA"
"3585",1,1.56,0.78,42.1402117970066,138.549916925087,31.9622762118694,44.8231198899053,"MDAMB175VII R2","TBF","FLUVA"
"3586",1,1.56,1.56,21.8443940768877,38.1177769159995,-41.4981781629632,-28.2846272160609,"MDAMB175VII R2","TBF","FLUVA"
"3587",1,1.56,3.125,21.9776438959546,46.4243894174608,-46.7681530678446,-33.5546021209423,"MDAMB175VII R2","TBF","FLUVA"
"3588",1,1.56,6.25,29.420664007509,37.9473982937589,-24.9596854891188,-11.7461345422165,"MDAMB175VII R2","TBF","FLUVA"
"3589",1,1.56,12.5,27.9195687856638,46.8351849155442,-29.1449036547466,-15.9313527078442,"MDAMB175VII R2","TBF","FLUVA"
"3590",1,1.56,25,33.7533148361742,86.3112390656073,-3.05407551583296,10.1594754310694,"MDAMB175VII R2","TBF","FLUVA"
"3591",1,1.56,50,33.8679792685607,63.2227869493482,-5.97206073017374,10.5480450093095,"MDAMB175VII R2","TBF","FLUVA"
"3592",1,6.25,0.78,39.736325499237,67.8655179028257,-15.1252558324295,-15.0975471545374,"MDAMB175VII R2","TBF","FLUVA"
"3593",1,6.25,1.56,27.4306933661339,22.7530101930378,-36.0513466605684,-36.0236379826763,"MDAMB175VII R2","TBF","FLUVA"
"3594",1,6.25,3.125,32.310192002267,46.1199108297354,-25.2529693615689,-24.6741682182466,"MDAMB175VII R2","TBF","FLUVA"
"3595",1,6.25,6.25,38.6259433359486,29.285767418331,-15.830775985503,-14.7008823767506,"MDAMB175VII R2","TBF","FLUVA"
"3596",1,6.25,12.5,42.3468498358831,46.5159923704464,-12.9276938295323,-9.04233789362908,"MDAMB175VII R2","TBF","FLUVA"
"3597",1,6.25,25,45.5465496366217,52.0254968444285,-24.7771597288754,-15.3808791386708,"MDAMB175VII R2","TBF","FLUVA"
"3598",1,6.25,50,40.7452456147376,38.9269574135818,-17.6459078245168,-7.69853476888204,"MDAMB175VII R2","TBF","FLUVA"
"3599",1,25,0.78,26.1699814016256,35.1032361407192,-35.6713920817117,-36.2179227717963,"MDAMB175VII R2","TBF","FLUVA"
"3600",1,25,1.56,34.2727711085532,42.7168666637933,-7.26533687245073,-7.81186756253541,"MDAMB175VII R2","TBF","FLUVA"
"3601",1,25,3.125,28.812186031425,41.8037028594783,-18.5095690427737,-19.0560997328584,"MDAMB175VII R2","TBF","FLUVA"
"3602",1,25,6.25,27.8264600497353,17.228070251548,-20.0395617570941,-20.5860924471788,"MDAMB175VII R2","TBF","FLUVA"
"3603",1,25,12.5,29.0626450904385,29.9687825959487,-17.2467179134934,-17.7932486035781,"MDAMB175VII R2","TBF","FLUVA"
"3604",1,25,25,36.3732157782745,56.9598692720623,-0.441083654608917,-0.987614344693597,"MDAMB175VII R2","TBF","FLUVA"
"3605",1,25,50,22.0158595596441,24.6532555648074,-14.8829196458661,-15.4294503359508,"MDAMB175VII R2","TBF","FLUVA"
"3606",1,0.39,0.78,4.02502618459607,2.96782834210565,-6.30043573403454,-7.31133462737488,"MDAMB175VII R3","TBF","FLUVA"
"3607",1,0.39,1.56,6.17966779153816,1.56060947307026,-2.9418097708559,-3.95270866419624,"MDAMB175VII R3","TBF","FLUVA"
"3608",1,0.39,3.125,5.56927475941476,4.20240558480176,-2.44734312317404,-2.93512146344334,"MDAMB175VII R3","TBF","FLUVA"
"3609",1,0.39,6.25,5.26587335004502,6.89216387382742,-4.51780956632443,-5.00558790659373,"MDAMB175VII R3","TBF","FLUVA"
"3610",1,0.39,12.5,7.43937166362922,4.06997825837104,-0.264740483491708,-0.22939827068997,"MDAMB175VII R3","TBF","FLUVA"
"3611",1,0.39,25,7.15769310472585,5.7818609375303,-4.17476284047322,-2.04693841538734,"MDAMB175VII R3","TBF","FLUVA"
"3612",1,0.39,50,8.75535414177865,8.11533519200047,-0.657744764055359,12.1463443326863,"MDAMB175VII R3","TBF","FLUVA"
"3613",1,1.56,0.78,5.5518990669619,9.77055048966366,-0.918988484969734,0.0647020763484392,"MDAMB175VII R3","TBF","FLUVA"
"3614",1,1.56,1.56,7.36602296857185,10.1349377231228,3.94543125504556,4.92912181636373,"MDAMB175VII R3","TBF","FLUVA"
"3615",1,1.56,3.125,6.06346032996987,5.65126419157862,-2.59498239843134,-1.08817128404213,"MDAMB175VII R3","TBF","FLUVA"
"3616",1,1.56,6.25,6.75840512341954,12.6870170544399,-0.57707595309051,1.45285571436973,"MDAMB175VII R3","TBF","FLUVA"
"3617",1,1.56,12.5,10.5073965560544,9.91806012469792,2.7823061394028,5.85847891300511,"MDAMB175VII R3","TBF","FLUVA"
"3618",1,1.56,25,14.0378279168752,16.0092926229811,2.40224407619686,8.61714016822539,"MDAMB175VII R3","TBF","FLUVA"
"3619",1,1.56,50,17.4819095246785,17.7900512818905,5.99459404887271,26.3337450738192,"MDAMB175VII R3","TBF","FLUVA"
"3620",1,6.25,0.78,5.05414123210749,6.68085240255175,-1.28636337740289,-1.54108581848128,"MDAMB175VII R3","TBF","FLUVA"
"3621",1,6.25,1.56,6.25579527430564,3.68642096194074,-0.468764412636105,-0.72348685371449,"MDAMB175VII R3","TBF","FLUVA"
"3622",1,6.25,3.125,5.78712013487052,6.88545635847181,0.908003276160986,1.17640138815364,"MDAMB175VII R3","TBF","FLUVA"
"3623",1,6.25,6.25,5.72308276403588,8.86368728639644,-1.44442143548897,-0.652902770425285,"MDAMB175VII R3","TBF","FLUVA"
"3624",1,6.25,12.5,8.87968724955971,8.92094940760964,3.64427069759018,5.48203046879594,"MDAMB175VII R3","TBF","FLUVA"
"3625",1,6.25,25,10.8160987137859,9.46179096763082,-1.77667131385408,3.19981177577789,"MDAMB175VII R3","TBF","FLUVA"
"3626",1,6.25,50,14.0842438175892,15.7317737161311,10.4487766329298,22.9692371036998,"MDAMB175VII R3","TBF","FLUVA"
"3627",1,25,0.78,1.66067388641253,1.41922299307616,-5.97890369458733,-5.78201282277513,"MDAMB175VII R3","TBF","FLUVA"
"3628",1,25,1.56,2.49751591129752,0.57440335540317,-3.48493275170162,-3.28804187988942,"MDAMB175VII R3","TBF","FLUVA"
"3629",1,25,3.125,4.48173571002402,4.35329060126736,-0.843911635296706,-0.647020763484505,"MDAMB175VII R3","TBF","FLUVA"
"3630",1,25,6.25,3.98732271443235,7.11170724858768,-1.94346886856303,-1.22345744367979,"MDAMB175VII R3","TBF","FLUVA"
"3631",1,25,12.5,6.12648338779283,5.21186917382775,0.956738617893031,2.1998705958473,"MDAMB175VII R3","TBF","FLUVA"
"3632",1,25,25,6.7897906120639,7.97268242499956,0.198715851848611,2.48808893594496,"MDAMB175VII R3","TBF","FLUVA"
"3633",1,25,50,2.43282636528759,1.08999736678039,2.5239989167387,7.42897476619022,"MDAMB175VII R3","TBF","FLUVA"
"3634",1,0.39,0.78,4.1111369904151,-0.515576575580829,-1.63441961377584,-5.95777748996244,"MDAMB175VII R3","TBF","FLUVA"
"3635",1,0.39,1.56,0.93746121746588,-2.15157080718891,-8.04550626058326,-12.3688641367699,"MDAMB175VII R3","TBF","FLUVA"
"3636",1,0.39,3.125,3.49665720282402,3.92252027511531,-17.3448185784564,-8.48335707809868,"MDAMB175VII R3","TBF","FLUVA"
"3637",1,0.39,6.25,2.66651023569311,0.931901032849063,-19.3523305587699,-10.4908690584121,"MDAMB175VII R3","TBF","FLUVA"
"3638",1,0.39,12.5,5.69286473206893,0.0254856921566144,-10.6617464375421,-1.8002849371843,"MDAMB175VII R3","TBF","FLUVA"
"3639",1,0.39,25,7.27213956470569,7.80928543087839,-2.51513330452819,6.34632819582957,"MDAMB175VII R3","TBF","FLUVA"
"3640",1,0.39,50,1.82347908525149,1.93537437052581,-1.55670325987028,5.37495143116178,"MDAMB175VII R3","TBF","FLUVA"
"3641",1,1.56,0.78,4.96502767915035,0.431641369996598,-14.5472522536668,-4.29996114492941,"MDAMB175VII R3","TBF","FLUVA"
"3642",1,1.56,1.56,4.00789470699702,3.02903817252774,-16.1014550771352,-5.85416396839787,"MDAMB175VII R3","TBF","FLUVA"
"3643",1,1.56,3.125,1.0136959932041,1.51260845614697,-19.5207012887659,-9.27341018002848,"MDAMB175VII R3","TBF","FLUVA"
"3644",1,1.56,6.25,0.603625075927949,0.554253835111865,-19.6243148103304,-9.37702370159306,"MDAMB175VII R3","TBF","FLUVA"
"3645",1,1.56,12.5,6.50841662690367,2.17020238638873,-9.66446504993672,0.582826058800663,"MDAMB175VII R3","TBF","FLUVA"
"3646",1,1.56,25,1.58312763867961,3.81046743825818,-7.70875983040555,2.53853127833183,"MDAMB175VII R3","TBF","FLUVA"
"3647",1,1.56,50,0.147089392444926,2.24388158447968,2.96343661838384,9.89509130941589,"MDAMB175VII R3","TBF","FLUVA"
"3648",1,6.25,0.78,5.11294926263481,9.2974046077655,-9.67741674013227,4.33881621551612,"MDAMB175VII R3","TBF","FLUVA"
"3649",1,6.25,1.56,2.6627905268879,3.01482838524024,-20.3107543906957,-6.29452143504729,"MDAMB175VII R3","TBF","FLUVA"
"3650",1,6.25,3.125,2.99153419062463,8.49293203569956,-16.8267497280872,-2.81051677243882,"MDAMB175VII R3","TBF","FLUVA"
"3651",1,6.25,6.25,3.15351429454483,7.59718703580933,-16.8267497280872,-2.81051677243882,"MDAMB175VII R3","TBF","FLUVA"
"3652",1,6.25,12.5,6.16135093769724,5.36770982430068,-10.3120495597152,3.70418339593316,"MDAMB175VII R3","TBF","FLUVA"
"3653",1,25,0.78,7.95911653996564,3.17008763115933,-10.3120495597152,-1.47649268229505,"MDAMB175VII R3","TBF","FLUVA"
"3654",1,25,1.56,5.26727257527037,7.27299051238789,-10.2861461793241,-1.45058930190389,"MDAMB175VII R3","TBF","FLUVA"
"3655",1,25,3.125,9.29379973886839,12.9623638912983,-6.4653975716308,2.3701593057894,"MDAMB175VII R3","TBF","FLUVA"
"3656",1,25,6.25,9.9008123584765,13.3663438999007,-5.22203531285603,3.61352156456417,"MDAMB175VII R3","TBF","FLUVA"
"3657",1,25,12.5,9.58972920291922,6.15670276974771,-4.23770685799266,4.59785001942754,"MDAMB175VII R3","TBF","FLUVA"
"3658",1,25,25,7.74403877239213,7.37523019192809,-2.70940741491533,6.12614946250487,"MDAMB175VII R3","TBF","FLUVA"
"3659",1,0.39,0.78,25.6700504632905,72.8691989380318,-18.3306797614067,9.22937592623086,"MDAMB175VII R3","TBF","FLUVA"
"3660",1,0.39,1.56,20.9432090185265,81.259730363838,-35.0193015298901,-7.45924584225259,"MDAMB175VII R3","TBF","FLUVA"
"3661",1,0.39,3.125,20.5554865914449,69.2523905524121,-33.9572234795032,-6.39716779186563,"MDAMB175VII R3","TBF","FLUVA"
"3662",1,0.39,6.25,28.0889900001415,76.203426671528,-20.3066389249173,7.25341676272024,"MDAMB175VII R3","TBF","FLUVA"
"3663",1,0.39,12.5,30.9290894213196,84.1214886806276,-17.9931200709736,9.56693561666393,"MDAMB175VII R3","TBF","FLUVA"
"3664",1,0.39,25,27.451000878428,58.9597557615129,-14.5434246980113,2.13238926395522,"MDAMB175VII R3","TBF","FLUVA"
"3665",1,0.39,50,39.6561291026334,72.9961303726338,13.7868898088222,20.4676436686975,"MDAMB175VII R3","TBF","FLUVA"
"3666",1,1.56,0.78,47.1606304272079,12.5133078854073,-23.1635465488264,-34.0276634282891,"MDAMB175VII R3","TBF","FLUVA"
"3667",1,1.56,1.56,45.5545245874931,37.9346735308806,-16.0830262129133,-26.9471430923761,"MDAMB175VII R3","TBF","FLUVA"
"3668",1,1.56,3.125,45.2759717614457,23.1322432822309,-21.3275511593978,-32.1916680388605,"MDAMB175VII R3","TBF","FLUVA"
"3669",1,1.56,6.25,56.136889656066,40.4622810636786,0.901989430096698,-9.96212744936606,"MDAMB175VII R3","TBF","FLUVA"
"3670",1,1.56,12.5,63.1652405655032,58.3186020764057,14.6596051060394,3.79548822657665,"MDAMB175VII R3","TBF","FLUVA"
"3671",1,1.56,25,43.2054624608021,30.9562055098394,8.22127149826731,-2.64284538119546,"MDAMB175VII R3","TBF","FLUVA"
"3672",1,1.56,50,44.540845063842,38.2781840643541,25.9966708066816,15.1325539272188,"MDAMB175VII R3","TBF","FLUVA"
"3673",1,6.25,0.78,44.2610021515599,42.3954760415494,-9.04498276203668,-8.80948460398486,"MDAMB175VII R3","TBF","FLUVA"
"3674",1,6.25,1.56,48.1490106119769,64.986621008153,-6.63266594991744,-6.39716779186561,"MDAMB175VII R3","TBF","FLUVA"
"3675",1,6.25,3.125,50.020455275094,60.6539992091934,-0.449560400765463,-0.214062242713638,"MDAMB175VII R3","TBF","FLUVA"
"3676",1,6.25,6.25,56.9596614690326,66.6170367667608,10.9039716262393,11.1394697842911,"MDAMB175VII R3","TBF","FLUVA"
"3677",1,6.25,12.5,58.9086908167676,68.7141669976155,8.4916548141201,8.72715297217192,"MDAMB175VII R3","TBF","FLUVA"
"3678",1,6.25,25,47.6700829442327,41.9471611231797,4.7455655666312,4.98106372468303,"MDAMB175VII R3","TBF","FLUVA"
"3679",1,6.25,50,49.9423391774583,50.0740374621533,24.3734265908367,24.6089247488885,"MDAMB175VII R3","TBF","FLUVA"
"3680",1,25,0.78,25.9241979956725,14.064438946872,-25.3427675530574,-25.6216038201877,"MDAMB175VII R3","TBF","FLUVA"
"3681",1,25,1.56,37.8116448805022,54.3786871129291,-0.667977498718514,-0.946813765848844,"MDAMB175VII R3","TBF","FLUVA"
"3682",1,25,3.125,32.6147570011707,35.1467093281807,-11.7498151407406,-12.0286514078709,"MDAMB175VII R3","TBF","FLUVA"
"3683",1,25,6.25,33.7786679125012,34.1468456844383,-8.57181415276101,-8.85065041989134,"MDAMB175VII R3","TBF","FLUVA"
"3684",1,25,12.5,32.5995157516226,38.8686020506474,-7.34507283874815,-7.62390910587848,"MDAMB175VII R3","TBF","FLUVA"
"3685",1,25,25,25.3814431120393,24.2702696532438,-4.10120654531822,-4.38004281244855,"MDAMB175VII R3","TBF","FLUVA"
"3686",1,25,50,19.96633909631,21.5231519992135,2.06543267747118,1.78659641034085,"MDAMB175VII R3","TBF","FLUVA"
"3687",1,0.39,0.78,1.10974078955092,3.90123828099452,-0.058797584828794,1.43726345039046,"MDAMB231 R1","TBF","FLUVA"
"3688",1,0.39,1.56,1.34648780801456,4.92633357472417,2.65763033640917,4.15369137162843,"MDAMB231 R1","TBF","FLUVA"
"3689",1,0.39,3.125,0.226254855851143,0.984071348035487,-3.84363159657568,-1.45163608489436,"MDAMB231 R1","TBF","FLUVA"
"3690",1,0.39,6.25,0.586859152080694,-1.3872164125419,-4.26526913440889,-0.977339146265507,"MDAMB231 R1","TBF","FLUVA"
"3691",1,0.39,12.5,1.90554878525374,7.76612299376642,-1.64961069090628,5.22205720308534,"MDAMB231 R1","TBF","FLUVA"
"3692",1,0.39,25,4.9808331728907,5.6047942696314,-11.7204794495475,5.00646768552679,"MDAMB231 R1","TBF","FLUVA"
"3693",1,0.39,50,16.3388646521894,17.3642134860207,13.1006980072276,18.679633976908,"MDAMB231 R1","TBF","FLUVA"
"3694",1,1.56,50,19.4710640139019,19.259456474057,30.7397854634902,30.1969050927035,"MDAMB231 R1","TBF","FLUVA"
"3695",1,25,0.78,1.19769684636444,-0.619438306132594,0.801527632213819,-0.89589421741006,"MDAMB231 R1","TBF","FLUVA"
"3696",1,25,1.56,2.65960442026513,1.45209008561376,3.05564247131596,1.36540027787093,"MDAMB231 R1","TBF","FLUVA"
"3697",1,25,3.125,0.381098602677,-1.05857979774976,0.345908037179854,-1.33186413069517,"MDAMB231 R1","TBF","FLUVA"
"3698",1,25,12.5,1.14277544523831,0.644757912482561,1.99437635476821,0.359315862597612,"MDAMB231 R1","TBF","FLUVA"
"3699",1,0.39,0.78,4.71931084409052,8.05699244955725,5.60647801259541,5.31861793577727,"MDAMB231 R1","TBF","FLUVA"
"3700",1,0.39,6.25,4.28518592278892,1.24991817944559,2.83909288151422,4.31479119294548,"MDAMB231 R1","TBF","FLUVA"
"3701",1,0.39,12.5,4.95736949756009,14.5416107651178,1.08669741830919,6.08951250623925,"MDAMB231 R1","TBF","FLUVA"
"3702",1,0.39,25,4.31786942222828,8.26154683452518,-17.147996741094,1.96328545283123,"MDAMB231 R1","TBF","FLUVA"
"3703",1,0.39,50,29.3760426838046,29.4863084673088,-38.1315941815227,33.8306250346625,"MDAMB231 R1","TBF","FLUVA"
"3704",1,1.56,0.78,0.103820953528313,-0.493938241505646,-2.18317566431493,-1.48078309577949,"MDAMB231 R1","TBF","FLUVA"
"3705",1,1.56,25,2.15108966802579,3.58414613748804,-18.7871318666206,1.3144029726582,"MDAMB231 R1","TBF","FLUVA"
"3706",1,1.56,50,19.1061631504798,19.0622094305317,-3.3301347613075,23.8256336309689,"MDAMB231 R1","TBF","FLUVA"
"3707",1,6.25,25,0.554399453826363,1.96320148305027,0.557614115626663,1.43641506294713,"MDAMB231 R1","TBF","FLUVA"
"3708",1,25,0.78,0.819269976212283,0.431748622305818,-0.174387509270716,0.266208196994071,"MDAMB231 R1","TBF","FLUVA"
"3709",1,25,6.25,0.298199931091645,-0.556860212531319,-0.812177981235664,-0.371582274970876,"MDAMB231 R1","TBF","FLUVA"
"3710",1,25,12.5,1.1939665331858,0.355658774750921,-0.595883821177992,-0.155288114913205,"MDAMB231 R1","TBF","FLUVA"
"3711",1,25,25,0.766964202425513,0.0147067073501574,-0.80663197713163,-0.366036270866843,"MDAMB231 R1","TBF","FLUVA"
"3712",1,0.39,0.78,2.65321474590842,6.61756449947506,3.21249936943375,4.55569941974777,"MDAMB231 R1","TBF","FLUVA"
"3713",1,0.39,1.56,0.478221912658983,1.71455651260121,-1.58297370398494,-0.239773653670923,"MDAMB231 R1","TBF","FLUVA"
"3714",1,0.39,3.125,0.37751047604834,-1.47664558045205,-2.80581933770671,-1.4626192873927,"MDAMB231 R1","TBF","FLUVA"
"3715",1,0.39,25,3.03952404898514,5.08755608680373,-9.67160310937879,2.64230566345368,"MDAMB231 R1","TBF","FLUVA"
"3716",1,0.39,50,17.975547164522,18.8209072111973,2.5821642626695,21.143240780703,"MDAMB231 R1","TBF","FLUVA"
"3717",1,1.56,0.78,0.528872597696051,-0.603099556194167,-1.15701360845062,-1.65923368340287,"MDAMB231 R1","TBF","FLUVA"
"3718",1,1.56,3.125,1.33642116288583,0.491544613736181,1.00094927458779,0.498729199635541,"MDAMB231 R1","TBF","FLUVA"
"3719",1,1.56,25,0.235474622306803,-0.910245547653453,-1.6605382811596,-2.16275835611184,"MDAMB231 R1","TBF","FLUVA"
"3720",1,1.56,50,21.2620217265149,20.977333463963,25.0886105223699,24.5863904474176,"MDAMB231 R1","TBF","FLUVA"
"3721",1,6.25,0.78,0.556811561181803,2.85022057002963,1.12688015732608,2.52721430969166,"MDAMB231 R1","TBF","FLUVA"
"3722",1,6.25,1.56,0.971127941693652,2.75185139628998,1.04535711507796,2.44569126744354,"MDAMB231 R1","TBF","FLUVA"
"3723",1,6.25,3.125,2.35239442101106,3.39779308755496,1.99965625668828,3.39999040905386,"MDAMB231 R1","TBF","FLUVA"
"3724",1,6.25,6.25,0.764250687111215,1.47527521532264,-0.16310209942354,1.23723205294203,"MDAMB231 R1","TBF","FLUVA"
"3725",1,6.25,12.5,2.13027894728637,3.68811318449725,1.78385996838445,3.18419412075002,"MDAMB231 R1","TBF","FLUVA"
"3726",1,6.25,25,0.928540384352871,2.47389264131841,0.690492107644985,2.09082626001056,"MDAMB231 R1","TBF","FLUVA"
"3727",1,6.25,50,1.80396988252478,3.89309510955597,0.868489477768506,4.99688294250228,"MDAMB231 R1","TBF","FLUVA"
"3728",1,25,0.78,2.996538185737,1.84305532193923,3.03210556061993,1.63525631803577,"MDAMB231 R1","TBF","FLUVA"
"3729",1,25,1.56,2.0095365672295,0.3695984447738,1.56322474243724,0.172637030643074,"MDAMB231 R1","TBF","FLUVA"
"3730",1,25,3.125,2.15636823309785,1.95513941528883,3.3362807496304,1.95655301395483,"MDAMB231 R1","TBF","FLUVA"
"3731",1,25,6.25,0.966700811803292,-1.42457078567034,-0.273064562746299,-1.57771064115475,"MDAMB231 R1","TBF","FLUVA"
"3732",1,25,12.5,1.60463836475196,0.587936313109637,1.60647257091316,0.263751019038025,"MDAMB231 R1","TBF","FLUVA"
"3733",1,25,25,2.16739497117092,0.337551355836027,1.41506500039861,0.0911139883949517,"MDAMB231 R1","TBF","FLUVA"
"3734",1,25,50,1.51852078755712,0.953931426583978,2.97608579402532,1.66402915647629,"MDAMB231 R1","TBF","FLUVA"
"3735",1,1.56,50,0.11894569045954,12.4662705291807,6.06771737056424,24.2698844961968,"MDAMB231 R2","TBF","FLUVA"
"3736",1,0.39,0.78,7.45024626399536,9.55924652281199,5.44007037357215,4.80842702761706,"MDAMB231 R2","TBF","FLUVA"
"3737",1,0.39,3.125,1.44661877127976,-2.59499970217073,-10.4251773102231,-7.62471345922934,"MDAMB231 R2","TBF","FLUVA"
"3738",1,0.39,12.5,0.410632191567506,-2.8517101816537,-18.5174235783704,-8.85274533347888,"MDAMB231 R2","TBF","FLUVA"
"3739",1,0.39,25,2.72834179591583,5.00225615054377,-28.1906182214218,-4.79751118873486,"MDAMB231 R2","TBF","FLUVA"
"3740",1,1.56,0.78,0.199216045049496,-2.15250190705463,-5.43276867579193,-3.87512280318744,"MDAMB231 R2","TBF","FLUVA"
"3741",1,1.56,25,2.05594634497612,3.62975235630374,-18.6417709851733,0.076410872175515,"MDAMB231 R2","TBF","FLUVA"
"3742",1,1.56,50,11.1345980525799,11.1428054582912,-8.62917433565308,20.3853291125423,"MDAMB231 R2","TBF","FLUVA"
"3743",1,25,0.78,0.132848897664388,-0.27413995587743,-2.65275254763867,-0.545791944110917,"MDAMB231 R2","TBF","FLUVA"
"3744",1,0.39,3.125,0.238703118633737,3.16233331168556,0.22544293600402,-0.14411298457992,"MDAMB231 R2","TBF","FLUVA"
"3745",1,0.39,25,4.24383177229145,9.3553856960274,4.69774922413392,4.32819330354998,"MDAMB231 R2","TBF","FLUVA"
"3746",1,0.39,50,28.6166110661552,23.5793958875345,28.5100180428878,28.1404621223039,"MDAMB231 R2","TBF","FLUVA"
"3747",1,1.56,50,17.9244093422638,15.4139806265267,17.2310335881648,17.3944372387952,"MDAMB231 R2","TBF","FLUVA"
"3748",1,6.25,0.78,0.163003956270856,0.792445574779819,0.540941265816983,0.931930633616759,"MDAMB231 R2","TBF","FLUVA"
"3749",1,6.25,50,1.80376794021149,2.19985906045021,2.30392344384455,2.69491281164433,"MDAMB231 R2","TBF","FLUVA"
"3750",1,25,0.78,0.50231655514412,0.325482213651398,0.643206520751562,0.41792765528173,"MDAMB231 R2","TBF","FLUVA"
"3751",1,25,1.56,0.948712982071996,0.6632880247288,0.676135247677152,0.461161550655703,"MDAMB231 R2","TBF","FLUVA"
"3752",1,25,3.125,0.671700699880489,0.362749073180836,0.321728364293321,0.124897919969243,"MDAMB231 R2","TBF","FLUVA"
"3753",1,25,25,0.139845214605444,-2.38612020664092,-2.69945152051143,-2.74775423932364,"MDAMB231 R2","TBF","FLUVA"
"3754",1,25,50,0.231319331030306,-1.47139931852703,-1.09499362552175,-1.14329634433396,"MDAMB231 R2","TBF","FLUVA"
"3755",1,0.39,0.78,0.386406686113455,5.23079134657105,-4.93483110805097,-3.09018385218467,"MDAMB231 R3","TBF","FLUVA"
"3756",1,0.39,3.125,1.14217551930342,-3.8228352109876,-11.7007780720565,-8.02805923616522,"MDAMB231 R3","TBF","FLUVA"
"3757",1,0.39,6.25,0.90075569795916,0.0968116266089885,-9.99393607636279,-4.49314566044659,"MDAMB231 R3","TBF","FLUVA"
"3758",1,0.39,50,5.43135819769886,7.01404094197727,8.60656437646061,8.9450277382972,"MDAMB231 R3","TBF","FLUVA"
"3759",1,1.56,50,2.51485946689418,13.5462450168216,24.3684701535995,23.8182568428775,"MDAMB231 R3","TBF","FLUVA"
"3760",1,6.25,25,0.373071040533063,2.90354895755941,-0.0548596421290597,3.18646554490853,"MDAMB231 R3","TBF","FLUVA"
"3761",1,6.25,50,2.49409722541161,6.08394307033575,3.55579836951816,10.4213470267296,"MDAMB231 R3","TBF","FLUVA"
"3762",1,25,0.78,3.39935874894955,0.283307153457287,2.35660327102255,-0.696896061620279,"MDAMB231 R3","TBF","FLUVA"
"3763",1,25,1.56,0.0500387472615671,-4.77846303117629,-2.57854670204598,-5.46513227270643,"MDAMB231 R3","TBF","FLUVA"
"3764",1,25,3.125,2.75224649612467,1.21519179147084,3.74520619456383,0.719820274173586,"MDAMB231 R3","TBF","FLUVA"
"3765",1,25,6.25,1.81694848534134,-1.83425567930153,0.622661886824545,-2.37494842052175,"MDAMB231 R3","TBF","FLUVA"
"3766",1,25,12.5,2.36533166578565,-0.266503561663356,2.04046391868491,-0.921553344642618,"MDAMB231 R3","TBF","FLUVA"
"3767",1,25,25,1.64577066881257,0.250638757942113,3.33103177898671,0.403466140938065,"MDAMB231 R3","TBF","FLUVA"
"3768",1,0.39,0.78,12.3223807939309,20.6847886088811,8.08524007746963,8.49620848018797,"MDAMB231 R3","TBF","FLUVA"
"3769",1,0.39,1.56,4.0496341759206,-1.98539038652591,-8.66686928918636,-8.25590088646801,"MDAMB231 R3","TBF","FLUVA"
"3770",1,0.39,3.125,4.99024130121037,4.35861202563568,-7.42072046248509,-5.96496849300436,"MDAMB231 R3","TBF","FLUVA"
"3771",1,0.39,6.25,0.752617220123578,-0.96653261548418,-18.4871112636378,-14.9417921606323,"MDAMB231 R3","TBF","FLUVA"
"3772",1,0.39,12.5,2.37974382528606,-6.05057716427489,-19.4728246185865,-11.7483712485314,"MDAMB231 R3","TBF","FLUVA"
"3773",1,0.39,25,7.90375492486203,8.90312300802382,-18.6529042251188,-0.480615187439909,"MDAMB231 R3","TBF","FLUVA"
"3774",1,0.39,50,10.5917099493541,32.4009061050956,22.156993712851,39.7308554950336,"MDAMB231 R3","TBF","FLUVA"
"3775",1,1.56,0.78,0.841273796984339,-0.253220843816479,-4.20126127207359,-4.06920858699135,"MDAMB231 R3","TBF","FLUVA"
"3776",1,1.56,25,1.4852861530776,0.492053517490959,-2.57784997227651,-2.44579728719427,"MDAMB231 R3","TBF","FLUVA"
"3777",1,1.56,50,5.10165858591591,13.523569844006,16.8550241065444,16.9870767916266,"MDAMB231 R3","TBF","FLUVA"
"3778",1,25,0.78,1.25064146228736,0.57993445537447,0.611824521097972,-0.0747623624906595,"MDAMB231 R3","TBF","FLUVA"
"3779",1,25,1.56,0.326971584781106,-0.699178832276033,-0.378852619197033,-1.03599273737051,"MDAMB231 R3","TBF","FLUVA"
"3780",1,25,3.125,0.857836537860422,-0.369328876816226,-0.266709075461051,-0.923849193634524,"MDAMB231 R3","TBF","FLUVA"
"3781",1,25,6.25,0.383846867040432,0.120526519307674,0.0452817673143358,-0.630139912421228,"MDAMB231 R3","TBF","FLUVA"
"3782",1,25,12.5,0.232795365840246,-0.494974269831587,-0.143885194226399,-0.801025312399872,"MDAMB231 R3","TBF","FLUVA"
"3783",1,25,25,0.671610958101112,-0.0940612293037617,0.0647464164165399,-0.598098899925233,"MDAMB231 R3","TBF","FLUVA"
"3784",1,0.39,0.78,1.49453683103271,0.0704884696008321,-6.18857920520676,-5.97860596883699,"MDAMB231 R3","TBF","FLUVA"
"3785",1,0.39,1.56,2.37757124554387,-1.77374954833213,-4.2152484769305,-4.00527524056072,"MDAMB231 R3","TBF","FLUVA"
"3786",1,0.39,3.125,1.10971639849131,-0.860805196491436,-7.07171984631082,-5.89556977482538,"MDAMB231 R3","TBF","FLUVA"
"3787",1,0.39,6.25,1.772712614102,2.45553166799257,-6.61651241922749,-4.47418551262638,"MDAMB231 R3","TBF","FLUVA"
"3788",1,0.39,25,2.32946739551855,3.47008841924007,-7.14701975526256,-3.07233917843011,"MDAMB231 R3","TBF","FLUVA"
"3789",1,0.39,50,29.71069644052,29.9053995866893,26.1416756804174,31.1825330923656,"MDAMB231 R3","TBF","FLUVA"
"3790",1,1.56,12.5,0.616486646499048,-0.936220138462339,-3.08431402281194,-3.39959947247594,"MDAMB231 R3","TBF","FLUVA"
"3791",1,1.56,50,24.9784468831874,24.681905953077,25.6266711772076,25.3113857275436,"MDAMB231 R3","TBF","FLUVA"
"3792",1,6.25,0.78,0.478062169614276,0.93433820645329,-0.251284199709843,0.136765496019152,"MDAMB231 R3","TBF","FLUVA"
"3793",1,6.25,3.125,0.787633522598327,2.6273951482643,1.5755120685459,1.9635617642749,"MDAMB231 R3","TBF","FLUVA"
"3794",1,6.25,12.5,1.09334553171185,2.19758196597044,1.15056213448641,1.5386118302154,"MDAMB231 R3","TBF","FLUVA"
"3795",1,6.25,50,2.93154997851734,4.21299038449888,1.119958900933,4.3813803546134,"MDAMB231 R3","TBF","FLUVA"
"3796",1,25,0.78,1.92041750564192,2.34207034981073,2.0292353023443,1.76329800224686,"MDAMB231 R3","TBF","FLUVA"
"3797",1,25,1.56,0.575313200215163,-0.0990963173875912,-0.184934130641778,-0.312606848043771,"MDAMB231 R3","TBF","FLUVA"
"3798",1,25,3.125,1.13672256003024,0.520797962361982,0.281086220728724,0.0390758560054678,"MDAMB231 R3","TBF","FLUVA"
"3799",1,25,6.25,1.47004107730356,1.38104845653076,0.936535250266914,0.718018854100521,"MDAMB231 R3","TBF","FLUVA"
"3800",1,25,12.5,0.257343204315674,-0.352168933439998,-0.702689222714255,-0.830361940116248,"MDAMB231 R3","TBF","FLUVA"
"3801",1,25,25,0.777961747479537,-0.678182638395143,-1.17648397678059,-1.30415669418258,"MDAMB231 R3","TBF","FLUVA"
"3802",1,25,50,0.299633392091536,-1.37750695060501,-1.12763915677375,-1.25531187417575,"MDAMB231 R3","TBF","FLUVA"
"3803",1,0.39,50,2.75791426037958,2.60523609237399,8.19671790163736,2.61457109283197,"MDAMB361 R1","TBF","FLUVA"
"3804",1,1.56,0.78,0.0319613525053031,-7.3262521960984,-12.5201839984013,-7.53035644339991,"MDAMB361 R1","TBF","FLUVA"
"3805",1,1.56,3.125,0.610222459990275,-3.29230650974891,-8.31924392789606,-3.32941637289463,"MDAMB361 R1","TBF","FLUVA"
"3806",1,1.56,6.25,0.528329147728976,-3.97006781726803,-8.50529954873429,-3.51547199373286,"MDAMB361 R1","TBF","FLUVA"
"3807",1,1.56,12.5,1.46206132323354,-0.323612390298638,-6.38034851073977,-1.39052095573834,"MDAMB361 R1","TBF","FLUVA"
"3808",1,1.56,25,1.98610392106034,2.26655824833158,-10.6505991530587,4.81786133960047,"MDAMB361 R1","TBF","FLUVA"
"3809",1,1.56,50,11.5414260976164,11.4410599865691,18.6941718773522,13.1120250685468,"MDAMB361 R1","TBF","FLUVA"
"3810",1,6.25,0.78,1.4798221214185,4.3737301139079,4.63610272310276,4.18135526831178,"MDAMB361 R1","TBF","FLUVA"
"3811",1,6.25,12.5,1.20382590688722,4.04124012379006,-6.9882411428746,3.03564433999216,"MDAMB361 R1","TBF","FLUVA"
"3812",1,6.25,50,11.9696517456673,10.7979297567634,19.7811283990913,14.1989815902859,"MDAMB361 R1","TBF","FLUVA"
"3813",1,25,0.78,0.0274545022606674,-0.20135025435696,-5.83579287000384,-0.293772032902467,"MDAMB361 R1","TBF","FLUVA"
"3814",1,25,6.25,1.6682653364705,2.21287456413651,-3.1232977662044,2.41872307089698,"MDAMB361 R1","TBF","FLUVA"
"3815",1,25,12.5,2.84014921877131,3.01934572645499,-13.4844218907012,2.53623188405796,"MDAMB361 R1","TBF","FLUVA"
"3816",1,25,25,10.9446917501783,10.9677203259562,-3.89766121698395,12.1229925577752,"MDAMB361 R1","TBF","FLUVA"
"3817",1,25,50,1.08130664068135,2.03800943691354,15.2856525315472,20.1821386603995,"MDAMB361 R1","TBF","FLUVA"
"3818",1,0.39,0.78,6.19375718811127,-1.42055595190689,-39.5381279921664,-4.38908659549229,"MDAMB361 R1","TBF","FLUVA"
"3819",1,0.39,1.56,3.89650963577672,0.956437941468531,-41.7326712899125,-6.58362989323842,"MDAMB361 R1","TBF","FLUVA"
"3820",1,0.39,3.125,3.87394070736123,5.97892833796211,-37.4622086564605,-2.31316725978648,"MDAMB361 R1","TBF","FLUVA"
"3821",1,0.39,6.25,2.30526138779247,2.44189544424262,-42.9386815706559,-7.78964017398181,"MDAMB361 R1","TBF","FLUVA"
"3822",1,0.39,12.5,6.19873775371284,-6.58648331001348,-38.8461548802644,-6.6824831949387,"MDAMB361 R1","TBF","FLUVA"
"3823",1,0.39,25,1.63767113638309,1.3152140586359,-24.2949488699837,1.22578094108341,"MDAMB361 R1","TBF","FLUVA"
"3824",1,0.39,50,4.54029936474457,4.24854995613555,11.1750683060078,4.23092131277184,"MDAMB361 R1","TBF","FLUVA"
"3825",1,1.56,0.78,2.57873304196912,4.92294133015498,-40.6452849712095,-2.62949782522739,"MDAMB361 R1","TBF","FLUVA"
"3826",1,1.56,1.56,0.295420635421022,3.49833978049173,-46.9718962800272,-4.58679319889285,"MDAMB361 R1","TBF","FLUVA"
"3827",1,1.56,3.125,1.59679566866427,12.3711604150259,-38.9054668612846,3.47963621984972,"MDAMB361 R1","TBF","FLUVA"
"3828",1,1.56,6.25,0.169436938477768,11.8806150747025,-41.4756527054918,0.90945037564255,"MDAMB361 R1","TBF","FLUVA"
"3829",1,1.56,12.5,5.35454939524496,2.2398383574576,-37.0470247893194,-4.88335310399367,"MDAMB361 R1","TBF","FLUVA"
"3830",1,1.56,25,6.65180879970973,17.0946166422836,-15.0620504911778,10.4586793198893,"MDAMB361 R1","TBF","FLUVA"
"3831",1,1.56,50,5.06695843846646,6.58681164838212,12.2229133040307,5.27876631079478,"MDAMB361 R1","TBF","FLUVA"
"3832",1,6.25,0.78,6.57776073871645,6.01506510246267,-30.1075230099599,3.1039936733887,"MDAMB361 R1","TBF","FLUVA"
"3833",1,6.25,1.56,3.80117722422954,4.9623302080211,-35.6433079051755,-2.43179122182683,"MDAMB361 R1","TBF","FLUVA"
"3834",1,6.25,3.125,6.39313775483713,9.49576842201048,-31.8473411198848,1.36417556346382,"MDAMB361 R1","TBF","FLUVA"
"3835",1,6.25,6.25,4.43354334771522,8.64954663507115,-34.5954629071525,-1.38394622380389,"MDAMB361 R1","TBF","FLUVA"
"3836",1,6.25,12.5,6.47518971474042,3.29546184778515,-27.0826119779315,5.08105970739423,"MDAMB361 R1","TBF","FLUVA"
"3837",1,6.25,25,4.26986017445036,3.75370494669895,-20.1035688778919,5.41716093317517,"MDAMB361 R1","TBF","FLUVA"
"3838",1,6.25,50,3.7806235693461,4.0414231685872,11.3134629283882,4.36931593515223,"MDAMB361 R1","TBF","FLUVA"
"3839",1,25,0.78,1.87589617371322,-0.360093379432058,-33.7834133072781,-2.03637801502571,"MDAMB361 R1","TBF","FLUVA"
"3840",1,25,1.56,1.04212751469244,0.560649490817546,-35.4441487758427,-3.69711348359035,"MDAMB361 R1","TBF","FLUVA"
"3841",1,25,3.125,1.13248685271152,1.42026279264915,-35.0091942483615,-3.26215895610914,"MDAMB361 R1","TBF","FLUVA"
"3842",1,25,6.25,1.90915453719455,3.84006966402073,-33.6845600055778,-1.93752471332543,"MDAMB361 R1","TBF","FLUVA"
"3843",1,25,12.5,6.42464247539822,4.06236646595811,-26.0530851143164,5.69395017793594,"MDAMB361 R1","TBF","FLUVA"
"3844",1,25,25,15.8593074282385,16.5194303610737,-9.84114363547106,21.9058916567813,"MDAMB361 R1","TBF","FLUVA"
"3845",1,0.39,0.78,0.647664928347761,-0.908538123778552,-24.1155872469692,-12.9250367466928,"MDAMB361 R1","TBF","FLUVA"
"3846",1,0.39,3.125,1.36204975768324,-4.71626127876812,-26.44777734986,-15.2572268495835,"MDAMB361 R1","TBF","FLUVA"
"3847",1,0.39,6.25,0.543146548500971,4.49630684634759,-18.8926573106635,-7.70210681038705,"MDAMB361 R1","TBF","FLUVA"
"3848",1,0.39,12.5,3.83713957424127,-3.5562684708695,-19.6079929304577,-8.4174424301813,"MDAMB361 R1","TBF","FLUVA"
"3849",1,1.56,0.78,5.17596456434896,-11.2564807530869,-22.0675715683803,-21.9794218520333,"MDAMB361 R1","TBF","FLUVA"
"3850",1,1.56,1.56,3.65133856780948,-9.07888530110682,-22.6947151254602,-22.6065654091132,"MDAMB361 R1","TBF","FLUVA"
"3851",1,1.56,3.125,5.8895405346546,-11.0249142937253,-20.5193109118394,-20.4311611954924,"MDAMB361 R1","TBF","FLUVA"
"3852",1,1.56,6.25,5.07078283092548,-13.5145307573959,-24.4879537339854,-24.3998040176384,"MDAMB361 R1","TBF","FLUVA"
"3853",1,1.56,12.5,8.36726867671998,-25.3338534563736,-29.759879260688,-29.671729544341,"MDAMB361 R1","TBF","FLUVA"
"3854",1,1.56,25,3.98241381710765,-0.00668702188187487,-4.36056519895356,-4.27241548260656,"MDAMB361 R1","TBF","FLUVA"
"3855",1,6.25,0.78,3.41861589931417,4.29653350796666,-7.56487681090849,-6.5360117589417,"MDAMB361 R1","TBF","FLUVA"
"3856",1,6.25,12.5,0.559804360348776,-11.0709936742636,-24.9965610463655,-15.453209211171,"MDAMB361 R1","TBF","FLUVA"
"3857",1,25,1.56,1.85654092180393,2.00120940609709,-9.46022475182289,-4.70357667809898,"MDAMB361 R1","TBF","FLUVA"
"3858",1,25,25,10.4423225384323,10.5414840934772,-47.4163272248294,8.42724154826065,"MDAMB361 R1","TBF","FLUVA"
"3859",1,25,50,7.09488217506366,7.04879706343331,-138.76024949036,26.5752082312592,"MDAMB361 R1","TBF","FLUVA"
"3860",1,0.39,0.78,0.797289048250835,-0.520958086829033,-2.85100797494085,-4.14925663200856,"MDAMB361 R2","TBF","FLUVA"
"3861",1,0.39,1.56,1.00613380868985,-0.427414535151647,-2.38458099991413,-4.04236711689826,"MDAMB361 R2","TBF","FLUVA"
"3862",1,0.39,6.25,0.641813339896344,-3.42458422588518,-6.07712788554236,-7.06442522592559,"MDAMB361 R2","TBF","FLUVA"
"3863",1,0.39,50,4.41193126853322,5.29475368515581,4.13278570508614,3.86745700126323,"MDAMB361 R2","TBF","FLUVA"
"3864",1,1.56,0.78,1.51620717720574,-4.73463774467156,-2.69553231659861,-3.99378097366632,"MDAMB361 R2","TBF","FLUVA"
"3865",1,1.56,1.56,2.07879780462536,0.680583703377562,3.07650149935707,1.41871538237294,"MDAMB361 R2","TBF","FLUVA"
"3866",1,1.56,3.125,1.01120302190066,1.63270592354647,-1.08247236129786,-0.884267806821512,"MDAMB361 R2","TBF","FLUVA"
"3867",1,1.56,6.25,1.38774727980337,-5.56295901594757,-3.83244806822623,-4.81974540860946,"MDAMB361 R2","TBF","FLUVA"
"3868",1,1.56,12.5,1.00130380050377,6.71686929494645,-0.89712585438317,1.92401127198522,"MDAMB361 R2","TBF","FLUVA"
"3869",1,1.56,25,3.67252640122379,4.33190483808735,-10.629833563583,5.07239335341559,"MDAMB361 R2","TBF","FLUVA"
"3870",1,1.56,50,11.271843255678,11.0096993729673,11.5664656195745,11.3011369157516,"MDAMB361 R2","TBF","FLUVA"
"3871",1,6.25,0.78,2.01334866828074,1.97487871192399,2.99192309207267,3.99378097366632,"MDAMB361 R2","TBF","FLUVA"
"3872",1,6.25,1.56,0.694754698899557,-1.01933926792147,0.319685214315415,1.32154309590906,"MDAMB361 R2","TBF","FLUVA"
"3873",1,6.25,3.125,1.22433430205578,4.87548232169269,0.290893109692881,2.60421727723255,"MDAMB361 R2","TBF","FLUVA"
"3874",1,6.25,6.25,0.873551149944733,-0.069069657081549,-3.26489341225263,1.67136332717908,"MDAMB361 R2","TBF","FLUVA"
"3875",1,6.25,12.5,2.49863438638851,8.34790862549314,-7.47065550955633,4.02293265960547,"MDAMB361 R2","TBF","FLUVA"
"3876",1,6.25,25,4.09397593005939,3.69990350096045,-31.9605973007729,5.7623165873093,"MDAMB361 R2","TBF","FLUVA"
"3877",1,6.25,50,16.1687235428949,16.2146628816152,20.496598745607,20.2312700417841,"MDAMB361 R2","TBF","FLUVA"
"3878",1,25,0.78,1.27802114809491,1.46157278921411,1.77977804739319,2.46817607618307,"MDAMB361 R2","TBF","FLUVA"
"3879",1,25,1.56,0.171143495538999,-0.914491211205281,-1.74721636992975,0.252647944806149,"MDAMB361 R2","TBF","FLUVA"
"3880",1,25,12.5,2.17709065055916,4.44965317444279,-4.95246349797191,2.29326596054806,"MDAMB361 R2","TBF","FLUVA"
"3881",1,25,25,12.1165782527459,12.0996785779469,5.88224644275299,13.127975901273,"MDAMB361 R2","TBF","FLUVA"
"3882",1,25,50,3.33222642981768,3.33132678054146,23.5676025791829,24.613740161306,"MDAMB361 R2","TBF","FLUVA"
"3883",1,0.39,0.78,0.110635545075273,-3.98390342052317,-11.6177130401839,-10.4225352112676,"MDAMB361 R2","TBF","FLUVA"
"3884",1,0.39,1.56,2.22483941548448,-2.23340040241451,-5.1388398007473,-3.94366197183098,"MDAMB361 R2","TBF","FLUVA"
"3885",1,0.39,3.125,0.716069729905444,-5.79476861167006,-11.7183166619143,-10.523138832998,"MDAMB361 R2","TBF","FLUVA"
"3886",1,0.39,6.25,0.553035921550117,2.05231388329978,-4.57545951905715,-3.38028169014083,"MDAMB361 R2","TBF","FLUVA"
"3887",1,0.39,12.5,1.35854432739172,0.74446680080482,-3.89135489129055,-2.69617706237423,"MDAMB361 R2","TBF","FLUVA"
"3888",1,0.39,25,5.7091122034092,11.1468812877263,9.54969598212342,11.1468812877264,"MDAMB361 R2","TBF","FLUVA"
"3889",1,0.39,50,3.54232150849711,3.64185110663983,4.04229012265395,3.64185110663983,"MDAMB361 R2","TBF","FLUVA"
"3890",1,1.56,0.78,2.51179910158195,1.70022144942081,-3.10664664179361,-4.56740442655939,"MDAMB361 R2","TBF","FLUVA"
"3891",1,1.56,1.56,3.55283049247502,-5.07560453262843,-5.27968487116987,-6.74044265593565,"MDAMB361 R2","TBF","FLUVA"
"3892",1,1.56,3.125,2.08036620444033,-2.6406730119146,-5.78270297982177,-7.24346076458755,"MDAMB361 R2","TBF","FLUVA"
"3893",1,1.56,6.25,2.68035835859409,2.06899343748606,-1.75855811060645,-3.21931589537223,"MDAMB361 R2","TBF","FLUVA"
"3894",1,1.56,12.5,3.5157347700002,2.48407143059561,0.595566637884469,-0.865191146881315,"MDAMB361 R2","TBF","FLUVA"
"3895",1,1.56,25,7.1667080896914,8.06832139719604,4.05472871640327,10.5030181086519,"MDAMB361 R2","TBF","FLUVA"
"3896",1,1.56,50,5.8433626964285,5.43189114566675,6.25556980072237,5.85513078470825,"MDAMB361 R2","TBF","FLUVA"
"3897",1,6.25,0.78,6.22674939587194,13.3685412272427,5.26357468617423,6.90140845070422,"MDAMB361 R2","TBF","FLUVA"
"3898",1,6.25,1.56,2.98978410027787,2.34157459849637,-1.01409130980163,0.623742454728358,"MDAMB361 R2","TBF","FLUVA"
"3899",1,6.25,3.125,4.31401148966084,7.7674092846819,1.38027488738147,3.01810865191146,"MDAMB361 R2","TBF","FLUVA"
"3900",1,6.25,6.25,5.91846512303502,9.36006380334316,2.26558675860883,3.90342052313882,"MDAMB361 R2","TBF","FLUVA"
"3901",1,6.25,12.5,9.29583157963799,10.377403252513,4.31347459319116,6.9215291750503,"MDAMB361 R2","TBF","FLUVA"
"3902",1,6.25,25,15.3433078639829,13.0415976745786,-20.9786573881286,12.635814889336,"MDAMB361 R2","TBF","FLUVA"
"3903",1,6.25,50,6.63683051531106,7.25363853138954,7.58353760756341,7.1830985915493,"MDAMB361 R2","TBF","FLUVA"
"3904",1,25,0.78,2.61428422857942,4.57618953155551,-0.323525582143013,0.885311871227366,"MDAMB361 R2","TBF","FLUVA"
"3905",1,25,1.56,2.63476906728162,1.56389038456087,-1.5955572646633,0.583501006036222,"MDAMB361 R2","TBF","FLUVA"
"3906",1,25,3.125,3.50703727338907,4.05857681299062,-1.80119055684153,1.34808853118713,"MDAMB361 R2","TBF","FLUVA"
"3907",1,25,6.25,5.37590931095566,5.54878567177713,-1.68489225948255,2.43460764587525,"MDAMB361 R2","TBF","FLUVA"
"3908",1,25,12.5,14.3703803964519,15.2721115424944,8.21007807006961,13.2997987927565,"MDAMB361 R2","TBF","FLUVA"
"3909",1,25,25,21.1610738060687,21.2410236064273,19.9561550394608,26.0160965794769,"MDAMB361 R2","TBF","FLUVA"
"3910",1,0.39,0.78,19.5431045531387,45.6270749925756,-17.572246537052,-2.96956198960655,"MDAMB361 R2","TBF","FLUVA"
"3911",1,0.39,1.56,18.7195354383772,48.1181205673076,-17.3389238092973,-1.08176901049956,"MDAMB361 R2","TBF","FLUVA"
"3912",1,0.39,3.125,17.0084201226571,48.0357223419722,-22.1538564638736,-4.36949835613532,"MDAMB361 R2","TBF","FLUVA"
"3913",1,0.39,6.25,19.5845610917269,50.5242101602522,-13.0224533458335,1.83476508643545,"MDAMB361 R2","TBF","FLUVA"
"3914",1,0.39,12.5,20.499350875702,50.2146575169172,-13.245170495054,1.54841446600912,"MDAMB361 R2","TBF","FLUVA"
"3915",1,0.39,25,28.4436880932649,54.750784595166,-5.80005436396905,6.86180931169793,"MDAMB361 R2","TBF","FLUVA"
"3916",1,0.39,50,12.0851618746363,19.3405294022709,-1.61019444922528,-0.965107646622123,"MDAMB361 R2","TBF","FLUVA"
"3917",1,1.56,0.78,26.8447783617014,28.1250258348586,-15.5677921940677,-12.4191324636759,"MDAMB361 R2","TBF","FLUVA"
"3918",1,1.56,1.56,26.0166051605985,26.258963662548,-19.4494339376248,-16.300774207233,"MDAMB361 R2","TBF","FLUVA"
"3919",1,1.56,3.125,24.2827091557149,20.2919675615744,-29.6413949090958,-26.492735178704,"MDAMB361 R2","TBF","FLUVA"
"3920",1,1.56,6.25,26.7166266256199,18.0522536145771,-25.9506535791562,-22.8019938487645,"MDAMB361 R2","TBF","FLUVA"
"3921",1,1.56,12.5,26.7498140080951,28.4212261796698,-15.5041587228618,-12.3554989924701,"MDAMB361 R2","TBF","FLUVA"
"3922",1,1.56,25,36.9380971796342,47.4490040558661,6.12061590859434,9.2692756389861,"MDAMB361 R2","TBF","FLUVA"
"3923",1,1.56,50,24.6145374287253,31.1496234547211,18.3495043523443,18.9945911549475,"MDAMB361 R2","TBF","FLUVA"
"3924",1,6.25,0.78,29.4392146400112,30.8458746914621,-7.30746782796128,-6.04517976455615,"MDAMB361 R2","TBF","FLUVA"
"3925",1,6.25,1.56,30.3880724657691,34.5782453635519,-5.40906927031995,-4.14678120691482,"MDAMB361 R2","TBF","FLUVA"
"3926",1,6.25,3.125,21.6979291364557,21.0399898472591,-24.3066795073897,-21.5293244246474,"MDAMB361 R2","TBF","FLUVA"
"3927",1,6.25,6.25,24.0242529389126,20.2997285640016,-24.1960315888396,-16.8734754480857,"MDAMB361 R2","TBF","FLUVA"
"3928",1,6.25,12.5,32.0954971581483,36.3708817042028,-17.1447431756445,-0.731784918867305,"MDAMB361 R2","TBF","FLUVA"
"3929",1,6.25,25,36.3661576220012,35.4078155386539,-38.4708120991738,0.668151447661458,"MDAMB361 R2","TBF","FLUVA"
"3930",1,25,0.78,13.1767622800122,10.0269316907273,-10.3493005604445,-11.4540248170538,"MDAMB361 R2","TBF","FLUVA"
"3931",1,25,1.56,14.8884333790202,14.5204204965105,-6.92369869386273,-8.02842295047195,"MDAMB361 R2","TBF","FLUVA"
"3932",1,25,3.125,15.6809481718032,18.3497125915212,-5.33286191371637,-6.43758617032559,"MDAMB361 R2","TBF","FLUVA"
"3933",1,25,6.25,15.6822389483079,15.1864494787255,-5.35407307078499,-6.45879732739421,"MDAMB361 R2","TBF","FLUVA"
"3934",1,25,12.5,19.7476382627602,22.5904930352258,2.09104306029995,0.986318803690736,"MDAMB361 R2","TBF","FLUVA"
"3935",1,25,25,39.5999792046709,41.5242446798413,20.8856589341646,21.2960016968926,"MDAMB361 R2","TBF","FLUVA"
"3936",1,25,50,24.570304840195,25.2549250280979,44.3543829184701,44.9994697210733,"MDAMB361 R2","TBF","FLUVA"
"3937",1,0.39,0.78,0.0480239380411627,0.317863762998158,-9.73976830601894,-4.84038142620234,"MDAMB361 R3","TBF","FLUVA"
"3938",1,0.39,1.56,0.0724286150713382,0.847012175166185,-9.50137692956786,-4.60199004975127,"MDAMB361 R3","TBF","FLUVA"
"3939",1,0.39,3.125,0.436183976675411,7.01919850718768,-2.36000047848991,2.53938640132668,"MDAMB361 R3","TBF","FLUVA"
"3940",1,0.39,6.25,1.54374029385543,-0.0165356193053672,-6.96199052824116,-3.99046434494197,"MDAMB361 R3","TBF","FLUVA"
"3941",1,0.39,12.5,0.359591719476394,9.17079713373432,-2.02832551994928,2.87106135986731,"MDAMB361 R3","TBF","FLUVA"
"3942",1,0.39,25,2.07240834486598,4.36646060741071,-6.30459975836529,0.342039800995039,"MDAMB361 R3","TBF","FLUVA"
"3943",1,0.39,50,16.4950202834673,18.5656673789703,13.6972287447996,16.8117744610282,"MDAMB361 R3","TBF","FLUVA"
"3944",1,1.56,0.78,1.00798997151612,-4.03612315186092,-7.91115033879647,-8.7893864013267,"MDAMB361 R3","TBF","FLUVA"
"3945",1,1.56,1.56,2.00858458589055,-0.866038020923558,-5.00899445156595,-5.88723051409617,"MDAMB361 R3","TBF","FLUVA"
"3946",1,1.56,3.125,1.91818080660954,-3.43823997755829,-6.68809892917789,-7.56633499170812,"MDAMB361 R3","TBF","FLUVA"
"3947",1,1.56,6.25,2.33449907731547,-6.67593185605965,-7.68312380479977,-8.56135986733,"MDAMB361 R3","TBF","FLUVA"
"3948",1,1.56,12.5,3.2110451216372,3.44194953404621,-3.86445608633352,-2.36318407960198,"MDAMB361 R3","TBF","FLUVA"
"3949",1,1.56,25,7.26541139591517,8.15278976696123,-1.23333955487366,5.02694859038144,"MDAMB361 R3","TBF","FLUVA"
"3950",1,1.56,50,17.1058001725091,16.0969419589449,10.1405343309859,18.014096185738,"MDAMB361 R3","TBF","FLUVA"
"3951",1,6.25,0.78,2.82609331426008,4.13289391042303,-0.934312575652603,-0.114013266998342,"MDAMB361 R3","TBF","FLUVA"
"3952",1,6.25,1.56,1.73402925261916,2.08165098017378,-3.22494275807383,-2.40464344941957,"MDAMB361 R3","TBF","FLUVA"
"3953",1,6.25,3.125,1.01517026679676,-0.0119118338654616,-4.52054806487316,-3.7002487562189,"MDAMB361 R3","TBF","FLUVA"
"3954",1,6.25,12.5,2.48774770412778,2.24310854001141,-10.9024387734877,-2.94361525704809,"MDAMB361 R3","TBF","FLUVA"
"3955",1,6.25,25,5.02240543651464,3.93298394532316,-18.716231192765,1.14013266998342,"MDAMB361 R3","TBF","FLUVA"
"3956",1,6.25,50,13.5296451114073,12.3776136419891,1.49314882010793,18.8847429519071,"MDAMB361 R3","TBF","FLUVA"
"3957",1,25,0.78,0.550265527744564,-0.115088640888978,-3.813395855922,-2.38391376451079,"MDAMB361 R3","TBF","FLUVA"
"3958",1,25,1.56,0.307612093116987,-0.495078074937638,-4.32127313618734,-2.89179104477613,"MDAMB361 R3","TBF","FLUVA"
"3959",1,25,3.125,1.41667158645658,1.17232728012783,-4.60708302966139,-0.798092868988398,"MDAMB361 R3","TBF","FLUVA"
"3960",1,25,6.25,1.77745716386975,0.402439072602704,-6.68601066774572,-0.497512437810954,"MDAMB361 R3","TBF","FLUVA"
"3961",1,25,12.5,4.60049370083793,6.75100283718226,-6.96741486597075,3.98009950248755,"MDAMB361 R3","TBF","FLUVA"
"3962",1,25,25,8.82280564302776,8.71632006324101,-15.6207595240541,7.22429519071309,"MDAMB361 R3","TBF","FLUVA"
"3963",1,25,50,1.02241982954695,1.93027357339889,4.21754893365735,26.3681592039801,"MDAMB361 R3","TBF","FLUVA"
"3964",1,0.39,0.78,4.53696147502542,17.1950482006707,-6.82223072384058,1.31814119749777,"MDAMB361 R3","TBF","FLUVA"
"3965",1,0.39,1.56,7.58539728416429,1.87808316981607,-14.6193710276833,-13.0697050938338,"MDAMB361 R3","TBF","FLUVA"
"3966",1,0.39,3.125,0.119103709580649,17.1628089359116,-16.7194603931882,-7.10455764075068,"MDAMB361 R3","TBF","FLUVA"
"3967",1,0.39,6.25,2.65329592408306,17.4179877827212,-10.7543129401051,-1.13941018766756,"MDAMB361 R3","TBF","FLUVA"
"3968",1,0.39,12.5,9.58279028750907,8.57458126391093,-5.70516191240181,-6.09919571045579,"MDAMB361 R3","TBF","FLUVA"
"3969",1,0.39,25,11.5822470560733,23.3525630889319,6.67073530512934,8.73547810545131,"MDAMB361 R3","TBF","FLUVA"
"3970",1,0.39,50,6.28038936337398,8.37308461132395,6.63520412202159,5.85344057193923,"MDAMB361 R3","TBF","FLUVA"
"3971",1,1.56,0.78,9.95923700257431,14.2070238970867,0.304668293138858,0.938337801608569,"MDAMB361 R3","TBF","FLUVA"
"3972",1,1.56,1.56,12.0718145707098,-1.09889023855555,-8.073347792652,-7.43967828418229,"MDAMB361 R3","TBF","FLUVA"
"3973",1,1.56,3.125,5.25407804724062,15.5430292110999,-7.44778925824629,-6.81411974977658,"MDAMB361 R3","TBF","FLUVA"
"3974",1,1.56,6.25,7.00024907247949,10.3718890781617,-7.35842375333118,-6.72475424486147,"MDAMB361 R3","TBF","FLUVA"
"3975",1,1.56,12.5,12.6600986738318,3.82847633012047,-1.10283840927399,-1.49687220732797,"MDAMB361 R3","TBF","FLUVA"
"3976",1,1.56,25,15.6705331582181,18.4415033290447,8.21106505170423,13.1367292225201,"MDAMB361 R3","TBF","FLUVA"
"3977",1,1.56,50,6.18124399867264,6.56678733804998,6.43413173596261,5.65236818588025,"MDAMB361 R3","TBF","FLUVA"
"3978",1,6.25,0.78,12.9904552721758,17.2264039927773,0.304668293138858,3.61930294906166,"MDAMB361 R3","TBF","FLUVA"
"3979",1,6.25,1.56,10.7322129984857,-0.199904405264135,-10.0170475245555,-8.46738159070597,"MDAMB361 R3","TBF","FLUVA"
"3980",1,6.25,3.125,8.14860506261123,17.0962639788334,-9.14573385163324,-5.83109919571044,"MDAMB361 R3","TBF","FLUVA"
"3981",1,6.25,6.25,7.18305360636172,11.5228592808752,-9.32446486146346,-6.00983020554065,"MDAMB361 R3","TBF","FLUVA"
"3982",1,6.25,12.5,12.9781131444415,9.07660336809722,1.35471297589131,0.960679177837335,"MDAMB361 R3","TBF","FLUVA"
"3983",1,6.25,25,22.7236479928791,21.3330045018173,-11.7036776606092,13.248436103664,"MDAMB361 R3","TBF","FLUVA"
"3984",1,6.25,50,5.33974883115934,5.37035572901567,4.75852851880443,3.97676496872207,"MDAMB361 R3","TBF","FLUVA"
"3985",1,25,0.78,7.61232784860392,9.87216799596857,-0.294585686968468,1.83199285075961,"MDAMB361 R3","TBF","FLUVA"
"3986",1,25,1.56,8.05304618229289,5.47312805621642,-0.495658073027457,1.63092046470062,"MDAMB361 R3","TBF","FLUVA"
"3987",1,25,3.125,9.80817480531629,17.2113250612341,1.53740716379113,3.66398570151921,"MDAMB361 R3","TBF","FLUVA"
"3988",1,25,6.25,12.4924628675346,15.7440017697405,0.396771762912955,5.38427167113494,"MDAMB361 R3","TBF","FLUVA"
"3989",1,25,12.5,20.2605748645484,16.8579609570973,9.2662981257369,14.2537980339589,"MDAMB361 R3","TBF","FLUVA"
"3990",1,25,25,29.0259833761065,29.8279085117649,19.6314714826782,27.4798927613941,"MDAMB361 R3","TBF","FLUVA"
"3991",1,0.39,0.78,2.9519967758108,-16.0927860766638,-22.0068221625488,-20.2958093672966,"MDAMB361 R3","TBF","FLUVA"
"3992",1,0.39,3.125,0.363414937609417,-8.51924664891845,-19.3157786128364,-17.6047658175842,"MDAMB361 R3","TBF","FLUVA"
"3993",1,0.39,12.5,1.05817890204347,-32.6178554259737,-41.3371426226967,-39.6261298274445,"MDAMB361 R3","TBF","FLUVA"
"3994",1,1.56,0.78,6.7712445636016,-12.244518644727,-10.359328325244,-16.1154478225144,"MDAMB361 R3","TBF","FLUVA"
"3995",1,1.56,1.56,3.37371680078801,-17.3849929848915,-21.2570275857205,-27.0131470829909,"MDAMB361 R3","TBF","FLUVA"
"3996",1,1.56,3.125,4.0970197059002,-17.3924220624149,-20.0039462381445,-25.7600657354149,"MDAMB361 R3","TBF","FLUVA"
"3997",1,1.56,6.25,0.353872789978358,-1.10455887526002,-13.8001664517846,-19.556285949055,"MDAMB361 R3","TBF","FLUVA"
"3998",1,1.56,12.5,4.79876678376543,-13.6050441600741,-14.3034532225324,-20.0595727198028,"MDAMB361 R3","TBF","FLUVA"
"3999",1,1.56,25,0.727553728167386,-13.607757535165,-8.53106209681341,-14.2871815940838,"MDAMB361 R3","TBF","FLUVA"
"4000",1,6.25,0.78,4.86281989565155,-2.56910308057114,-8.16130038769262,-6.7584223500411,"MDAMB361 R3","TBF","FLUVA"
"4001",1,6.25,3.125,0.920612238652907,-5.549691814604,-16.0084655479227,-14.6055875102712,"MDAMB361 R3","TBF","FLUVA"
"4002",1,6.25,6.25,3.00965600313084,5.12758686344979,-16.2447021954165,-14.841824157765,"MDAMB361 R3","TBF","FLUVA"
"4003",1,6.25,12.5,3.40611999926419,-1.8375014094359,-10.225803263617,-8.8229252259655,"MDAMB361 R3","TBF","FLUVA"
"4004",1,25,0.78,2.26041160798,-2.9610296460915,-9.74247628891224,-5.4026294165982,"MDAMB361 R3","TBF","FLUVA"
"4005",1,25,3.125,3.56446709343393,2.48416030366845,-16.8800069895856,-2.79375513557929,"MDAMB361 R3","TBF","FLUVA"
"4006",1,25,6.25,4.25118488590431,10.775702878085,-24.6954341569803,-0.86277732128184,"MDAMB361 R3","TBF","FLUVA"
"4007",1,25,12.5,4.2727388459737,3.15707943614461,-24.7467899499138,-0.914133114215289,"MDAMB361 R3","TBF","FLUVA"
"4008",1,25,25,13.2957507234607,13.3188527158057,-14.1911544699684,12.8903040262942,"MDAMB361 R3","TBF","FLUVA"
"4009",1,25,50,16.7705512734487,17.226187749352,16.4271692769502,40.7354149548069,"MDAMB361 R3","TBF","FLUVA"
"4010",1,0.39,1.56,1.31378123520517,-22.0730292990611,-8.85386328102871,-19.632663191859,"MDAMB436 R1","TBF","FLUVA"
"4011",1,0.39,6.25,1.59969882188597,-8.28556905103671,0.143208939247526,-5.8699429138744,"MDAMB436 R1","TBF","FLUVA"
"4012",1,0.39,25,2.10677229989688,-5.4743852293015,-9.27659450416799,-3.20178704393147,"MDAMB436 R1","TBF","FLUVA"
"4013",1,0.39,50,13.4328473100802,14.6801890685679,11.8196616144649,16.2074956564904,"MDAMB436 R1","TBF","FLUVA"
"4014",1,1.56,25,2.33418881987738,4.45535381021721,-0.552938031971692,22.2015388433855,"MDAMB436 R1","TBF","FLUVA"
"4015",1,1.56,50,20.4888675523707,19.1731502821964,15.5919147668565,31.0995284189625,"MDAMB436 R1","TBF","FLUVA"
"4016",1,6.25,25,1.51087265363336,0.98977591168422,-2.56454789720928,8.55050881111939,"MDAMB436 R1","TBF","FLUVA"
"4017",1,6.25,50,6.99187240421824,7.10711544578055,4.68271047347649,21.3576569868454,"MDAMB436 R1","TBF","FLUVA"
"4018",1,0.39,1.56,1.09241565171467,-9.53414649080886,-7.5323913710549,-9.04120374420435,"MDAMB436 R1","TBF","FLUVA"
"4019",1,0.39,3.125,1.41447758144776,-5.83986894824042,-5.04354525085544,-6.5523576240049,"MDAMB436 R1","TBF","FLUVA"
"4020",1,0.39,6.25,2.07550667113407,-6.77784993193541,-5.24499965351135,-5.80439156679206,"MDAMB436 R1","TBF","FLUVA"
"4021",1,0.39,12.5,0.251533727768043,0.681967949232696,-3.33427231821948,-1.04540285189397,"MDAMB436 R1","TBF","FLUVA"
"4022",1,0.39,25,0.842210778191948,0.350398404699085,-7.83790962417305,4.89458490070861,"MDAMB436 R1","TBF","FLUVA"
"4023",1,0.39,50,8.94631042875896,8.21407852852089,12.6674857675897,12.4967194471175,"MDAMB436 R1","TBF","FLUVA"
"4024",1,1.56,6.25,0.278815387584075,0.980936491289526,1.77093464955292,1.78462076808678,"MDAMB436 R1","TBF","FLUVA"
"4025",1,1.56,12.5,0.0323472487178549,-0.0392015211770627,-1.47899973938942,-1.46531362085555,"MDAMB436 R1","TBF","FLUVA"
"4026",1,1.56,25,5.06952734344394,5.13644467360239,8.87442515781992,8.88811127635378,"MDAMB436 R1","TBF","FLUVA"
"4027",1,1.56,50,26.4129050357821,26.0519402333679,41.010721194912,41.0244073134459,"MDAMB436 R1","TBF","FLUVA"
"4028",1,6.25,12.5,2.175861983519,3.460388940161,3.4765977634522,2.97874201732132,"MDAMB436 R1","TBF","FLUVA"
"4029",1,6.25,25,5.56831840573525,5.51274292516577,7.27766503665664,6.77980929052576,"MDAMB436 R1","TBF","FLUVA"
"4030",1,6.25,50,13.3008932269702,14.569739202924,0.653850421734006,19.6264543784446,"MDAMB436 R1","TBF","FLUVA"
"4031",1,25,6.25,0.301976975735869,0.544914824093439,0.388182029182914,0.638614294462428,"MDAMB436 R1","TBF","FLUVA"
"4032",1,25,12.5,1.60731120082474,1.69719139826695,1.28049241322631,1.53092467850583,"MDAMB436 R1","TBF","FLUVA"
"4033",1,25,25,1.34620466167172,1.02354244824016,1.21050728506604,1.46093955034556,"MDAMB436 R1","TBF","FLUVA"
"4034",1,25,50,1.46637626158751,0.76511527583304,0.639601913060375,2.51071647274955,"MDAMB436 R1","TBF","FLUVA"
"4035",1,0.39,0.78,2.58689858325074,12.5650374303239,6.05293384979031,6.84162273664909,"MDAMB436 R1","TBF","FLUVA"
"4036",1,0.39,1.56,0.170589469395766,-5.54704540699144,-5.44145074796353,-4.65276186110475,"MDAMB436 R1","TBF","FLUVA"
"4037",1,0.39,50,14.4105277015362,14.3744179707161,14.7419303579472,19.2986477194591,"MDAMB436 R1","TBF","FLUVA"
"4038",1,1.56,0.78,2.21127310061584,2.23290164952094,-2.16714870070108,-1.87944075177631,"MDAMB436 R1","TBF","FLUVA"
"4039",1,1.56,25,9.06301943868103,9.57722800691685,7.98792934485179,21.4531285812514,"MDAMB436 R1","TBF","FLUVA"
"4040",1,1.56,50,27.7280390392074,27.7462864778407,36.5484896870826,48.2007792803117,"MDAMB436 R1","TBF","FLUVA"
"4041",1,6.25,12.5,1.01735513237314,0.221645892004673,1.23584184056175,1.34082053632821,"MDAMB436 R1","TBF","FLUVA"
"4042",1,6.25,25,7.0733151420897,6.29795150382419,10.7361856406993,10.8411643364657,"MDAMB436 R1","TBF","FLUVA"
"4043",1,6.25,50,8.79302950501835,8.69034762924473,18.6550488082445,18.760027504011,"MDAMB436 R1","TBF","FLUVA"
"4044",1,25,0.78,0.0539446111234412,-0.962164964283829,-1.54408191087612,-1.34082053632822,"MDAMB436 R1","TBF","FLUVA"
"4045",1,25,3.125,0.187502565506151,-0.138242379385886,-0.168881360795893,0.0343800137519992,"MDAMB436 R1","TBF","FLUVA"
"4046",1,0.39,50,19.3685526577217,15.2915985685963,22.7842779034028,23.5191026989134,"MDAMB436 R2","TBF","FLUVA"
"4047",1,1.56,50,24.4817866729752,22.3553326292045,27.9156092457802,40.6940063091483,"MDAMB436 R2","TBF","FLUVA"
"4048",1,6.25,25,8.27201440754409,11.5525614723426,12.0944491737123,15.3756279939245,"MDAMB436 R2","TBF","FLUVA"
"4049",1,6.25,50,15.2657378970994,14.1054577819538,19.5448085595942,27.6434162869494,"MDAMB436 R2","TBF","FLUVA"
"4050",1,0.39,1.56,0.413113534385753,-8.86533553755183,-4.76699618063037,-4.85292834075238,"MDAMB436 R2","TBF","FLUVA"
"4051",1,0.39,50,6.53379723547694,6.53707775305107,9.93763943971461,9.93715632364494,"MDAMB436 R2","TBF","FLUVA"
"4052",1,1.56,25,6.89425949138097,7.16345643236802,9.55732631896511,9.55747577899974,"MDAMB436 R2","TBF","FLUVA"
"4053",1,1.56,50,26.2570058048358,25.9813639272754,40.582027375088,40.5821768351226,"MDAMB436 R2","TBF","FLUVA"
"4054",1,6.25,12.5,2.91277752689791,3.4372086499509,4.05932572497564,3.53059265078117,"MDAMB436 R2","TBF","FLUVA"
"4055",1,6.25,25,14.7481185632169,14.4472279433764,15.9341620695685,15.405428995374,"MDAMB436 R2","TBF","FLUVA"
"4056",1,6.25,50,17.3402696805708,18.4294262880124,2.69919403527146,24.2733699921445,"MDAMB436 R2","TBF","FLUVA"
"4057",1,25,0.78,1.66913953574138,2.11074650680483,1.74285013500023,2.17334380727939,"MDAMB436 R2","TBF","FLUVA"
"4058",1,25,1.56,1.4080683699665,1.13500317214661,1.20169625527605,1.63218992755522,"MDAMB436 R2","TBF","FLUVA"
"4059",1,25,3.125,2.32873729511188,2.89528341716856,2.55458095458651,2.98507462686568,"MDAMB436 R2","TBF","FLUVA"
"4060",1,25,6.25,1.80408985628414,1.74349103149514,1.1405982365975,1.57109190887667,"MDAMB436 R2","TBF","FLUVA"
"4061",1,25,12.5,1.86294258004587,1.05999680077035,0.664906519743184,1.09540019202235,"MDAMB436 R2","TBF","FLUVA"
"4062",1,25,25,3.35387573355078,3.66483550878893,1.88742329809179,4.02810508859213,"MDAMB436 R2","TBF","FLUVA"
"4063",1,25,50,3.24732137229836,2.85560158762058,2.43213134478883,5.07113555031859,"MDAMB436 R2","TBF","FLUVA"
"4064",1,0.39,0.78,5.40901072895858,14.2944842745631,-1.02104067659956,4.21783897779433,"MDAMB436 R2","TBF","FLUVA"
"4065",1,0.39,1.56,8.5266405158382,19.5519045087928,0.827365228375005,6.0662448827689,"MDAMB436 R2","TBF","FLUVA"
"4066",1,0.39,3.125,6.46221194077658,22.3747990546158,-0.531869355365165,5.78092048132987,"MDAMB436 R2","TBF","FLUVA"
"4067",1,0.39,6.25,7.9121070286372,14.2003810696571,-1.33286054498551,6.05383947401067,"MDAMB436 R2","TBF","FLUVA"
"4068",1,0.39,12.5,11.6678344311243,18.705812848904,-4.85400555151663,7.90224537898526,"MDAMB436 R2","TBF","FLUVA"
"4069",1,0.39,25,6.0931732507935,9.80598547045161,-23.0551902045668,8.84505644460985,"MDAMB436 R2","TBF","FLUVA"
"4070",1,0.39,50,3.59190946788355,6.2531154912161,6.02538543687292,5.75610966381343,"MDAMB436 R2","TBF","FLUVA"
"4071",1,1.56,0.78,7.09058375465392,-1.25723993182425,-5.89713167389252,-8.12554273663315,"MDAMB436 R2","TBF","FLUVA"
"4072",1,1.56,1.56,9.80899754282531,10.8666379161585,2.82923106279899,1.67473018235951,"MDAMB436 R2","TBF","FLUVA"
"4073",1,1.56,3.125,8.00594273497499,3.73078394719484,-7.49911405313321,-7.57970475127155,"MDAMB436 R2","TBF","FLUVA"
"4074",1,1.56,6.25,8.11140907451799,-0.228188114257989,-9.99597051239608,-5.78092048132986,"MDAMB436 R2","TBF","FLUVA"
"4075",1,1.56,12.5,14.1160502668739,12.7105085600475,-7.45960031468314,5.34673117479222,"MDAMB436 R2","TBF","FLUVA"
"4076",1,1.56,25,11.6165454616148,8.06996847524169,-7.65778042344217,12.6659223421412,"MDAMB436 R2","TBF","FLUVA"
"4077",1,1.56,50,20.932686478807,19.5191281292205,33.7444289823971,34.5490633916388,"MDAMB436 R2","TBF","FLUVA"
"4078",1,6.25,12.5,5.39269453783807,8.91125863713695,3.78965542427757,5.59483934995659,"MDAMB436 R2","TBF","FLUVA"
"4079",1,6.25,25,11.3318826313452,13.7098034015874,13.974496014775,15.779679940454,"MDAMB436 R2","TBF","FLUVA"
"4080",1,6.25,50,7.40244445301174,8.33316135660232,22.5714442842205,24.3766282098995,"MDAMB436 R2","TBF","FLUVA"
"4081",1,25,0.78,2.49208980292667,1.62684909034927,2.06790755043305,0.868378613075294,"MDAMB436 R2","TBF","FLUVA"
"4082",1,25,1.56,1.14502516785402,0.171499659101329,0.355961141798886,-0.843567795558869,"MDAMB436 R2","TBF","FLUVA"
"4083",1,25,3.125,2.68593847228877,2.32829408424206,2.27879949932277,1.07927056196502,"MDAMB436 R2","TBF","FLUVA"
"4084",1,25,6.25,1.18551586974689,-0.96229560603993,-0.375957974936,-1.57548691229375,"MDAMB436 R2","TBF","FLUVA"
"4085",1,25,12.5,2.30993528418072,1.61953757850083,2.00588050664196,0.806351569284203,"MDAMB436 R2","TBF","FLUVA"
"4086",1,25,25,0.715614123885373,-0.792858128769126,0.914204535918728,-0.285324401439027,"MDAMB436 R2","TBF","FLUVA"
"4087",1,0.39,50,1.84289775787917,0.301674737419589,-2.89268218655736,6.90135935866156,"MDAMB436 R3","TBF","FLUVA"
"4088",1,1.56,25,4.3597697243106,9.2407930734869,7.37071312260835,17.9272685023818,"MDAMB436 R3","TBF","FLUVA"
"4089",1,1.56,50,20.6756216438892,21.1694343267277,6.09569431791698,35.9474846055536,"MDAMB436 R3","TBF","FLUVA"
"4090",1,6.25,0.78,0.155267632514409,-0.010143027075884,5.48422033464632,-0.580922504937845,"MDAMB436 R3","TBF","FLUVA"
"4091",1,6.25,1.56,0.350569179512433,-2.37196591505541,6.03028748928789,-0.034855350296283,"MDAMB436 R3","TBF","FLUVA"
"4092",1,6.25,6.25,0.951837519366464,-3.50646092871278,6.79710519580584,0.731962356221672,"MDAMB436 R3","TBF","FLUVA"
"4093",1,6.25,12.5,4.60425240557512,2.57517472660027,-7.78835355009743,6.20425235273613,"MDAMB436 R3","TBF","FLUVA"
"4094",1,6.25,25,9.8880567164011,9.69937425730234,-0.166650285312954,13.8259556175206,"MDAMB436 R3","TBF","FLUVA"
"4095",1,6.25,50,10.625647159745,9.48584828366792,-7.65323602087578,26.3971186243755,"MDAMB436 R3","TBF","FLUVA"
"4096",1,0.39,0.78,0.279016206988887,-6.78663833206241,-11.3347322818669,-11.5847204849418,"MDAMB436 R3","TBF","FLUVA"
"4097",1,0.39,1.56,2.36908804069086,-14.1718491291845,-13.6151133075572,-13.8651015106322,"MDAMB436 R3","TBF","FLUVA"
"4098",1,0.39,3.125,1.20758118998981,-5.7452806614789,-8.92445613445995,-9.17444433753488,"MDAMB436 R3","TBF","FLUVA"
"4099",1,0.39,6.25,0.372937492536559,3.97450159654103,-6.05395372090103,-5.29202347734052,"MDAMB436 R3","TBF","FLUVA"
"4100",1,0.39,12.5,2.48058254988295,-7.19417570699268,-12.6674182481563,-9.88165111132493,"MDAMB436 R3","TBF","FLUVA"
"4101",1,0.39,50,9.15197407025688,8.55978397853047,7.05867017001014,12.455498893486,"MDAMB436 R3","TBF","FLUVA"
"4102",1,1.56,12.5,1.08458300182829,2.91086681375376,-0.104863482221763,0.846723756374473,"MDAMB436 R3","TBF","FLUVA"
"4103",1,1.56,25,4.38390404645505,4.95695881390829,3.84009947361389,4.79168671221012,"MDAMB436 R3","TBF","FLUVA"
"4104",1,1.56,50,29.2730428386855,29.4021274875919,42.6498752842557,43.6014625228519,"MDAMB436 R3","TBF","FLUVA"
"4105",1,6.25,25,4.38124805693602,3.81233949543176,4.12138953632692,3.76214759934571,"MDAMB436 R3","TBF","FLUVA"
"4106",1,6.25,50,9.9991788222206,10.1734801239416,14.8449534735924,14.4857115366112,"MDAMB436 R3","TBF","FLUVA"
"4107",1,0.39,25,0.609071733436064,7.69666564425547,-1.61393363245763,11.8089832181639,"MDAMB436 R3","TBF","FLUVA"
"4108",1,0.39,50,8.10623918298398,9.29028716273828,-0.571359999344708,11.3647581441263,"MDAMB436 R3","TBF","FLUVA"
"4109",1,1.56,25,5.98347635102439,5.57556796200235,-15.7984083705194,9.92102665350443,"MDAMB436 R3","TBF","FLUVA"
"4110",1,1.56,50,12.6757375297476,11.0960889483116,-4.65273853323247,29.5409674234946,"MDAMB436 R3","TBF","FLUVA"
"4111",1,6.25,25,5.01949745878485,9.08560748765555,-2.51799026077443,10.9575518262586,"MDAMB436 R3","TBF","FLUVA"
"4112",1,6.25,50,3.17453396720917,4.73711567003096,5.14489226637266,18.6204343534057,"MDAMB436 R3","TBF","FLUVA"
"4113",1,25,0.78,0.799279368544447,1.13748320208464,5.42870273034107,0.641658440276402,"MDAMB436 R3","TBF","FLUVA"
"4114",1,25,3.125,0.667153410832896,-0.349814455513666,4.75002553389487,-0.0370187561698003,"MDAMB436 R3","TBF","FLUVA"
"4115",1,25,12.5,0.482913654521894,-0.707089914039486,-17.2237518153927,0.246791707798621,"MDAMB436 R3","TBF","FLUVA"
"4116",1,0.39,0.78,10.5597682195288,11.3016576468334,-25.3723441463377,-14.4399635748666,"MDAMB468 R1","TBF","FLUVA"
"4117",1,0.39,1.56,8.67070015146587,16.2508470769379,-26.5951879085336,-14.9408091583192,"MDAMB468 R1","TBF","FLUVA"
"4118",1,0.39,3.125,9.27187957577715,12.4562774774853,-27.3432040396641,-15.6888252894497,"MDAMB468 R1","TBF","FLUVA"
"4119",1,0.39,6.25,9.40960231725817,18.5910771928142,-22.952674574333,-11.2982958241187,"MDAMB468 R1","TBF","FLUVA"
"4120",1,0.39,12.5,9.58565009301118,16.3123664018169,-25.5801953639418,-12.6772473006374,"MDAMB468 R1","TBF","FLUVA"
"4121",1,0.39,25,4.06257366040487,8.8380394141009,-33.2242101388882,-13.6789384675426,"MDAMB468 R1","TBF","FLUVA"
"4122",1,0.39,50,1.45818725347394,3.21880097787835,-0.257268562927834,-1.09275400026017,"MDAMB468 R1","TBF","FLUVA"
"4123",1,1.56,0.78,14.6915033228066,2.49380228986071,-18.5157364878453,-19.2077533498114,"MDAMB468 R1","TBF","FLUVA"
"4124",1,1.56,1.56,16.8021991434545,19.6724684353786,-6.69057712788692,-7.38259398985302,"MDAMB468 R1","TBF","FLUVA"
"4125",1,1.56,3.125,13.4035437367463,3.28596127711625,-20.4345604763974,-21.1265773383635,"MDAMB468 R1","TBF","FLUVA"
"4126",1,1.56,6.25,17.7269889930537,20.3901668149462,-7.34044113457951,-5.53531937036558,"MDAMB468 R1","TBF","FLUVA"
"4127",1,1.56,12.5,18.592797890517,20.7219997864612,-12.471020235479,-4.42305190581503,"MDAMB468 R1","TBF","FLUVA"
"4128",1,1.56,25,24.737043267182,24.1996881907316,-33.3466974620047,18.4011968258098,"MDAMB468 R1","TBF","FLUVA"
"4129",1,1.56,50,15.6594261430769,15.3768552493233,15.15186373836,14.3163783010277,"MDAMB468 R1","TBF","FLUVA"
"4130",1,6.25,0.78,10.1134916702674,7.48994639005479,-8.77595784876775,-6.78418108494861,"MDAMB468 R1","TBF","FLUVA"
"4131",1,6.25,1.56,10.151092355529,10.4973434661981,-10.5383817215039,-7.29803564459478,"MDAMB468 R1","TBF","FLUVA"
"4132",1,6.25,3.125,9.96523917384186,8.97388015214561,-12.82087224049,-7.08338753740081,"MDAMB468 R1","TBF","FLUVA"
"4133",1,6.25,6.25,9.51755982827589,8.31687650741532,-21.9644280956139,-8.73552751398465,"MDAMB468 R1","TBF","FLUVA"
"4134",1,6.25,12.5,17.8332195182375,20.8710648502794,-23.8797432662494,4.33198907245999,"MDAMB468 R1","TBF","FLUVA"
"4135",1,6.25,25,48.7016931787514,48.2851239099482,-3.71765623041841,44.4711851177312,"MDAMB468 R1","TBF","FLUVA"
"4136",1,6.25,50,8.23659376057462,8.11239044650709,15.1648727145536,14.3293872772213,"MDAMB468 R1","TBF","FLUVA"
"4137",1,25,0.78,0.360800367421575,0.786549744170614,-0.917217530883505,-0.539872512033298,"MDAMB468 R1","TBF","FLUVA"
"4138",1,25,25,0.00538287942386262,0.386932425028021,-0.344822578366262,0.0325224404839446,"MDAMB468 R1","TBF","FLUVA"
"4139",1,0.39,6.25,0.86955335039694,3.89200134122158,2.94574871470231,3.54507239607662,"MDAMB468 R1","TBF","FLUVA"
"4140",1,0.39,50,6.69378916874091,7.06833336205717,3.46385613029818,6.95936478281178,"MDAMB468 R1","TBF","FLUVA"
"4141",1,1.56,0.78,1.99573235088082,1.10065597252637,1.06484466658822,2.00840728631482,"MDAMB468 R1","TBF","FLUVA"
"4142",1,1.56,3.125,2.21180029261911,2.69284782916485,2.9899371720172,5.18916394208314,"MDAMB468 R1","TBF","FLUVA"
"4143",1,1.56,6.25,7.26434358518878,6.75479969920688,3.85629362338126,9.82251284446522,"MDAMB468 R1","TBF","FLUVA"
"4144",1,1.56,12.5,11.176719921318,10.8549192267426,-0.286752465016313,13.2134516581037,"MDAMB468 R1","TBF","FLUVA"
"4145",1,1.56,25,21.4860477323955,21.2510302950709,2.71854683991224,32.3820644558617,"MDAMB468 R1","TBF","FLUVA"
"4146",1,1.56,50,17.1605664738798,17.2131174434938,8.93856952537725,21.2237272302662,"MDAMB468 R1","TBF","FLUVA"
"4147",1,6.25,0.78,0.260752537850713,2.48723385271128,2.68952002784226,2.91452592246614,"MDAMB468 R1","TBF","FLUVA"
"4148",1,6.25,1.56,0.908042778993071,2.35235775099746,1.13493014186535,2.61560018682858,"MDAMB468 R1","TBF","FLUVA"
"4149",1,6.25,3.125,0.847121488975667,-0.801396022278936,-2.36267702575562,0.373657169546945,"MDAMB468 R1","TBF","FLUVA"
"4150",1,6.25,6.25,6.9578099977087,7.50507092134373,3.70142671466797,8.94908921064923,"MDAMB468 R1","TBF","FLUVA"
"4151",1,6.25,12.5,13.4628841582883,11.9537924304754,2.79366969294628,13.0639887902849,"MDAMB468 R1","TBF","FLUVA"
"4152",1,6.25,25,22.3220086720417,22.5967528389153,8.7782490637953,29.0938813638487,"MDAMB468 R1","TBF","FLUVA"
"4153",1,6.25,50,5.52785480999341,4.67696434527859,-0.984547014972492,22.6015880429706,"MDAMB468 R1","TBF","FLUVA"
"4154",1,25,1.56,0.146022228575561,0.453459852033689,0.748288108801447,0.495095749649693,"MDAMB468 R1","TBF","FLUVA"
"4155",1,0.39,6.25,2.27905319205279,-1.45561939342512,-27.9370693723739,0.653594771241828,"MDAMB468 R1 ","TBF","FLUVA"
"4156",1,0.39,12.5,2.9442699200268,1.27441437591701,-22.9884232472572,3.33185905941325,"MDAMB468 R1 ","TBF","FLUVA"
"4157",1,0.39,25,1.21602167414801,0.531950932081653,-18.9046844885959,2.4767801857585,"MDAMB468 R1 ","TBF","FLUVA"
"4158",1,0.39,50,5.77238871494923,5.47306569505575,-0.401469687903514,6.27549265320162,"MDAMB468 R1 ","TBF","FLUVA"
"4159",1,1.56,1.56,1.1195084531125,1.43748360483973,-21.9515172567909,4.64887709469754,"MDAMB468 R1 ","TBF","FLUVA"
"4160",1,1.56,3.125,2.57192178122236,7.17127966703372,-20.6344992215066,5.96589512998183,"MDAMB468 R1 ","TBF","FLUVA"
"4161",1,1.56,6.25,6.60126400230474,5.17867410454004,-14.6342043667225,11.9661899847658,"MDAMB468 R1 ","TBF","FLUVA"
"4162",1,1.56,12.5,11.7170142680069,8.57363736205351,-9.18430510877374,17.1359771978967,"MDAMB468 R1 ","TBF","FLUVA"
"4163",1,1.56,25,16.6054454601812,16.423500099682,3.13571061681473,24.5171752911691,"MDAMB468 R1 ","TBF","FLUVA"
"4164",1,1.56,50,15.4094920892338,16.0522058297365,12.7146539545359,19.3916162956411,"MDAMB468 R1 ","TBF","FLUVA"
"4165",1,6.25,1.56,0.789080754736588,1.21254785597303,-15.0606667000417,2.86009140498305,"MDAMB468 R1 ","TBF","FLUVA"
"4166",1,6.25,3.125,1.4658987773325,3.8126594701514,-14.7264979448203,3.19426016020443,"MDAMB468 R1 ","TBF","FLUVA"
"4167",1,6.25,6.25,2.18716290726726,-1.26096485945298,-15.6995187320826,2.22123937294216,"MDAMB468 R1 ","TBF","FLUVA"
"4168",1,6.25,12.5,8.09805942266713,6.58940429985234,-6.79490425471269,11.1258538503121,"MDAMB468 R1 ","TBF","FLUVA"
"4169",1,6.25,25,12.8075511590033,13.8641161870333,2.77313348669966,20.6938915917244,"MDAMB468 R1 ","TBF","FLUVA"
"4170",1,6.25,50,3.3829967769521,3.34753494756944,-19.8755510688417,22.1976509902206,"MDAMB468 R1 ","TBF","FLUVA"
"4171",1,25,3.125,1.11851395825225,2.10175090501019,-19.9934929824493,1.90181335692172,"MDAMB468 R1 ","TBF","FLUVA"
"4172",1,25,6.25,0.478693266174176,-0.23145475065202,-21.0009134945138,0.894392844857251,"MDAMB468 R1 ","TBF","FLUVA"
"4173",1,25,12.5,0.596114169023465,0.385970355649604,-20.0426354464524,1.85267089291857,"MDAMB468 R1 ","TBF","FLUVA"
"4174",1,0.39,0.78,3.41930095253739,-8.26022893714524,-13.0037006288349,-16.8210394970485,"MDAMB468 R2","TBF","FLUVA"
"4175",1,0.39,12.5,0.198101903771704,-0.822485678763725,-11.369635143644,-9.39194701732494,"MDAMB468 R2","TBF","FLUVA"
"4176",1,0.39,50,3.23597349317889,4.45629822738567,-5.061755281188,2.09723088736382,"MDAMB468 R2","TBF","FLUVA"
"4177",1,1.56,0.78,5.85251943903801,-0.771887375733765,-1.12099198555615,-4.93833085376974,"MDAMB468 R2","TBF","FLUVA"
"4178",1,1.56,1.56,4.97414064667174,12.2685559426774,2.07044632130186,7.65465278111051,"MDAMB468 R2","TBF","FLUVA"
"4179",1,1.56,3.125,4.5575118115742,9.37811360231554,0.0116086767273051,4.83274943609925,"MDAMB468 R2","TBF","FLUVA"
"4180",1,1.56,6.25,6.03489435771983,7.62632654802199,0.774674377164017,3.18663915150933,"MDAMB468 R2","TBF","FLUVA"
"4181",1,1.56,12.5,10.5857874398658,8.45150027890816,-3.39588544287505,4.28084657100351,"MDAMB468 R2","TBF","FLUVA"
"4182",1,1.56,25,18.5868091815708,20.093012499599,-1.0444869661418,16.4898977779911,"MDAMB468 R2","TBF","FLUVA"
"4183",1,1.56,50,15.644140479995,16.2366741013691,7.92955824763094,15.0885444161828,"MDAMB468 R2","TBF","FLUVA"
"4184",1,6.25,1.56,0.405193616406493,2.34673284054773,-6.23246772009652,-0.268752699524889,"MDAMB468 R2","TBF","FLUVA"
"4185",1,6.25,3.125,0.0624090408948135,1.43379838815402,-6.67399001217311,-0.71027499160148,"MDAMB468 R2","TBF","FLUVA"
"4186",1,6.25,12.5,1.71261115284487,1.42280918149518,-24.4262532909709,4.33363727983874,"MDAMB468 R2","TBF","FLUVA"
"4187",1,6.25,25,21.637558446239,20.9778321516733,-8.61313023919539,31.5448481067332,"MDAMB468 R2","TBF","FLUVA"
"4188",1,6.25,50,3.43585715827174,3.52415103127289,1.35226893126691,14.2102989873782,"MDAMB468 R2","TBF","FLUVA"
"4189",1,25,6.25,0.429064447570667,0.837069933454345,-2.01673812349146,0.643086816720256,"MDAMB468 R2","TBF","FLUVA"
"4190",1,25,12.5,1.06509207581949,0.83621452898322,-1.0377104323651,1.62211450784662,"MDAMB468 R2","TBF","FLUVA"
"4191",1,0.39,0.78,2.52226359155701,23.8679845442937,-34.1380757741463,19.1877741615962,"MDAMB468 R2","TBF","FLUVA"
"4192",1,0.39,1.56,0.375815453647074,6.02790630728167,-48.6751259132907,1.49049573133343,"MDAMB468 R2","TBF","FLUVA"
"4193",1,0.39,3.125,1.31139194289794,2.59088119447865,-52.1466602748774,-1.94802131974907,"MDAMB468 R2","TBF","FLUVA"
"4194",1,0.39,6.25,2.58008681698174,10.4332663293752,-42.9584144374169,5.95254940804679,"MDAMB468 R2","TBF","FLUVA"
"4195",1,0.39,12.5,4.50019929085446,1.26146006771021,-47.3827340449826,-3.01400877317108,"MDAMB468 R2","TBF","FLUVA"
"4196",1,0.39,25,7.52577692192586,11.3716897227307,-24.449853520479,7.65058251969248,"MDAMB468 R2","TBF","FLUVA"
"4197",1,0.39,50,5.28948070885244,6.2253313895598,-22.3713982999179,5.07994905900665,"MDAMB468 R2","TBF","FLUVA"
"4198",1,1.56,0.78,3.93181663589253,-1.87672887330688,-42.6471083669486,-5.01863119664168,"MDAMB468 R2","TBF","FLUVA"
"4199",1,1.56,1.56,0.998031590293946,-1.96060290244823,-39.9538391815328,-2.32536201122589,"MDAMB468 R2","TBF","FLUVA"
"4200",1,1.56,3.125,4.95985419315187,5.89351461615957,-32.1287365920323,5.4997405782746,"MDAMB468 R2","TBF","FLUVA"
"4201",1,1.56,6.25,8.53022983546412,6.70995370072344,-30.1807152722832,7.44776189802369,"MDAMB468 R2","TBF","FLUVA"
"4202",1,1.56,12.5,15.2095239492965,15.0337852716062,-17.8652584542086,19.7632187160983,"MDAMB468 R2","TBF","FLUVA"
"4203",1,1.56,25,23.4847823114176,22.5065225634941,0.388597495982438,32.489033536154,"MDAMB468 R2","TBF","FLUVA"
"4204",1,1.56,50,14.8914764567347,14.7377952624223,-9.64086672121874,17.8104806377058,"MDAMB468 R2","TBF","FLUVA"
"4205",1,6.25,6.25,3.1019966705482,3.40884647895257,20.0716313151419,3.69322201782934,"MDAMB468 R2","TBF","FLUVA"
"4206",1,6.25,12.5,12.9902827567272,12.7236044999234,30.9248929537439,14.5464836564313,"MDAMB468 R2","TBF","FLUVA"
"4207",1,6.25,25,15.5741404761312,15.7140962233135,-14.2821572263836,21.6923730012735,"MDAMB468 R2","TBF","FLUVA"
"4208",1,6.25,50,2.59051679796056,3.14244561490629,-7.54662588352241,19.9047214754021,"MDAMB468 R2","TBF","FLUVA"
"4209",1,0.39,0.78,1.19718875993218,-7.08123147992872,-4.50162560542997,-5.55866347963178,"MDAMB468 R2","TBF","FLUVA"
"4210",1,0.39,6.25,1.0055317589879,0.465948677105172,-2.53837264445023,-0.544169251894402,"MDAMB468 R2","TBF","FLUVA"
"4211",1,0.39,12.5,0.731744595528866,2.8249293066428,-0.880261320046802,4.16518333926666,"MDAMB468 R2","TBF","FLUVA"
"4212",1,0.39,50,7.54578774988444,7.30812874657555,2.66288364434791,8.44733763922088,"MDAMB468 R2","TBF","FLUVA"
"4213",1,1.56,3.125,0.0499129814805457,-0.66066043013455,-4.50583580434555,-2.26313380460763,"MDAMB468 R2","TBF","FLUVA"
"4214",1,1.56,6.25,3.39903800449641,5.10150400313534,-1.07790298779951,4.21604027869604,"MDAMB468 R2","TBF","FLUVA"
"4215",1,1.56,12.5,6.19688152293129,5.54334251302427,-4.67822410138903,6.71820169862178,"MDAMB468 R2","TBF","FLUVA"
"4216",1,1.56,25,13.9460361956625,14.6088853966015,-2.31749906733545,25.8607536998423,"MDAMB468 R2","TBF","FLUVA"
"4217",1,1.56,50,17.9461218712602,18.0465364609869,8.62384224248828,23.5620200376341,"MDAMB468 R2","TBF","FLUVA"
"4218",1,6.25,0.78,1.79067992491496,1.78585010552976,2.30635977132577,2.41570462289579,"MDAMB468 R2","TBF","FLUVA"
"4219",1,6.25,1.56,1.04366915913466,2.22724504296728,-0.785654596478103,0.849310888470733,"MDAMB468 R2","TBF","FLUVA"
"4220",1,6.25,3.125,1.64295864043764,2.53622597369448,0.145027395079644,1.77999288002848,"MDAMB468 R2","TBF","FLUVA"
"4221",1,6.25,6.25,3.54486300611926,3.86087944681285,-1.24319195233709,3.44301479936937,"MDAMB468 R2","TBF","FLUVA"
"4222",1,6.25,12.5,7.84622329618508,7.44536152782945,-1.26327207960063,7.99979657224227,"MDAMB468 R2","TBF","FLUVA"
"4223",1,6.25,25,16.1508675855253,15.5566636791437,3.97543042913972,20.8666022478767,"MDAMB468 R2","TBF","FLUVA"
"4224",1,6.25,50,5.1294112535181,4.88523152525332,-0.326278701061597,26.8168641611148,"MDAMB468 R2","TBF","FLUVA"
"4225",1,0.39,0.78,0.319601954146506,8.8387716577904,-11.3909502643867,-5.38393645189758,"MDAMB468 R3","TBF","FLUVA"
"4226",1,0.39,1.56,2.13094318525544,4.739173104012,-10.518144537212,-8.88986956948119,"MDAMB468 R3","TBF","FLUVA"
"4227",1,0.39,6.25,3.24992276507449,-1.61905682147219,-11.1801039370355,-14.5680101990782,"MDAMB468 R3","TBF","FLUVA"
"4228",1,0.39,50,1.37655762631633,2.97498334492369,-2.79099014258955,0.0784544473864912,"MDAMB468 R3","TBF","FLUVA"
"4229",1,1.56,0.78,4.62839337559921,10.6241147655384,2.65729922075599,5.62910659998039,"MDAMB468 R3","TBF","FLUVA"
"4230",1,1.56,1.56,6.47052893510736,8.74766583448749,5.24139258154838,6.86966754927921,"MDAMB468 R3","TBF","FLUVA"
"4231",1,1.56,3.125,5.05372817544958,10.8352539410218,-0.0886064377710332,2.88320094145337,"MDAMB468 R3","TBF","FLUVA"
"4232",1,1.56,6.25,9.07914649498258,4.21637403059695,1.99134141506135,2.43208786898109,"MDAMB468 R3","TBF","FLUVA"
"4233",1,1.56,12.5,10.9054304764698,13.2667431303238,-3.58111276106937,11.4249289006571,"MDAMB468 R3","TBF","FLUVA"
"4234",1,1.56,25,15.1089746712663,15.2461642448703,-4.70346545970719,13.7687555163283,"MDAMB468 R3","TBF","FLUVA"
"4235",1,1.56,50,10.1867550384893,10.4118727211042,-0.514001174200487,10.0127488477003,"MDAMB468 R3","TBF","FLUVA"
"4236",1,6.25,25,14.6589517064689,13.8885707952281,-5.1464335583651,25.8409336079239,"MDAMB468 R3","TBF","FLUVA"
"4237",1,6.25,50,1.70164001002718,2.12592764935401,-3.0726725230941,11.282730214769,"MDAMB468 R3","TBF","FLUVA"
"4238",1,25,0.78,0.304642310903262,1.57715261000922,-0.661103263050137,0.96597038344612,"MDAMB468 R3","TBF","FLUVA"
"4239",1,0.39,0.78,2.946453852518,16.0496858252012,-23.6182169560306,16.5511180548774,"MDAMB468 R3","TBF","FLUVA"
"4240",1,0.39,1.56,0.471043008605159,0.328808457126518,-39.1098681619675,1.05946684894053,"MDAMB468 R3","TBF","FLUVA"
"4241",1,0.39,6.25,1.26173715330858,4.62362864934572,-33.5781818032135,6.59115320769456,"MDAMB468 R3","TBF","FLUVA"
"4242",1,0.39,12.5,2.12904403053082,-4.92413090586585,-35.6092334583253,-2.94893076847966,"MDAMB468 R3","TBF","FLUVA"
"4243",1,1.56,0.78,5.68436136201134,1.65596279359839,-25.8103856895527,2.09452201933404,"MDAMB468 R3","TBF","FLUVA"
"4244",1,1.56,1.56,0.0255072547701829,-3.16321100497634,-30.4290752706483,-2.52416756176154,"MDAMB468 R3","TBF","FLUVA"
"4245",1,1.56,3.125,5.66956394330674,14.1391445749279,-18.1304716186612,9.77443609022556,"MDAMB468 R3","TBF","FLUVA"
"4246",1,1.56,6.25,8.61820338447766,7.05761673881124,-19.1264681033795,8.77843960550727,"MDAMB468 R3","TBF","FLUVA"
"4247",1,1.56,12.5,14.416333788687,11.746953588901,-7.86291962178586,20.0419880871009,"MDAMB468 R3","TBF","FLUVA"
"4248",1,1.56,25,21.3548613497613,22.7818413267878,10.7778381167162,34.5474074797383,"MDAMB468 R3","TBF","FLUVA"
"4249",1,1.56,50,14.4590348809408,14.4216449765132,8.13386211812936,18.0109364319891,"MDAMB468 R3","TBF","FLUVA"
"4250",1,6.25,1.56,0.0590357215928066,-0.287100504823314,-13.7438841957072,-0.0732350356410478,"MDAMB468 R3","TBF","FLUVA"
"4251",1,6.25,6.25,2.19981593710405,2.83197115324793,-10.2627788349026,3.40787032516356,"MDAMB468 R3","TBF","FLUVA"
"4252",1,6.25,12.5,8.77747972964141,6.96908441717197,-3.92550708409699,9.74514207596914,"MDAMB468 R3","TBF","FLUVA"
"4253",1,6.25,25,13.6188921028334,13.6073394592336,5.25816638529076,18.9288155453569,"MDAMB468 R3","TBF","FLUVA"
"4254",1,6.25,50,1.33234928527908,1.20305118855102,-33.6322699199068,18.9288155453569,"MDAMB468 R3","TBF","FLUVA"
"4255",1,25,0.78,0.935903723489943,0.467537873809874,-33.1684480275135,0.497998242359145,"MDAMB468 R3","TBF","FLUVA"
"4256",1,25,1.56,0.013971454450612,-0.23479620112424,-33.8568573625394,-0.190411092666736,"MDAMB468 R3","TBF","FLUVA"
"4257",1,25,6.25,0.324829425526289,0.153890115514216,-33.393035470146,0.273410799726591,"MDAMB468 R3","TBF","FLUVA"
"4258",1,0.39,1.56,0.44757962677228,-4.10957165042571,-35.5822930871077,-4.16666666666669,"MDAMB468 R3","TBF","FLUVA"
"4259",1,0.39,3.125,0.560691701380756,8.40185818679142,-26.334795011665,5.08083140877598,"MDAMB468 R3","TBF","FLUVA"
"4260",1,0.39,6.25,2.07705728682483,-0.512939120206174,-29.1927626791015,0.567744418783676,"MDAMB468 R3","TBF","FLUVA"
"4261",1,0.39,12.5,2.41895169101941,0.728193415124784,-25.8295987068151,1.7850269438029,"MDAMB468 R3","TBF","FLUVA"
"4262",1,0.39,25,1.91245549850107,3.75847744178768,-18.169860446615,4.76327944572748,"MDAMB468 R3","TBF","FLUVA"
"4263",1,0.39,50,6.19450435920201,6.2349074479036,2.37749397967472,6.66377983063895,"MDAMB468 R3","TBF","FLUVA"
"4264",1,1.56,1.56,0.811076851034832,1.27768884663457,-19.2572353503871,1.2269053117783,"MDAMB468 R3","TBF","FLUVA"
"4265",1,1.56,3.125,3.67562822118256,5.48951325514801,-17.9485363511569,2.53560431100847,"MDAMB468 R3","TBF","FLUVA"
"4266",1,1.56,6.25,3.87103933968184,2.73887017112412,-15.3118927791785,5.17224788298691,"MDAMB468 R3","TBF","FLUVA"
"4267",1,1.56,12.5,6.10561302207286,2.81927535119096,-13.3440328869537,7.1401077752117,"MDAMB468 R3","TBF","FLUVA"
"4268",1,1.56,25,13.362462115772,13.8911459657485,1.8455360121995,22.3296766743649,"MDAMB468 R3","TBF","FLUVA"
"4269",1,1.56,50,14.1883291407585,14.1318225854435,14.4925825093129,18.7788683602771,"MDAMB468 R3","TBF","FLUVA"
"4270",1,6.25,0.78,3.83692598172986,7.5687086142387,-8.40483858383566,5.59565050038491,"MDAMB468 R3","TBF","FLUVA"
"4271",1,6.25,1.56,3.53841160729627,3.76634040308144,-10.2620364283314,3.73845265588914,"MDAMB468 R3","TBF","FLUVA"
"4272",1,6.25,3.125,4.04455895623038,6.01493945052185,-9.60768692871634,4.39280215550423,"MDAMB468 R3","TBF","FLUVA"
"4273",1,6.25,6.25,6.66308965462714,3.97067901131683,-8.69352218660703,5.30696689761355,"MDAMB468 R3","TBF","FLUVA"
"4274",1,6.25,12.5,11.8637530103534,9.68456931880745,-1.94313727513666,12.0573518090839,"MDAMB468 R3","TBF","FLUVA"
"4275",1,6.25,25,17.2117468533447,19.0957781560222,9.72930306358543,23.729792147806,"MDAMB468 R3","TBF","FLUVA"
"4276",1,6.25,50,5.16562673549797,4.91621712177485,-12.5928575216722,24.8652809853734,"MDAMB468 R3","TBF","FLUVA"
"4277",1,25,0.78,1.3080238256552,1.62003184742393,-15.1140276525421,0.918976135488833,"MDAMB468 R3","TBF","FLUVA"
"4278",1,25,1.56,2.05013144546277,2.21352708247773,-13.8293856202095,2.2036181678214,"MDAMB468 R3","TBF","FLUVA"
"4279",1,25,3.125,3.06573404637722,4.07906291613553,-12.5303094077384,3.50269438029254,"MDAMB468 R3","TBF","FLUVA"
"4280",1,25,6.25,2.0346909217221,1.19475134207875,-14.3634502853366,1.66955350269438,"MDAMB468 R3","TBF","FLUVA"
"4281",1,25,12.5,2.11787741069533,1.24024984465755,-13.9496704546976,2.08333333333333,"MDAMB468 R3","TBF","FLUVA"
"4282",1,25,25,0.541256874393341,-0.116508224038043,-14.5029806933427,1.53002309468822,"MDAMB468 R3","TBF","FLUVA"
"4283",1,0.39,6.25,0.501502773917834,-3.76481761854988,-17.4025909794381,-3.95017078561384,"MPE600 R1","TBF","FLUVA"
"4284",1,1.56,6.25,0.182006981100233,-3.637233262156,-16.4100251767457,-2.95760498292142,"MPE600 R1","TBF","FLUVA"
"4285",1,1.56,50,12.2207288673146,12.2103196100495,2.14346443956265,12.3729154108901,"MPE600 R1","TBF","FLUVA"
"4286",1,6.25,0.78,3.08431507147565,8.1314793075271,3.41717996691514,8.67189069720716,"MPE600 R1","TBF","FLUVA"
"4287",1,6.25,25,26.1683451275187,26.3611406926352,-7.12323415601367,33.072131806309,"MPE600 R1","TBF","FLUVA"
"4288",1,6.25,50,13.2309106814371,13.3114271398887,-29.0760736536294,16.0940325497288,"MPE600 R1","TBF","FLUVA"
"4289",1,0.39,0.78,0.997039300406304,12.5501247220094,9.25367052003556,10.1885407587504,"MPE600 R1","TBF","FLUVA"
"4290",1,0.39,1.56,1.43972015659525,-2.76388520038473,-5.17359678580414,-4.23872654708931,"MPE600 R1","TBF","FLUVA"
"4291",1,0.39,6.25,1.99708504613973,-0.838929964875716,-2.13217286727578,-1.19730262856095,"MPE600 R1","TBF","FLUVA"
"4292",1,0.39,12.5,0.0177953959421533,-2.44750107019431,-7.71041040110759,-6.77554016239276,"MPE600 R1","TBF","FLUVA"
"4293",1,1.56,6.25,0.486487825026819,-6.47415362053637,-10.6114337583409,-6.82141382632231,"MPE600 R1","TBF","FLUVA"
"4294",1,1.56,50,4.38555396470009,4.3849242031612,5.66819586903524,5.24794715353914,"MPE600 R1","TBF","FLUVA"
"4295",1,6.25,25,2.89106524486483,7.9355729379777,3.60587337592143,10.0876186981054,"MPE600 R1","TBF","FLUVA"
"4296",1,25,0.78,0.476299410166661,0.653846071532016,0.809523421459758,0.545896600761509,"MPE600 R1","TBF","FLUVA"
"4297",1,25,1.56,0.258320287451951,0.177512708056057,0.373723614129148,0.110096793430898,"MPE600 R1","TBF","FLUVA"
"4298",1,25,3.125,0.145940432596134,0.100374708014698,0.148942660874411,-0.114684159823838,"MPE600 R1","TBF","FLUVA"
"4299",1,25,6.25,0.450806691432831,0.516404374030614,0.763649757530217,0.500022936831968,"MPE600 R1","TBF","FLUVA"
"4300",1,25,12.5,0.166033496658613,0.24371102086694,0.30950048462779,0.045873663929541,"MPE600 R1","TBF","FLUVA"
"4301",1,0.39,0.78,0.32108171128213,11.3261015026402,-10.6126960205986,7.18667108753316,"MPE600 R1","TBF","FLUVA"
"4302",1,0.39,1.56,0.317238128505797,6.13942634749943,-15.4825567633042,2.31681034482757,"MPE600 R1","TBF","FLUVA"
"4303",1,0.39,3.125,1.04932000536614,6.22970112648543,-14.5168737394315,3.28249336870024,"MPE600 R1","TBF","FLUVA"
"4304",1,0.39,6.25,1.87798739710301,0.13341959043365,-17.803511670466,-0.447612732095521,"MPE600 R1","TBF","FLUVA"
"4305",1,0.39,12.5,1.4873181728739,4.18312215487339,-13.116011670466,3.60576923076923,"MPE600 R1","TBF","FLUVA"
"4306",1,0.39,25,1.37209874327659,2.13141332543847,-9.39419469433869,1.58736737400527,"MPE600 R1","TBF","FLUVA"
"4307",1,0.39,50,20.6789439601184,21.096536173784,16.2452306171104,20.8139920424403,"MPE600 R1","TBF","FLUVA"
"4308",1,1.56,0.78,2.7884503406717,3.40742560730479,-17.4180673733838,-0.68799734748012,"MPE600 R1","TBF","FLUVA"
"4309",1,1.56,1.56,2.00200861830322,2.93648597016179,-17.575560742084,-0.845490716180379,"MPE600 R1","TBF","FLUVA"
"4310",1,1.56,3.125,3.92969272887631,5.33215499596759,-14.3137901850548,2.41627984084882,"MPE600 R1","TBF","FLUVA"
"4311",1,1.56,6.25,1.86136620358705,0.119523419855372,-16.7466482752405,-0.0165782493368596,"MPE600 R1","TBF","FLUVA"
"4312",1,1.56,12.5,0.681970764622405,-2.18175203072561,-18.4169068959302,-1.69512599469496,"MPE600 R1","TBF","FLUVA"
"4313",1,1.56,25,9.11959916721338,9.5339867715904,-0.989022280545576,9.99253978779838,"MPE600 R1","TBF","FLUVA"
"4314",1,1.56,50,30.3377636800747,29.4203437243851,5.76214154869703,29.6584880636605,"MPE600 R1","TBF","FLUVA"
"4315",1,6.25,0.78,2.95605866938462,6.09482798472251,3.22450668817633,3.47314323607427,"MPE600 R1","TBF","FLUVA"
"4316",1,6.25,1.56,3.26392723462995,6.3210652959855,3.65139660860072,3.90003315649867,"MPE600 R1","TBF","FLUVA"
"4317",1,6.25,3.125,2.6219754433058,4.61029756363498,2.49506371735404,2.74370026525199,"MPE600 R1","TBF","FLUVA"
"4318",1,6.25,6.25,0.53515068565649,-1.76134932603041,-21.4246964385925,-1.84847480106102,"MPE600 R1","TBF","FLUVA"
"4319",1,6.25,12.5,5.49967015041116,4.98407531626199,-14.2753264120673,5.3008952254642,"MPE600 R1","TBF","FLUVA"
"4320",1,6.25,25,23.9556569692427,24.2551643637778,-10.6751926688096,28.2286140583554,"MPE600 R1","TBF","FLUVA"
"4321",1,6.25,50,21.7858601306039,23.0658941574424,-2.48288385923891,40.7410477453581,"MPE600 R1","TBF","FLUVA"
"4322",1,25,0.78,2.47490191362859,3.3740655564773,-1.96481356746172,2.94678381962865,"MPE600 R1","TBF","FLUVA"
"4323",1,25,1.56,1.34947607725628,1.12402237937235,-4.18215441626809,0.729442970822276,"MPE600 R1","TBF","FLUVA"
"4324",1,25,3.125,2.22249741582363,2.76608773846075,-2.44972736056516,2.4618700265252,"MPE600 R1","TBF","FLUVA"
"4325",1,25,6.25,2.40267585061201,2.90710420446611,-2.01869287780654,2.89290450928382,"MPE600 R1","TBF","FLUVA"
"4326",1,25,12.5,0.660893586717975,-0.39148936661411,-5.2514514984962,-0.339854111405828,"MPE600 R1","TBF","FLUVA"
"4327",1,25,25,1.06507177730283,1.35837601069056,-2.90562921732909,2.00596816976127,"MPE600 R1","TBF","FLUVA"
"4328",1,0.39,12.5,0.220664221267545,-1.65922241067395,-10.4500544140189,-1.86260765071098,"MPE600 R2","TBF","FLUVA"
"4329",1,0.39,50,5.81598903194138,5.83526313967533,-7.0858046861777,5.76006408972562,"MPE600 R2","TBF","FLUVA"
"4330",1,1.56,12.5,0.531924442326828,-0.982274683856404,-9.7731066872014,-1.18565992389344,"MPE600 R2","TBF","FLUVA"
"4331",1,1.56,25,3.10780651078617,3.27445373252174,-3.04368549753587,3.07630682956137,"MPE600 R2","TBF","FLUVA"
"4332",1,1.56,50,23.668059378151,23.7002741550969,-2.14858462244402,23.6250751051472,"MPE600 R2","TBF","FLUVA"
"4333",1,6.25,25,17.8524679862528,18.1246859161809,-41.7623518522102,24.0136190666933,"MPE600 R2","TBF","FLUVA"
"4334",1,6.25,50,22.7890206438915,22.7796521378678,-11.79578274417,26.9056679351092,"MPE600 R2","TBF","FLUVA"
"4335",1,25,0.78,0.0324061635912472,0.538201108228876,2.06531483679892,0.833166433006213,"MPE600 R2","TBF","FLUVA"
"4336",1,0.39,0.78,2.28295468244364,1.63265025279162,-9.1136524683695,2.26455942844771,"MPE600 R2","TBF","FLUVA"
"4337",1,0.39,12.5,1.16399146736018,-2.30536455759579,-14.6862872378001,-1.66269755358302,"MPE600 R2","TBF","FLUVA"
"4338",1,0.39,50,7.17581268805429,8.67013940040106,-9.23728592312848,9.0452478891535,"MPE600 R2","TBF","FLUVA"
"4339",1,1.56,50,22.6571146137576,21.3671553732358,-24.3243989963091,24.7456159341849,"MPE600 R2","TBF","FLUVA"
"4340",1,0.39,6.25,1.49943380989512,-4.9665483044692,-11.1309355795326,-4.04350814766894,"MPE600 R2","TBF","FLUVA"
"4341",1,0.39,25,0.246248982496526,0.54776937758168,-4.07097035370264,1.4556629331608,"MPE600 R2","TBF","FLUVA"
"4342",1,0.39,50,30.3809482734565,31.4209589534612,22.8509191273407,32.0286280376855,"MPE600 R2","TBF","FLUVA"
"4343",1,1.56,0.78,0.140470341588182,3.89192179976559,-8.1104349932239,1.93684040273341,"MPE600 R2","TBF","FLUVA"
"4344",1,1.56,6.25,0.476313091636316,-3.48853465153148,-8.74526577240791,-1.65783834054427,"MPE600 R2","TBF","FLUVA"
"4345",1,1.56,50,33.8496954972973,30.5241980843797,11.0223807039812,31.729408434758,"MPE600 R2","TBF","FLUVA"
"4346",1,6.25,0.78,0.671679974891873,3.82293936437683,-1.02067588506857,2.4584529537827,"MPE600 R2","TBF","FLUVA"
"4347",1,6.25,12.5,3.7128410489334,5.96728477034867,-7.24491201575902,7.76353564352431,"MPE600 R2","TBF","FLUVA"
"4348",1,6.25,25,6.17784003214787,5.82641549300713,-16.2996038498177,10.2381626298977,"MPE600 R2","TBF","FLUVA"
"4349",1,6.25,50,30.6110973097305,33.4638131387744,-2.07432995245472,53.2206542396183,"MPE600 R2","TBF","FLUVA"
"4350",1,25,3.125,0.00660087596361336,0.1150322559904,-0.0000102727005639736,0.230479964417128,"MPE600 R2","TBF","FLUVA"
"4351",1,1.56,50,13.4644712619716,13.4346421787254,-0.948532889298804,14.4345180041353,"MPE600 R3","TBF","FLUVA"
"4352",1,6.25,25,15.8617038375899,15.9664363429349,-7.53537043431379,20.6803729567355,"MPE600 R3","TBF","FLUVA"
"4353",1,6.25,50,14.0391626266333,14.6135594418348,-26.7496327686977,21.5854562478056,"MPE600 R3","TBF","FLUVA"
"4354",1,0.39,0.78,1.0651856323198,1.87628395881314,4.14896907209132,3.55114840240697,"MPE600 R3","TBF","FLUVA"
"4355",1,0.39,3.125,0.141462832555957,-2.09233932142809,-1.64813237718404,-1.78828714297822,"MPE600 R3","TBF","FLUVA"
"4356",1,1.56,25,0.282509494934219,0.486731444810161,-20.0059584343204,5.42418849055005,"MPE600 R3","TBF","FLUVA"
"4357",1,1.56,50,20.1536848530613,20.1821723576951,-0.438357700076224,22.5103822357827,"MPE600 R3","TBF","FLUVA"
"4358",1,6.25,1.56,3.57219880114712,7.17253475759657,5.56327430899669,7.08958386303925,"MPE600 R3","TBF","FLUVA"
"4359",1,6.25,12.5,4.65573911241489,4.83806412291896,-7.52025162556986,5.29705907280278,"MPE600 R3","TBF","FLUVA"
"4360",1,6.25,25,19.2905987021804,19.1844174308169,-3.58384272912107,22.1374692770574,"MPE600 R3","TBF","FLUVA"
"4361",1,6.25,50,15.1653041460942,15.2121487467558,-0.645975143702898,39.5923383337571,"MPE600 R3","TBF","FLUVA"
"4362",1,25,0.78,0.275910293008465,0.210476278581581,-0.222210417878671,0.292397660818722,"MPE600 R3","TBF","FLUVA"
"4363",1,25,1.56,0.24647327157416,0.240270720689011,-0.281537479494062,0.23307059920333,"MPE600 R3","TBF","FLUVA"
"4364",1,25,3.125,0.260721646441681,0.251053932934255,-0.251873948686367,0.262734130011026,"MPE600 R3","TBF","FLUVA"
"4365",1,25,6.25,0.424681303769404,0.707750123493,0.0829001847147595,0.597508263412152,"MPE600 R3","TBF","FLUVA"
"4366",1,25,12.5,0.117311023281161,0.0364369784275738,-0.438330428049028,0.0762776506483647,"MPE600 R3","TBF","FLUVA"
"4367",1,0.39,0.78,1.45478662101254,0.969065132613346,-0.625650457080603,-0.177231885252667,"MPE600 R3","TBF","FLUVA"
"4368",1,0.39,1.56,1.68519888239688,-2.43665072742936,-3.5602807431246,-3.57761107905365,"MPE600 R3","TBF","FLUVA"
"4369",1,0.39,3.125,0.238403518492714,2.78990358060573,-1.26863125009024,0.284395350754266,"MPE600 R3","TBF","FLUVA"
"4370",1,0.39,12.5,1.58201307626495,0.789317298196639,-0.947140853585431,-0.358585442255389,"MPE600 R3","TBF","FLUVA"
"4371",1,0.39,25,3.52616826890996,5.6629795819564,3.76580588544295,4.52971725331793,"MPE600 R3","TBF","FLUVA"
"4372",1,0.39,50,33.1372409925527,33.7500123419113,24.1183317440175,33.1052674964966,"MPE600 R3","TBF","FLUVA"
"4373",1,1.56,0.78,1.35201071948161,2.29652034343489,0.0296953511792355,0.478113923007172,"MPE600 R3","TBF","FLUVA"
"4374",1,1.56,1.56,1.35083030624268,0.688845985660566,-1.10376438008775,-1.1210947160168,"MPE600 R3","TBF","FLUVA"
"4375",1,1.56,3.125,0.116419622961358,2.24187667967632,-2.5051327751088,-0.280273679004225,"MPE600 R3","TBF","FLUVA"
"4376",1,1.56,6.25,1.69148017619163,6.01387345673359,-0.155779877573529,2.06907921853104,"MPE600 R3","TBF","FLUVA"
"4377",1,1.56,12.5,1.80759802747223,2.15480903959437,-0.254699999575017,0.333855411755025,"MPE600 R3","TBF","FLUVA"
"4378",1,1.56,25,8.86126337866883,9.25795495728658,-2.02213069464769,7.46022586761191,"MPE600 R3","TBF","FLUVA"
"4379",1,1.56,50,37.7183587967682,36.7700377819117,0.60498775265323,35.7472590882862,"MPE600 R3","TBF","FLUVA"
"4380",1,6.25,25,19.6110534459224,19.7071253739293,-33.5689021701132,20.4352485368065,"MPE600 R3","TBF","FLUVA"
"4381",1,6.25,50,27.1199598314308,28.5493120022341,-0.771253940498184,47.4486851867117,"MPE600 R3","TBF","FLUVA"
"4382",1,0.39,0.78,3.39045478905605,17.5161757746034,-1.52478071110439,0.0463392029656973,"MX1 R1","TBF","FLUVA"
"4383",1,0.39,1.56,5.79374749046712,8.3911106033888,-2.19669915410717,-0.625579240037084,"MX1 R1","TBF","FLUVA"
"4384",1,0.39,3.125,6.74771318006445,17.6479783824827,2.64574755580942,4.2168674698795,"MX1 R1","TBF","FLUVA"
"4385",1,0.39,6.25,7.51391747148126,7.37520195560886,-1.73330712445008,-0.162187210379997,"MX1 R1","TBF","FLUVA"
"4386",1,0.39,12.5,6.34714827982229,8.36490254165589,3.24815719436364,4.81927710843372,"MX1 R1","TBF","FLUVA"
"4387",1,0.39,25,0.630606666611724,1.27691560424345,-2.29317991279074,0.115848007414272,"MX1 R1","TBF","FLUVA"
"4388",1,0.39,50,4.17097670231665,8.08259415361598,6.66965350832178,7.15940685820204,"MX1 R1","TBF","FLUVA"
"4389",1,1.56,0.78,12.4330319527327,16.3800922661202,-1.71013752296721,-0.949953660797036,"MX1 R1","TBF","FLUVA"
"4390",1,1.56,1.56,9.27198284766432,5.3995908063708,-4.30513288904694,-3.54494902687676,"MX1 R1","TBF","FLUVA"
"4391",1,1.56,3.125,12.8225767349498,17.8417097490983,3.75788842698645,4.51807228915662,"MX1 R1","TBF","FLUVA"
"4392",1,1.56,6.25,13.260668565665,11.2305517070778,2.99329157805225,3.75347544022242,"MX1 R1","TBF","FLUVA"
"4393",1,1.56,12.5,14.1509438898165,14.0825922210264,4.87318536320645,10.5653382761816,"MX1 R1","TBF","FLUVA"
"4394",1,1.56,25,5.74557595533955,5.16385245838273,-3.6239616801516,4.70342910101945,"MX1 R1","TBF","FLUVA"
"4395",1,1.56,50,12.5812367156366,12.5069626907144,9.67833020681348,12.1408711770157,"MX1 R1","TBF","FLUVA"
"4396",1,6.25,0.78,27.5258935224875,49.9557866455485,34.1028925224943,35.5653382761816,"MX1 R1","TBF","FLUVA"
"4397",1,6.25,1.56,17.9818826905343,18.8036025187225,8.9274347642332,11.3762743280816,"MX1 R1","TBF","FLUVA"
"4398",1,6.25,3.125,20.8911612858602,19.1034759985261,2.63183072021913,8.03985171455051,"MX1 R1","TBF","FLUVA"
"4399",1,6.25,6.25,24.3493860427505,19.8093382297995,3.26056602529918,13.6005560704356,"MX1 R1","TBF","FLUVA"
"4400",1,6.25,12.5,31.6185377159417,28.5462213150027,9.36722633393465,25.6255792400371,"MX1 R1","TBF","FLUVA"
"4401",1,6.25,25,38.5392267906628,39.8742345871688,31.0240607318448,51.2279888785913,"MX1 R1","TBF","FLUVA"
"4402",1,6.25,50,45.7913466264132,46.9922196091703,1.73885138069443,58.3410565338276,"MX1 R1","TBF","FLUVA"
"4403",1,25,0.78,3.49636305091627,5.31337583885123,2.64548562959723,2.87303058387396,"MX1 R1","TBF","FLUVA"
"4404",1,25,1.56,2.75545540965361,2.9277443415925,1.46804028866948,1.66821130676553,"MX1 R1","TBF","FLUVA"
"4405",1,25,3.125,1.39634565477594,1.59814419866677,-0.478206235890298,-0.278035217794255,"MX1 R1","TBF","FLUVA"
"4406",1,25,6.25,3.27769048519501,2.86011981196333,1.60705789756661,1.80722891566265,"MX1 R1","TBF","FLUVA"
"4407",1,25,12.5,4.10765663908501,4.43411737775941,2.26286159063497,3.93883225208526,"MX1 R1","TBF","FLUVA"
"4408",1,25,25,2.17081321579818,1.87443471755419,1.79961479395483,3.79981464318814,"MX1 R1","TBF","FLUVA"
"4409",1,25,50,1.79177593710969,1.75495773641367,4.0521452871789,6.18628359592215,"MX1 R1","TBF","FLUVA"
"4410",1,0.39,0.78,1.29322814041177,-8.31093850023057,-5.77854498317151,-7.32647814910027,"MX1 R1","TBF","FLUVA"
"4411",1,0.39,1.56,0.954330849106877,-4.14647101523164,-2.30226547861436,-3.15494274363168,"MX1 R1","TBF","FLUVA"
"4412",1,0.39,12.5,0.61550999461575,4.49791453677834,5.26716476982085,5.49193736854406,"MX1 R1","TBF","FLUVA"
"4413",1,0.39,50,3.31451433526609,4.6050085852739,5.77450768418007,5.5094648282309,"MX1 R1","TBF","FLUVA"
"4414",1,1.56,0.78,0.21688013810059,-3.82889213783999,-3.41818041201003,-4.96611357793878,"MX1 R1","TBF","FLUVA"
"4415",1,1.56,6.25,0.45454954411821,4.9403105138925,0.85267726501732,3.63986912830102,"MX1 R1","TBF","FLUVA"
"4416",1,1.56,12.5,3.90445498312698,4.02277114257847,0.985599933669561,2.87450338864221,"MX1 R1","TBF","FLUVA"
"4417",1,1.56,25,8.37589129631737,9.8154675401059,6.25018143200567,8.72867492404768,"MX1 R1","TBF","FLUVA"
"4418",1,1.56,50,22.2408460954232,22.9190725905266,22.1393125451289,21.8742696891797,"MX1 R1","TBF","FLUVA"
"4419",1,6.25,3.125,0.21563914179529,1.46459764451258,0.921381376367279,1.21523720495442,"MX1 R1","TBF","FLUVA"
"4420",1,6.25,6.25,2.96014715947069,5.91068895682928,4.63720282997794,4.93105865856508,"MX1 R1","TBF","FLUVA"
"4421",1,6.25,12.5,7.42753888024532,6.42896762456866,7.82720049298331,8.12105632157045,"MX1 R1","TBF","FLUVA"
"4422",1,6.25,25,24.8127094871325,25.0320961279784,30.4200960293236,30.7139518579107,"MX1 R1","TBF","FLUVA"
"4423",1,6.25,50,46.6674918457497,47.1433531290632,55.2565064055797,55.5503622341669,"MX1 R1","TBF","FLUVA"
"4424",1,25,0.78,2.4876371846573,2.9642126602847,3.52243021017648,3.52301939705538,"MX1 R1","TBF","FLUVA"
"4425",1,25,3.125,0.345510450595953,1.05106592678767,0.991631289441017,0.993222715587748,"MX1 R1","TBF","FLUVA"
"4426",1,25,6.25,0.182504579664567,0.922497087768264,0.693104957824659,0.69525590091142,"MX1 R1","TBF","FLUVA"
"4427",1,0.39,12.5,0.981347353379381,0.695683451457908,-6.41747384880989,-0.13947001394699,"MX1 R1","TBF","FLUVA"
"4428",1,0.39,25,3.67651722261036,6.86896482760624,0.865960212866842,6.04370060437007,"MX1 R1","TBF","FLUVA"
"4429",1,0.39,50,16.0592556471844,19.7956356166316,16.36764215562,19.1228885789555,"MX1 R1","TBF","FLUVA"
"4430",1,1.56,12.5,2.55692964496595,0.309212924149236,3.57787715072519,6.66356733302339,"MX1 R1","TBF","FLUVA"
"4431",1,1.56,25,10.153207393674,9.2398614074822,-1.05061291953886,16.5814349914768,"MX1 R1","TBF","FLUVA"
"4432",1,1.56,50,28.9541036753591,25.2867153785088,15.6753058123047,32.9769099643577,"MX1 R1","TBF","FLUVA"
"4433",1,6.25,0.78,3.09678477135365,6.27394608067215,2.17770779587818,9.43747094374709,"MX1 R1","TBF","FLUVA"
"4434",1,6.25,1.56,0.32131967320246,0.617467662862538,-5.10572626579855,2.15403688207036,"MX1 R1","TBF","FLUVA"
"4435",1,6.25,3.125,4.84265842948395,3.58663217487275,1.24790770289817,8.50767085076709,"MX1 R1","TBF","FLUVA"
"4436",1,6.25,6.25,8.27874558268985,6.89846685287165,3.32446124388687,10.5842243917558,"MX1 R1","TBF","FLUVA"
"4437",1,6.25,12.5,15.6594430047042,13.8204200555272,11.1502786931353,18.4100418410042,"MX1 R1","TBF","FLUVA"
"4438",1,6.25,25,27.7350733262249,29.6578132493704,27.7007203481794,34.9604834960484,"MX1 R1","TBF","FLUVA"
"4439",1,6.25,50,36.3002568899792,39.410836990828,19.358043632415,55.7105222377189,"MX1 R1","TBF","FLUVA"
"4440",1,25,0.78,1.18199969903142,1.7880820895474,2.82811237200684,2.4484735781807,"MX1 R1","TBF","FLUVA"
"4441",1,25,1.56,0.0659962841286728,-0.165794898029972,0.53460547598948,0.154966682163334,"MX1 R1","TBF","FLUVA"
"4442",1,25,3.125,1.78270179765875,2.49046803612259,3.89738247893385,3.5177436851077,"MX1 R1","TBF","FLUVA"
"4443",1,25,25,0.141792058413714,0.132791533502314,-12.9269854775847,1.23973345730668,"MX1 R1","TBF","FLUVA"
"4444",1,25,50,1.44955299288139,1.92826533927006,-8.83586506847261,5.33085386641872,"MX1 R1","TBF","FLUVA"
"4445",1,0.39,6.25,0.212320340098664,0.244272793292371,-6.93567013971258,-5.45157456922163,"MX1 R2","TBF","FLUVA"
"4446",1,0.39,12.5,0.390616163395443,0.659508298178721,-4.15789236193481,-4.90196078431373,"MX1 R2","TBF","FLUVA"
"4447",1,0.39,25,1.24874414442017,5.68482348916446,-4.1548438885517,0.401069518716568,"MX1 R2","TBF","FLUVA"
"4448",1,0.39,50,3.92926001935303,6.87798346260126,-0.666908136290463,2.56981580510993,"MX1 R2","TBF","FLUVA"
"4449",1,1.56,0.78,0.292839834017773,-2.45523018800781,-0.557218143486728,-0.62388591800358,"MX1 R2","TBF","FLUVA"
"4450",1,1.56,12.5,0.104974603887035,0.353646563146409,-2.12873889173166,2.07961972667856,"MX1 R2","TBF","FLUVA"
"4451",1,1.56,25,5.0453321549208,5.65373775502745,-2.21481697806336,7.29352346999404,"MX1 R2","TBF","FLUVA"
"4452",1,1.56,50,14.7624775458084,13.6956621896855,6.84352875637258,15.0326797385621,"MX1 R2","TBF","FLUVA"
"4453",1,6.25,0.78,1.53923817427257,2.48147918667998,5.48872746064841,4.0255496137849,"MX1 R2","TBF","FLUVA"
"4454",1,6.25,3.125,0.877852926289357,1.979473706694,-0.221275337716481,3.26797385620915,"MX1 R2","TBF","FLUVA"
"4455",1,6.25,6.25,2.56566890909976,1.79573512906846,2.28912276091691,5.77837195484254,"MX1 R2","TBF","FLUVA"
"4456",1,6.25,12.5,8.48558224506495,6.92747615259935,4.0657509785948,12.5074272133096,"MX1 R2","TBF","FLUVA"
"4457",1,6.25,25,25.5037112496792,27.3043160979619,17.8388529279137,36.1853832442068,"MX1 R2","TBF","FLUVA"
"4458",1,6.25,50,35.1459552010144,34.8403162377683,27.0665003317781,55.0653594771242,"MX1 R2","TBF","FLUVA"
"4459",1,25,1.56,0.497648148996404,1.4923800233646,1.68943065983001,1.24777183600713,"MX1 R2","TBF","FLUVA"
"4460",1,25,50,1.05849532921157,0.915453687551832,-4.75434201949039,4.70885323826501,"MX1 R2","TBF","FLUVA"
"4461",1,0.39,1.56,1.3884449612864,0.691141127859225,-6.49899295561964,-3.24914496185212,"MX1 R2","TBF","FLUVA"
"4462",1,0.39,3.125,0.0602870994654197,3.05311717495521,-6.42006635735603,-0.973428045251239,"MX1 R2","TBF","FLUVA"
"4463",1,0.39,6.25,0.397486266492492,3.61944822188818,-4.13119500771119,-0.342015259142315,"MX1 R2","TBF","FLUVA"
"4464",1,0.39,12.5,3.36172483016173,-4.14852870729195,-3.36166067464094,-7.78742436200999,"MX1 R2","TBF","FLUVA"
"4465",1,0.39,50,3.25950016239666,5.33309344921691,0.434190091576362,2.2099447513812,"MX1 R2","TBF","FLUVA"
"4466",1,1.56,0.78,0.483704982842779,1.79811297045094,-5.45979274514871,-3.69639568534596,"MX1 R2","TBF","FLUVA"
"4467",1,1.56,1.56,1.41788501072998,-0.35255896463365,-2.46058201113136,-0.697184951328609,"MX1 R2","TBF","FLUVA"
"4468",1,1.56,6.25,0.498854396864839,0.693658846890896,-1.94755912241787,-0.184162062615115,"MX1 R2","TBF","FLUVA"
"4469",1,1.56,12.5,1.75571545204128,-6.82928345681751,-6.18308735430472,-5.77479610628782,"MX1 R2","TBF","FLUVA"
"4470",1,1.56,25,4.66469991261997,8.25759325025657,-4.87382284991218,9.35937911076033,"MX1 R2","TBF","FLUVA"
"4471",1,1.56,50,12.3891884518745,11.4667112380803,0.927879747244891,12.3717442778216,"MX1 R2","TBF","FLUVA"
"4472",1,6.25,0.78,1.61793080590628,4.51331764353127,2.91439834513966,1.09839515916865,"MX1 R2","TBF","FLUVA"
"4473",1,6.25,1.56,0.540641306332034,-0.910513620911871,-4.14275577467144,-1.12470402525651,"MX1 R2","TBF","FLUVA"
"4474",1,6.25,3.125,1.53050622103044,2.1230574889215,-2.45898834504767,0.559063404367265,"MX1 R2","TBF","FLUVA"
"4475",1,6.25,6.25,4.24307626526679,4.80761563805645,1.24398455682027,4.26203630623521,"MX1 R2","TBF","FLUVA"
"4476",1,6.25,12.5,11.7250912113227,8.24460579995253,4.89453893477292,12.7466456195738,"MX1 R2","TBF","FLUVA"
"4477",1,6.25,25,27.5776741291125,29.9910431496551,19.2528018104893,31.9389634306761,"MX1 R2","TBF","FLUVA"
"4478",1,6.25,50,37.8933878424401,37.4997767795498,22.884022955397,50.0723493817416,"MX1 R2","TBF","FLUVA"
"4479",1,0.39,50,20.5549709412806,24.8502138136954,22.0685715780978,23.8530585106383,"MX1 R2","TBF","FLUVA"
"4480",1,1.56,0.78,0.284094070249383,-1.22331141777954,0.570562089804206,-1.31316489361703,"MX1 R2","TBF","FLUVA"
"4481",1,1.56,1.56,0.818776433600757,-1.92721890561339,2.23279613235741,0.349069148936181,"MX1 R2","TBF","FLUVA"
"4482",1,1.56,12.5,0.764797385532443,-2.64476467009958,-0.424116676687296,2.32712765957449,"MX1 R2","TBF","FLUVA"
"4483",1,1.56,25,6.73159931869758,6.71618812599029,5.73579128049248,10.8045212765958,"MX1 R2","TBF","FLUVA"
"4484",1,1.56,50,31.2049898637448,25.6554440817395,25.2889869389988,34.0259308510638,"MX1 R2","TBF","FLUVA"
"4485",1,6.25,0.78,3.84237815964981,7.00092859643785,6.13573208713383,6.93151595744679,"MX1 R2","TBF","FLUVA"
"4486",1,6.25,1.56,4.21609342467633,4.45830179804209,5.42097144883597,6.21675531914893,"MX1 R2","TBF","FLUVA"
"4487",1,6.25,3.125,5.62251284605516,8.30540102280442,5.93626400202745,6.73204787234042,"MX1 R2","TBF","FLUVA"
"4488",1,6.25,6.25,7.61068405314371,5.48725395841584,2.98712940601573,6.1003989361702,"MX1 R2","TBF","FLUVA"
"4489",1,6.25,12.5,18.3128651757349,16.4716673091614,17.1992304698455,20.3125,"MX1 R2","TBF","FLUVA"
"4490",1,6.25,25,32.095053958724,34.724038755694,30.1340729799497,37.8823138297872,"MX1 R2","TBF","FLUVA"
"4491",1,6.25,50,43.1295611631032,46.8027442113583,42.8957117451061,57.5964095744681,"MX1 R2","TBF","FLUVA"
"4492",1,25,0.78,1.8585208041704,2.62764498571187,2.44160608125895,2.60970744680851,"MX1 R2","TBF","FLUVA"
"4493",1,25,1.56,1.22891291394639,0.50967809246265,0.795994379131287,0.964095744680847,"MX1 R2","TBF","FLUVA"
"4494",1,25,3.125,3.14986971024206,4.69514804492984,4.12046246423768,4.28856382978724,"MX1 R2","TBF","FLUVA"
"4495",1,25,6.25,1.14072885559864,-0.37453868584484,-0.384191791081477,-0.216090425531917,"MX1 R2","TBF","FLUVA"
"4496",1,25,12.5,3.88301206868582,3.91104660621323,2.41800340014085,4.90359042553192,"MX1 R2","TBF","FLUVA"
"4497",1,25,25,2.95511324790168,2.44182070330183,-1.54509396182831,3.25797872340425,"MX1 R2","TBF","FLUVA"
"4498",1,25,50,5.64076436574472,4.39156376435886,-2.2571929410858,7.18085106382978,"MX1 R2","TBF","FLUVA"
"4499",1,1.56,50,2.0004881216127,-6.42288316700633,7.87424687063415,3.97203213329367,"MX1 R3","TBF","FLUVA"
"4500",1,6.25,12.5,1.84410340878742,9.8985811398242,7.05603800422534,18.9080630764653,"MX1 R3","TBF","FLUVA"
"4501",1,6.25,25,13.8331531964025,18.5723564335681,16.9610746306592,34.0077357929188,"MX1 R3","TBF","FLUVA"
"4502",1,6.25,50,33.2510546276197,32.4409734815432,41.7007354458927,45.1948824754538,"MX1 R3","TBF","FLUVA"
"4503",1,0.39,3.125,0.476626457294008,-10.51775263823,-7.98113750863523,-9.79825056433408,"MX1 R3","TBF","FLUVA"
"4504",1,0.39,6.25,0.0247894225165695,-15.0591233108194,-13.2435528585224,-14.334085778781,"MX1 R3","TBF","FLUVA"
"4505",1,1.56,25,7.59998299966859,7.57851443271687,6.00458045958246,6.39108352144471,"MX1 R3","TBF","FLUVA"
"4506",1,1.56,50,32.4566718590709,32.7381211377192,24.9130279532208,31.6027088036118,"MX1 R3","TBF","FLUVA"
"4507",1,6.25,0.78,0.195486535988344,1.92301139114085,2.50570862880535,3.78809255079007,"MX1 R3","TBF","FLUVA"
"4508",1,6.25,6.25,0.24288090024173,-2.07581471752721,-8.22477855006299,0.874717832957117,"MX1 R3","TBF","FLUVA"
"4509",1,6.25,12.5,10.7715471091749,14.1842601745741,-1.57594638346908,14.0378103837472,"MX1 R3","TBF","FLUVA"
"4510",1,6.25,25,26.9996672421268,25.6703935434066,3.27352819820533,29.3101015801354,"MX1 R3","TBF","FLUVA"
"4511",1,6.25,50,42.0612274560836,43.9365057274177,12.3294622154559,50.091704288939,"MX1 R3","TBF","FLUVA"
"4512",1,25,0.78,1.64123614307672,1.7499402465108,1.20828216959079,2.1726862302483,"MX1 R3","TBF","FLUVA"
"4513",1,25,1.56,1.99720797842052,2.36138444495258,1.84315801609192,2.80756207674943,"MX1 R3","TBF","FLUVA"
"4514",1,25,3.125,0.865905891604115,-0.303763490514626,-0.498828439890033,0.465575620767481,"MX1 R3","TBF","FLUVA"
"4515",1,25,6.25,1.34688728037567,0.706786045725053,0.411160273428251,1.37556433408577,"MX1 R3","TBF","FLUVA"
"4516",1,25,12.5,2.48272673949781,3.70136639231282,2.70376749690456,3.66817155756208,"MX1 R3","TBF","FLUVA"
"4517",1,25,25,1.45355068599258,1.14312584873042,1.00371106349597,1.96811512415348,"MX1 R3","TBF","FLUVA"
"4518",1,25,50,2.28312403981427,1.03853136672032,1.46928668426347,2.43369074492098,"MX1 R3","TBF","FLUVA"
"4519",1,0.39,1.56,1.02364098975721,-3.56538633157183,-1.9679542567952,-0.852364104213564,"MX1 R3","TBF","FLUVA"
"4520",1,0.39,50,15.1002391787182,17.9374518473795,20.1718167632347,20.2155033772917,"MX1 R3","TBF","FLUVA"
"4521",1,1.56,0.78,0.75552490902944,0.311802928258659,-0.297261847523934,-0.916693470569328,"MX1 R3","TBF","FLUVA"
"4522",1,1.56,1.56,1.96339779239063,0.992206504507958,4.84908746093537,4.22965583788998,"MX1 R3","TBF","FLUVA"
"4523",1,1.56,6.25,0.419246349670308,1.40568148935415,2.0829247076385,1.46349308459311,"MX1 R3","TBF","FLUVA"
"4524",1,1.56,12.5,0.139610292207193,-3.14380034266925,-0.540368087335986,3.63460919909937,"MX1 R3","TBF","FLUVA"
"4525",1,1.56,25,3.66976521867045,3.65435390731583,1.56454754483653,10.5339337407526,"MX1 R3","TBF","FLUVA"
"4526",1,1.56,50,25.1361571005445,19.8144535402412,23.1773435243876,28.0154390479254,"MX1 R3","TBF","FLUVA"
"4527",1,6.25,0.78,5.08887418911819,10.8766133164685,7.88116555733208,9.8745577356063,"MX1 R3","TBF","FLUVA"
"4528",1,6.25,1.56,3.43058502492018,2.08749724934542,2.73481624887278,4.728208427147,"MX1 R3","TBF","FLUVA"
"4529",1,6.25,3.125,5.56165709503905,7.52741007260487,5.05067343767946,7.04406561595368,"MX1 R3","TBF","FLUVA"
"4530",1,6.25,6.25,7.77346260159282,7.99401523772123,6.04777861619345,8.04117079446767,"MX1 R3","TBF","FLUVA"
"4531",1,6.25,12.5,16.4288559332237,14.0593030268012,12.8004909675683,19.5882920553233,"MX1 R3","TBF","FLUVA"
"4532",1,6.25,25,29.9585840847561,32.9056968526718,31.7294070177452,38.5172081055002,"MX1 R3","TBF","FLUVA"
"4533",1,6.25,50,41.9379874041444,45.8886417078795,43.4818564873009,59.8584753940174,"MX1 R3","TBF","FLUVA"
"4534",1,25,0.78,1.49978109143329,1.45500705005576,0.382294442718958,1.19009327758123,"MX1 R3","TBF","FLUVA"
"4535",1,25,1.56,2.83379403450792,2.51834261150123,2.40866948292481,3.21646831778708,"MX1 R3","TBF","FLUVA"
"4536",1,25,3.125,3.42802211804717,3.71414411164383,2.77856333947032,3.58636217433259,"MX1 R3","TBF","FLUVA"
"4537",1,25,6.25,3.77676047376538,3.50956627750745,2.71423397311457,3.52203280797684,"MX1 R3","TBF","FLUVA"
"4538",1,25,12.5,5.19530384455842,4.61742442308156,5.27132628575531,6.07912512061758,"MX1 R3","TBF","FLUVA"
"4539",1,25,25,5.59109723053527,6.12343044570898,2.0047398272234,7.60694757156642,"MX1 R3","TBF","FLUVA"
"4540",1,25,50,5.806432511127,3.7529145041202,-2.9504924981467,7.44612415567707,"MX1 R3","TBF","FLUVA"
"4541",1,0.39,1.56,1.21223257258936,6.20375537367725,-37.0929074639059,-5.50595238095238,"OCUB-M R1","TBF","FLUVA"
"4542",1,0.39,3.125,6.44541118699732,2.19046241181657,-30.6196931781916,-8.38293650793651,"OCUB-M R1","TBF","FLUVA"
"4543",1,0.39,6.25,3.07679691618221,8.59969204695769,-31.859772543271,-2.80257936507935,"OCUB-M R1","TBF","FLUVA"
"4544",1,0.39,12.5,8.5741110397547,2.98497437169311,-19.5333836543821,-6.47321428571429,"OCUB-M R1","TBF","FLUVA"
"4545",1,0.39,25,6.55334193155959,15.7578779486331,6.28506872657031,7.71329365079364,"OCUB-M R1","TBF","FLUVA"
"4546",1,0.39,50,0.19878958242289,0.749989666005291,11.2462748585214,-0.669642857142861,"OCUB-M R1","TBF","FLUVA"
"4547",1,1.56,0.78,3.03195016886211,10.1658950617284,-30.4956852416837,7.31646825396825,"OCUB-M R1","TBF","FLUVA"
"4548",1,1.56,1.56,2.50518503127285,-2.77261078042327,-36.84489159089,-5.25793650793649,"OCUB-M R1","TBF","FLUVA"
"4549",1,1.56,3.125,7.50056751287604,-1.20327066011591,-25.6841773051757,-3.44742063492065,"OCUB-M R1","TBF","FLUVA"
"4550",1,1.56,6.25,5.80883051974169,6.73555012282692,-24.7417169877154,4.3154761904762,"OCUB-M R1","TBF","FLUVA"
"4551",1,1.56,12.5,11.5339623466609,7.68701577853362,-7.3806058766043,5.67956349206348,"OCUB-M R1","TBF","FLUVA"
"4552",1,1.56,25,13.0306597197554,15.8443267353238,12.7086798376814,14.1369047619048,"OCUB-M R1","TBF","FLUVA"
"4553",1,1.56,50,0.44835537285617,-0.963571192365848,10.6510367632834,-1.26488095238095,"OCUB-M R1","TBF","FLUVA"
"4554",1,6.25,0.78,3.22402023899188,9.63197200176366,14.419989361491,8.0109126984127,"OCUB-M R1","TBF","FLUVA"
"4555",1,6.25,1.56,2.85344357851299,4.49438347387567,13.0311004726021,6.62202380952381,"OCUB-M R1","TBF","FLUVA"
"4556",1,6.25,3.125,0.703060616202471,-5.77372586766188,8.21959253609413,1.81051587301587,"OCUB-M R1","TBF","FLUVA"
"4557",1,6.25,6.25,2.77994958865124,2.49722827499055,12.5102671392687,6.10119047619047,"OCUB-M R1","TBF","FLUVA"
"4558",1,6.25,12.5,6.95692375700798,4.49598893376795,-17.3251537129071,17.4355158730159,"OCUB-M R1","TBF","FLUVA"
"4559",1,6.25,25,6.30805822605126,10.4062157993985,-4.62674101449443,30.1339285714286,"OCUB-M R1","TBF","FLUVA"
"4560",1,25,0.78,3.25729080395476,5.40330136684301,4.35143358868018,4.73710317460316,"OCUB-M R1","TBF","FLUVA"
"4561",1,25,1.56,3.04910845407183,2.94505931712962,3.43377485852145,3.81944444444443,"OCUB-M R1","TBF","FLUVA"
"4562",1,25,3.125,3.85234619910928,1.99227115614764,4.72345739820399,5.10912698412697,"OCUB-M R1","TBF","FLUVA"
"4563",1,25,6.25,3.71338681121277,3.85123993173657,4.94667168391828,5.33234126984127,"OCUB-M R1","TBF","FLUVA"
"4564",1,25,12.5,2.8860788967726,1.10592196948222,6.03794152518812,6.4236111111111,"OCUB-M R1","TBF","FLUVA"
"4565",1,25,25,0.381700121873024,1.04439164265243,8.76611612836273,9.15178571428571,"OCUB-M R1","TBF","FLUVA"
"4566",1,0.39,1.56,3.40571173622883,14.803685019138,3.61052886521827,2.54745866503369,"OCUB-M R1","TBF","FLUVA"
"4567",1,0.39,6.25,2.75196520852252,12.4639356145392,-2.71977288113358,-0.122473974280453,"OCUB-M R1","TBF","FLUVA"
"4568",1,0.39,12.5,6.53138504458633,19.1310272776465,0.653069583423862,6.47887323943662,"OCUB-M R1","TBF","FLUVA"
"4569",1,0.39,25,6.82855337564527,9.33726880037381,-15.5862845534835,-1.05327617881198,"OCUB-M R1","TBF","FLUVA"
"4570",1,1.56,0.78,5.28460563149108,2.61296461642134,-3.63775329407942,-6.35639926515614,"OCUB-M R1","TBF","FLUVA"
"4571",1,1.56,1.56,8.54351984789502,3.06729731138505,2.34057937475551,0.51439069197798,"OCUB-M R1","TBF","FLUVA"
"4572",1,1.56,3.125,4.28031572374623,1.05040070289415,-6.91685035689947,-7.85058175137782,"OCUB-M R1","TBF","FLUVA"
"4573",1,1.56,6.25,4.55094474854205,-2.1340996269156,-9.0063471452508,-7.26270667483159,"OCUB-M R1","TBF","FLUVA"
"4574",1,1.56,12.5,12.3515046472338,9.84232507052753,-4.68244145899274,4.20085731781997,"OCUB-M R1","TBF","FLUVA"
"4575",1,1.56,25,18.5110904356363,17.049886207203,-12.8533917445562,23.0985915492958,"OCUB-M R1","TBF","FLUVA"
"4576",1,1.56,50,0.101103932905204,0.547937911019986,2.01884903367109,2.05756276791182,"OCUB-M R1","TBF","FLUVA"
"4577",1,6.25,0.78,8.53414934683945,14.7433045248246,6.69871665808365,8.59767299448868,"OCUB-M R1","TBF","FLUVA"
"4578",1,6.25,1.56,8.38438495146141,8.28931157701556,3.74869660187264,6.54011022657686,"OCUB-M R1","TBF","FLUVA"
"4579",1,6.25,3.125,10.6202261575083,14.4637503660907,3.7886442420532,8.36497244335579,"OCUB-M R1","TBF","FLUVA"
"4580",1,6.25,6.25,10.3540105063493,7.3474559650563,-4.31272195952077,3.83343539497857,"OCUB-M R1","TBF","FLUVA"
"4581",1,6.25,12.5,19.9118027276594,21.7221280771774,0.785975212600661,17.8567054500919,"OCUB-M R1","TBF","FLUVA"
"4582",1,6.25,25,18.3741498817871,18.7337136051486,-6.17843968774613,26.9565217391304,"OCUB-M R1","TBF","FLUVA"
"4583",1,25,0.78,1.40973964442732,1.98102140894569,-1.10320898069021,-0.747091243110845,"OCUB-M R1","TBF","FLUVA"
"4584",1,25,1.56,0.420545703339201,-1.90569053984173,-3.03829777432156,-2.6821800367422,"OCUB-M R1","TBF","FLUVA"
"4585",1,25,3.125,1.8572037936146,2.91551958252349,-1.04036926960177,0.208205756276783,"OCUB-M R1","TBF","FLUVA"
"4586",1,25,6.25,0.910822930392499,-0.105734114476803,-3.80667836439208,-1.66564605021433,"OCUB-M R1","TBF","FLUVA"
"4587",1,25,12.5,0.83738530880926,-0.488628407737082,-6.1304784278245,-2.20453153704838,"OCUB-M R1","TBF","FLUVA"
"4588",1,0.39,0.78,1.61238594790243,-3.81668202088327,-8.99063536581329,-3.19805498410324,"OCUB-M R1","TBF","FLUVA"
"4589",1,0.39,1.56,2.43685162137916,-19.3431265708721,-15.6672764729762,-12.0628389751262,"OCUB-M R1","TBF","FLUVA"
"4590",1,0.39,3.125,0.970002023493564,-0.377444757785707,-4.72656205367563,1.06601832803442,"OCUB-M R1","TBF","FLUVA"
"4591",1,0.39,6.25,1.88127918885479,-2.42983232593835,1.74435621825256,4.80643351412009,"OCUB-M R1","TBF","FLUVA"
"4592",1,0.39,12.5,0.691363740984912,0.959657485137782,2.57421976675131,7.36861791658876,"OCUB-M R1","TBF","FLUVA"
"4593",1,0.39,25,0.581863221143273,-2.13411427587481,-6.46364056845616,2.69309893398167,"OCUB-M R1","TBF","FLUVA"
"4594",1,1.56,0.78,3.9748816535972,13.2438923836312,8.70152846437186,13.8582382644474,"OCUB-M R1","TBF","FLUVA"
"4595",1,1.56,1.56,1.18822588240987,-3.21251787618706,1.03367733289628,4.63811483074622,"OCUB-M R1","TBF","FLUVA"
"4596",1,1.56,3.125,6.29168797019027,13.2850600353426,9.56182395717157,14.7185337572471,"OCUB-M R1","TBF","FLUVA"
"4597",1,1.56,6.25,8.35161232639474,9.62717252488414,2.4433052352383,17.4303347671592,"OCUB-M R1","TBF","FLUVA"
"4598",1,1.56,12.5,8.85212193418121,4.64683803579027,-5.16146746088609,11.5578829250047,"OCUB-M R1","TBF","FLUVA"
"4599",1,1.56,25,8.12519870472109,8.2975168351037,4.34615931933138,13.5028988217692,"OCUB-M R1","TBF","FLUVA"
"4600",1,6.25,0.78,0.726387234765497,1.57778435418675,-5.04228279774362,1.96371797269496,"OCUB-M R1","TBF","FLUVA"
"4601",1,6.25,3.125,2.7583874910064,5.00934421749615,-1.09614477642326,5.90985599401532,"OCUB-M R1","TBF","FLUVA"
"4602",1,6.25,6.25,4.6240696769778,3.1706227077759,2.38244134663641,9.388442117075,"OCUB-M R1","TBF","FLUVA"
"4603",1,6.25,12.5,10.2286334283336,11.822125384775,4.951597956665,23.8825509631569,"OCUB-M R1","TBF","FLUVA"
"4604",1,6.25,25,7.53299796172463,6.56134719863574,-1.06349828537302,29.7924069571722,"OCUB-M R1","TBF","FLUVA"
"4605",1,25,0.78,1.89129924220495,3.71185316026785,9.40966423566682,3.85262764166824,"OCUB-M R1","TBF","FLUVA"
"4606",1,25,1.56,0.84444845219123,-0.826784254817753,6.884883985059,1.32784739106042,"OCUB-M R1","TBF","FLUVA"
"4607",1,25,3.125,2.2714789918964,3.80468499069042,9.69019537462324,4.13315878062465,"OCUB-M R1","TBF","FLUVA"
"4608",1,25,6.25,0.0361823844970388,-2.00620424842471,-6.10608657902874,0.261829063025999,"OCUB-M R1","TBF","FLUVA"
"4609",1,25,12.5,2.60504266829655,3.11903198027004,1.15031888197744,7.51823452403218,"OCUB-M R1","TBF","FLUVA"
"4610",1,0.39,0.78,1.92164527161549,-6.76073657459195,-25.2138787504665,-4.22721268163805,"OCUB-M R2","TBF","FLUVA"
"4611",1,0.39,1.56,1.73718561504979,5.83148212456526,-22.5718708244427,-1.58520475561427,"OCUB-M R2","TBF","FLUVA"
"4612",1,0.39,3.125,3.90605189228065,-1.1961746145036,-13.4789602123775,5.32804931748129,"OCUB-M R2","TBF","FLUVA"
"4613",1,0.39,12.5,1.59473263474761,-7.10182142655631,-9.80216584866112,-1.32100396301188,"OCUB-M R2","TBF","FLUVA"
"4614",1,0.39,25,12.4900234407088,16.6673646872548,-0.768003142254429,21.3782474680757,"OCUB-M R2","TBF","FLUVA"
"4615",1,1.56,0.78,1.41382147696069,-1.95025013373879,-26.2926986535929,-0.836635843240856,"OCUB-M R2","TBF","FLUVA"
"4616",1,1.56,1.56,10.4931203287814,23.9948067268244,-10.9470359499381,16.0942316160282,"OCUB-M R2","TBF","FLUVA"
"4617",1,1.56,3.125,11.6282788868749,8.23155320632848,-9.53796505605875,9.26904447380008,"OCUB-M R2","TBF","FLUVA"
"4618",1,1.56,6.25,12.213571962041,15.36565323772,-6.14738821766157,16.446499339498,"OCUB-M R2","TBF","FLUVA"
"4619",1,1.56,12.5,13.5912230578499,10.9917786747342,3.42989051417462,11.9110523998239,"OCUB-M R2","TBF","FLUVA"
"4620",1,1.56,25,14.922356094959,11.8444399073106,-9.55267949628348,12.5935711140467,"OCUB-M R2","TBF","FLUVA"
"4621",1,6.25,0.78,1.11373416417416,-0.377716390744943,14.8345580615106,1.21092029942756,"OCUB-M R2","TBF","FLUVA"
"4622",1,6.25,1.56,2.22331195700166,8.89983520897282,17.872867176438,4.2492294143549,"OCUB-M R2","TBF","FLUVA"
"4623",1,6.25,3.125,3.51644786836997,0.552832305788861,19.6342057937871,6.0105680317041,"OCUB-M R2","TBF","FLUVA"
"4624",1,6.25,6.25,3.37172374541957,2.58029127235774,19.4580719320522,5.83443416996917,"OCUB-M R2","TBF","FLUVA"
"4625",1,6.25,12.5,6.93745506720982,5.24433047319398,1.80795458561876,16.7107001321004,"OCUB-M R2","TBF","FLUVA"
"4626",1,6.25,25,4.3935969026326,6.7021900977636,11.9136349026597,26.8163804491413,"OCUB-M R2","TBF","FLUVA"
"4627",1,25,0.78,28.6914945670313,29.2031358187132,21.8211646252489,30.625275209159,"OCUB-M R2","TBF","FLUVA"
"4628",1,25,1.56,26.2759442736359,29.0200896142098,16.0527806534303,24.8568912373404,"OCUB-M R2","TBF","FLUVA"
"4629",1,25,3.125,28.6093406022307,25.189119953093,21.2707463073273,30.0748568912373,"OCUB-M R2","TBF","FLUVA"
"4630",1,25,6.25,26.8418420690343,26.5452963979617,20.654277791255,29.4583883751651,"OCUB-M R2","TBF","FLUVA"
"4631",1,25,12.5,24.724965301972,23.2888655439781,24.7493900765919,33.553500660502,"OCUB-M R2","TBF","FLUVA"
"4632",1,25,25,15.4532176663909,18.3435060139321,27.5455151316337,36.3496257155438,"OCUB-M R2","TBF","FLUVA"
"4633",1,0.39,3.125,2.3054590595754,-1.22710100495625,-44.8562330513589,-11.7414397107018,"OCUB-M R2","TBF","FLUVA"
"4634",1,0.39,6.25,0.816787430597732,5.96219381235643,-41.1156973976127,-4.90450898406598,"OCUB-M R2","TBF","FLUVA"
"4635",1,0.39,12.5,2.91538992505542,-5.09803734767168,-45.6811850233332,-15.3011639733303,"OCUB-M R2","TBF","FLUVA"
"4636",1,0.39,25,2.4755197762955,8.77891382419835,-20.7405137610436,-0.293818510566169,"OCUB-M R2","TBF","FLUVA"
"4637",1,0.39,50,2.08480246112862,3.17441072355192,-9.97969300518697,0.50853203751835,"OCUB-M R2","TBF","FLUVA"
"4638",1,1.56,1.56,1.50460362788996,5.01802437375457,-40.5280603764804,0.734546276415429,"OCUB-M R2","TBF","FLUVA"
"4639",1,1.56,3.125,5.99461910208074,2.74977647922254,-34.3013680948667,-1.1865747542095,"OCUB-M R2","TBF","FLUVA"
"4640",1,1.56,6.25,6.16909659975483,5.53736162358679,-34.7420958607159,1.46909255283083,"OCUB-M R2","TBF","FLUVA"
"4641",1,1.56,12.5,10.0308945477244,6.6224164211847,-27.5774444876794,2.80257656232342,"OCUB-M R2","TBF","FLUVA"
"4642",1,1.56,25,13.9094510036151,15.0702790241431,-8.77305981144481,11.6736354390327,"OCUB-M R2","TBF","FLUVA"
"4643",1,1.56,50,1.94303202197767,2.28633107694122,-9.19994388099215,1.28828116171317,"OCUB-M R2","TBF","FLUVA"
"4644",1,6.25,0.78,8.89788888696798,12.9647031476397,6.56200629772006,11.3572155045768,"OCUB-M R2","TBF","FLUVA"
"4645",1,6.25,1.56,9.57957023215632,10.416499238661,5.27372513600687,10.0689343428636,"OCUB-M R2","TBF","FLUVA"
"4646",1,6.25,3.125,14.8615303679706,12.6203526141392,12.698292883775,17.4935020906317,"OCUB-M R2","TBF","FLUVA"
"4647",1,6.25,6.25,15.9937576753554,13.8811233298454,11.9750473193044,16.7702565261612,"OCUB-M R2","TBF","FLUVA"
"4648",1,6.25,12.5,19.4905777578684,16.9704307147144,18.8006773339953,23.5958865408521,"OCUB-M R2","TBF","FLUVA"
"4649",1,6.25,25,16.5161560213836,17.3069707437223,-20.8396771841903,30.2972087241496,"OCUB-M R2","TBF","FLUVA"
"4650",1,25,0.78,6.66697408948137,8.15345919849794,-11.9234154597016,7.34546276415415,"OCUB-M R2","TBF","FLUVA"
"4651",1,25,1.56,5.80104324438818,5.847659328066,-13.5959208275398,5.67295739631598,"OCUB-M R2","TBF","FLUVA"
"4652",1,25,3.125,8.52046603984506,8.873846700664,-7.94556485511352,11.3233133687422,"OCUB-M R2","TBF","FLUVA"
"4653",1,25,6.25,7.80129972842262,9.19306084437913,-8.62360757180467,10.6452706520511,"OCUB-M R2","TBF","FLUVA"
"4654",1,25,12.5,3.70335889224057,1.86807192064762,-14.0705507292236,5.19832749463217,"OCUB-M R2","TBF","FLUVA"
"4655",1,25,25,0.286726091187845,1.64093003697181,-11.0984634877274,8.17041473612838,"OCUB-M R2","TBF","FLUVA"
"4656",1,0.39,1.56,2.43303643579772,3.98780168908952,8.38765943151785,7.84590560709964,"OCUB-M R2","TBF","FLUVA"
"4657",1,0.39,6.25,0.731674128389747,0.901680611692483,-1.63989882115681,1.8757563533683,"OCUB-M R2","TBF","FLUVA"
"4658",1,0.39,12.5,2.5856072925753,1.10587669786432,3.45625534715258,5.62726906010488,"OCUB-M R2","TBF","FLUVA"
"4659",1,0.39,25,0.147046970864118,-0.568970558825633,-0.876775932356324,2.96490520371118,"OCUB-M R2","TBF","FLUVA"
"4660",1,1.56,1.56,2.57607263170313,2.18413942953808,3.0158829826429,5.84913271480434,"OCUB-M R2","TBF","FLUVA"
"4661",1,1.56,6.25,2.40231569001454,7.42482109908793,1.4594824548573,8.35014118596207,"OCUB-M R2","TBF","FLUVA"
"4662",1,1.56,12.5,5.26009072959673,3.21752336406774,1.49311141138774,11.7789431222267,"OCUB-M R2","TBF","FLUVA"
"4663",1,1.56,25,4.44842304694638,5.00674402374052,-0.25823370434545,11.6982654296087,"OCUB-M R2","TBF","FLUVA"
"4664",1,6.25,0.78,5.93567289703348,7.8407879922694,10.9895547722669,10.2460669624849,"OCUB-M R2","TBF","FLUVA"
"4665",1,6.25,1.56,6.08096923252821,5.6332897834346,5.17740595888229,8.49132714804357,"OCUB-M R2","TBF","FLUVA"
"4666",1,6.25,3.125,5.25582414655005,5.80457936216458,1.62758748369068,4.94150867285197,"OCUB-M R2","TBF","FLUVA"
"4667",1,6.25,6.25,9.86426082886887,10.4926155828361,3.84286908579615,11.2141992739008,"OCUB-M R2","TBF","FLUVA"
"4668",1,6.25,12.5,15.8404503048983,14.9759472102978,9.84664729605793,25.3327954820492,"OCUB-M R2","TBF","FLUVA"
"4669",1,6.25,25,12.8261745240876,12.8888634680571,4.58917749633141,32.7753126260589,"OCUB-M R2","TBF","FLUVA"
"4670",1,25,0.78,0.897914214207773,0.357468243532068,1.95373270668958,1.08914885034288,"OCUB-M R2","TBF","FLUVA"
"4671",1,25,1.56,1.44590322279838,1.04668647864328,-1.27672994291933,1.9160951996773,"OCUB-M R2","TBF","FLUVA"
"4672",1,25,3.125,2.61648116424654,3.8325321160841,0.377162755749481,3.56998789834611,"OCUB-M R2","TBF","FLUVA"
"4673",1,25,6.25,2.5738697572058,3.24963660053038,-3.78109335896634,3.46914078257362,"OCUB-M R2","TBF","FLUVA"
"4674",1,25,12.5,2.76834252948731,2.27504421570396,-9.93947731086672,5.4255748285599,"OCUB-M R2","TBF","FLUVA"
"4675",1,0.39,0.78,0.103618225963952,15.3362633990223,-19.8050408090433,5.66595059076263,"OCUB-M R3","TBF","FLUVA"
"4676",1,0.39,3.125,0.836487738863243,-6.39755365089108,-33.0703469314923,-10.5263157894737,"OCUB-M R3","TBF","FLUVA"
"4677",1,0.39,6.25,1.93020568459814,-6.77294548324164,-24.5579946221475,-10.5531686358754,"OCUB-M R3","TBF","FLUVA"
"4678",1,0.39,25,1.32129653027085,4.0175146320612,-14.9684575840679,1.20837808807732,"OCUB-M R3","TBF","FLUVA"
"4679",1,0.39,50,2.3444804789082,2.44908919529144,11.189285683872,1.74543501611171,"OCUB-M R3","TBF","FLUVA"
"4680",1,1.56,0.78,4.22131262825514,5.11503459431146,-20.6643318938983,-3.75939849624058,"OCUB-M R3","TBF","FLUVA"
"4681",1,1.56,1.56,2.31770333533621,3.85993803366788,-19.4828066522227,-2.57787325456498,"OCUB-M R3","TBF","FLUVA"
"4682",1,1.56,3.125,0.889863229405393,-2.06574390172146,-20.0735692730605,-3.16863587540277,"OCUB-M R3","TBF","FLUVA"
"4683",1,1.56,6.25,3.25174977580246,-1.03834130746537,-10.8898958036727,3.11493018259935,"OCUB-M R3","TBF","FLUVA"
"4684",1,1.56,12.5,5.50392360143952,6.53007288052878,1.16703223069891,10.4726100966703,"OCUB-M R3","TBF","FLUVA"
"4685",1,1.56,25,9.7128314186627,11.4141830908405,-1.67629861521722,14.500537056928,"OCUB-M R3","TBF","FLUVA"
"4686",1,1.56,50,0.731827937863329,-0.12862542269437,-15.8753126163943,0.644468313641241,"OCUB-M R3","TBF","FLUVA"
"4687",1,6.25,0.78,2.61790236278659,7.1074811857017,-4.89864018342344,1.61117078410312,"OCUB-M R3","TBF","FLUVA"
"4688",1,6.25,1.56,5.74816127683454,11.5328576735686,1.03583887135637,7.54564983888293,"OCUB-M R3","TBF","FLUVA"
"4689",1,6.25,3.125,1.14513971760734,0.763626016860464,-6.4292524283214,0.0805585392051569,"OCUB-M R3","TBF","FLUVA"
"4690",1,6.25,12.5,2.81415635923011,3.35108236295819,3.98965197554541,10.499462943072,"OCUB-M R3","TBF","FLUVA"
"4691",1,6.25,25,6.04860543848967,6.79885372092192,-7.23176694770692,25.2416756176155,"OCUB-M R3","TBF","FLUVA"
"4692",1,25,3.125,0.493336792633343,0.379956239378572,3.18713745615989,0.107411385606881,"OCUB-M R3","TBF","FLUVA"
"4693",1,0.39,0.78,6.55230301560299,9.95416026267401,-53.7688167625927,-13.6387136800744,"OCUB-M R3","TBF","FLUVA"
"4694",1,0.39,1.56,6.45659279578697,20.7257709465529,-43.2218205884639,-2.90559404404922,"OCUB-M R3","TBF","FLUVA"
"4695",1,0.39,3.125,2.15754318807728,38.8795283768889,-35.0634088420054,11.6637369455072,"OCUB-M R3","TBF","FLUVA"
"4696",1,0.39,6.25,14.1649618403589,1.97985547488269,-41.5777300083791,-18.1573777272257,"OCUB-M R3","TBF","FLUVA"
"4697",1,0.39,12.5,15.0177990460306,-0.775411781774032,-36.883282691659,-19.6360252300693,"OCUB-M R3","TBF","FLUVA"
"4698",1,0.39,25,7.33800012876803,28.4977282957775,-6.88638474935731,9.76114155723296,"OCUB-M R3","TBF","FLUVA"
"4699",1,0.39,50,9.19324778940882,10.5423740407991,8.71336426233707,4.20845827732396,"OCUB-M R3","TBF","FLUVA"
"4700",1,1.56,0.78,8.08410654735225,1.07808720576706,-59.1767373499156,-19.0466342673974,"OCUB-M R3","TBF","FLUVA"
"4701",1,1.56,1.56,8.95432789069485,22.2359329948266,-38.2378478865717,2.07837865784303,"OCUB-M R3","TBF","FLUVA"
"4702",1,1.56,3.125,3.73668639278481,18.8991461947841,-51.3181911809569,-7.63106193775202,"OCUB-M R3","TBF","FLUVA"
"4703",1,1.56,6.25,15.7993536442896,6.90924894011425,-33.6881632624376,-10.2678109812842,"OCUB-M R3","TBF","FLUVA"
"4704",1,1.56,12.5,16.6973548265663,7.40234171623089,-25.9330190167547,-8.68576155516493,"OCUB-M R3","TBF","FLUVA"
"4705",1,1.56,25,13.5307960686083,25.0299767746086,-7.59985801996013,9.04766828663014,"OCUB-M R3","TBF","FLUVA"
"4706",1,1.56,50,8.57432870930496,7.95685765115585,7.0589334899247,2.55402750491159,"OCUB-M R3","TBF","FLUVA"
"4707",1,6.25,0.78,4.67134256147981,5.45723189640655,2.28536584520375,-4.06369558473787,"OCUB-M R3","TBF","FLUVA"
"4708",1,6.25,1.56,5.03058851961222,6.24483144080512,2.94713815416869,-3.40192327577293,"OCUB-M R3","TBF","FLUVA"
"4709",1,6.25,3.125,8.08300555220955,17.8724755445791,8.97547028114625,2.62640885120463,"OCUB-M R3","TBF","FLUVA"
"4710",1,6.25,6.25,8.48672765886339,1.66772194507539,9.79234547502487,3.44328404508325,"OCUB-M R3","TBF","FLUVA"
"4711",1,6.25,12.5,12.6673512541451,7.26593371942062,19.5638272245854,13.2147657946438,"OCUB-M R3","TBF","FLUVA"
"4712",1,6.25,25,11.8619513628643,16.6629927317889,-9.45435365721622,23.0172681211871,"OCUB-M R3","TBF","FLUVA"
"4713",1,25,0.78,16.0910993956286,17.9993751833738,-2.62982672101521,11.1157067521456,"OCUB-M R3","TBF","FLUVA"
"4714",1,25,1.56,17.734480034805,21.0166232036803,0.296447707689154,14.04198118085,"OCUB-M R3","TBF","FLUVA"
"4715",1,25,3.125,20.4042230956148,30.4832088096258,5.71470848733966,19.4602419605005,"OCUB-M R3","TBF","FLUVA"
"4716",1,25,6.25,14.3682563675751,7.50542501916613,-4.95636999472011,8.7891634784407,"OCUB-M R3","TBF","FLUVA"
"4717",1,25,12.5,10.4616745963552,1.94444691844466,-7.50005730730412,6.24547616585669,"OCUB-M R3","TBF","FLUVA"
"4718",1,25,25,3.8615803452942,4.5672440263257,-4.58412307092733,9.16141040223349,"OCUB-M R3","TBF","FLUVA"
"4719",1,0.39,0.78,0.215040250414798,-18.7330669482465,-38.5553555923947,-12.6967471143757,"OCUB-M R3","TBF","FLUVA"
"4720",1,0.39,3.125,0.458254347615728,2.90224386677515,-23.0884091076098,2.77019937040923,"OCUB-M R3","TBF","FLUVA"
"4721",1,0.39,6.25,0.408309745484768,-6.94359117780159,-24.0118088977462,1.84679958027282,"OCUB-M R3","TBF","FLUVA"
"4722",1,1.56,3.125,1.79274011996177,8.72680187049457,-10.6854710173685,8.60440713536201,"OCUB-M R3","TBF","FLUVA"
"4723",1,1.56,6.25,2.5416596816264,-1.70518019530745,-12.8470659806423,6.44281217208815,"OCUB-M R3","TBF","FLUVA"
"4724",1,1.56,12.5,4.05136791270669,1.93966366772405,-8.1880943122268,11.1017838405037,"OCUB-M R3","TBF","FLUVA"
"4725",1,1.56,25,9.24893545023736,12.4498656146328,16.7646863803231,24.4071353620147,"OCUB-M R3","TBF","FLUVA"
"4726",1,1.56,50,1.28427615208265,0.875437261687566,-16.9678291630212,3.25288562434417,"OCUB-M R3","TBF","FLUVA"
"4727",1,6.25,0.78,3.3290551585845,4.64225745395608,7.50970212009221,9.04512067156349,"OCUB-M R3","TBF","FLUVA"
"4728",1,6.25,1.56,0.441147869963942,6.35780530692824,1.02491723027058,2.56033578174186,"OCUB-M R3","TBF","FLUVA"
"4729",1,6.25,3.125,4.04864335212792,1.08267149962177,-0.549059684734672,0.986358866736609,"OCUB-M R3","TBF","FLUVA"
"4730",1,6.25,6.25,7.94853980196292,6.05422760620078,10.9304786153703,12.4658971668416,"OCUB-M R3","TBF","FLUVA"
"4731",1,6.25,12.5,14.0467907936282,16.2320743353127,-13.0921275298591,23.4417628541448,"OCUB-M R3","TBF","FLUVA"
"4732",1,6.25,25,16.1004664719215,16.4936264670357,-1.46568471768697,35.0682056663169,"OCUB-M R3","TBF","FLUVA"
"4733",1,25,0.78,2.22928959066846,1.90084000488874,11.2730351144222,3.31584470094438,"OCUB-M R3","TBF","FLUVA"
"4734",1,25,1.56,1.25369722812817,2.10186862275094,8.83861748588072,0.881427072402943,"OCUB-M R3","TBF","FLUVA"
"4735",1,25,3.125,1.87318007616646,3.64060695280492,11.5668441385565,3.6096537250787,"OCUB-M R3","TBF","FLUVA"
"4736",1,25,6.25,1.83367319376822,-0.612541826826202,-25.59322265725,1.44805876180483,"OCUB-M R3","TBF","FLUVA"
"4737",1,25,12.5,2.8757348387999,2.36288783749116,-22.3613233917725,4.67995802728227,"OCUB-M R3","TBF","FLUVA"
"4738",1,25,25,0.179531953940156,0.263397521936028,-20.808332835634,6.23294858342078,"OCUB-M R3","TBF","FLUVA"
"4739",1,0.39,0.78,5.53322545182401,-1.59715766044022,0.148061920980057,1.51479659561177,"SKBR3 R1","TBF","FLUVA"
"4740",1,0.39,1.56,6.44753348083364,-14.354973055632,-7.09016717248445,-7.14453033497306,"SKBR3 R1","TBF","FLUVA"
"4741",1,0.39,3.125,7.04590191850173,-1.13459426948113,0.215286470486625,2.63137346763489,"SKBR3 R1","TBF","FLUVA"
"4742",1,0.39,6.25,8.37658736929915,-3.50397592663041,-1.4930066808321,3.02178496134925,"SKBR3 R1","TBF","FLUVA"
"4743",1,0.39,12.5,11.7139097399825,60.0109563969531,-1.45359666852221,8.3079565862419,"SKBR3 R1","TBF","FLUVA"
"4744",1,0.39,50,4.71693114640698,5.14150689715694,9.09790393220938,8.73740922932772,"SKBR3 R1","TBF","FLUVA"
"4745",1,1.56,0.78,5.08818593133139,-0.554826952048785,1.19754936703864,1.7490434918404,"SKBR3 R1","TBF","FLUVA"
"4746",1,1.56,1.56,3.31199923017901,-5.76552267959718,0.0731642651412514,0.624658389943008,"SKBR3 R1","TBF","FLUVA"
"4747",1,1.56,3.125,7.25630852817117,2.05304683476511,2.19090375222339,4.84110252205824,"SKBR3 R1","TBF","FLUVA"
"4748",1,1.56,6.25,9.0847221699969,0.259754877916798,-0.707289859349061,5.09096587803544,"SKBR3 R1","TBF","FLUVA"
"4749",1,1.56,12.5,18.8056839281805,51.3716393128955,-2.14802514085331,13.0944014991801,"SKBR3 R1","TBF","FLUVA"
"4750",1,1.56,25,10.0489228488807,10.2671894321379,5.61543340827716,28.2033263059264,"SKBR3 R1","TBF","FLUVA"
"4751",1,1.56,50,16.5136570583282,16.1090293737414,29.8178964992064,30.5067541188413,"SKBR3 R1","TBF","FLUVA"
"4752",1,6.25,0.78,2.93764220613458,1.37307725387768,2.39308138722357,2.4908253298977,"SKBR3 R1","TBF","FLUVA"
"4753",1,6.25,1.56,2.69769192314247,-2.82697855786427,0.175544102925926,0.273288045600054,"SKBR3 R1","TBF","FLUVA"
"4754",1,6.25,3.125,3.37621643491136,0.0684419668328076,1.32335389444619,1.42109783712031,"SKBR3 R1","TBF","FLUVA"
"4755",1,6.25,6.25,5.33325892401199,0.498280540230979,2.7444517315665,2.84219567424063,"SKBR3 R1","TBF","FLUVA"
"4756",1,6.25,12.5,10.083810064173,29.0024178808427,10.334051169374,10.4317951120481,"SKBR3 R1","TBF","FLUVA"
"4757",1,6.25,25,10.661881496728,9.70208380846812,18.3062538710215,18.4039978136956,"SKBR3 R1","TBF","FLUVA"
"4758",1,6.25,50,9.43468575384816,9.99075053684705,28.0118836047609,28.109627547435,"SKBR3 R1","TBF","FLUVA"
"4759",1,25,0.78,1.03802619664093,0.309267968907747,1.32958805671227,0.655891309440165,"SKBR3 R1","TBF","FLUVA"
"4760",1,25,1.56,0.95352217049863,-0.0322401183534282,1.60287610231232,0.929179355040219,"SKBR3 R1","TBF","FLUVA"
"4761",1,25,3.125,1.32115079521385,0.509709076890132,1.60287610231232,0.929179355040219,"SKBR3 R1","TBF","FLUVA"
"4762",1,25,6.25,1.29330726351101,-0.437963839232054,0.962601252620743,0.28890450534864,"SKBR3 R1","TBF","FLUVA"
"4763",1,25,12.5,3.92786173527242,8.75727092251229,3.67205701899852,2.99836027172641,"SKBR3 R1","TBF","FLUVA"
"4764",1,25,25,0.435049329188232,1.12749388335511,4.49972938567298,3.82603263840087,"SKBR3 R1","TBF","FLUVA"
"4765",1,0.39,0.78,2.06284750518663,0.845749150999367,-16.918257575134,-8.86326881944808,"SKBR3 R1","TBF","FLUVA"
"4766",1,0.39,1.56,0.980057678728153,2.74046526765271,-17.779022351596,-9.72403359591004,"SKBR3 R1","TBF","FLUVA"
"4767",1,0.39,3.125,2.06124975080935,-0.21304770847799,-17.3773321225804,-9.32234336689446,"SKBR3 R1","TBF","FLUVA"
"4768",1,0.39,6.25,4.60067929512834,1.94960649413733,-11.2111262693799,-3.15613751369396,"SKBR3 R1","TBF","FLUVA"
"4769",1,0.39,12.5,4.15994230785333,2.28106822784248,-10.5068641795474,-2.45187542386145,"SKBR3 R1","TBF","FLUVA"
"4770",1,0.39,25,3.5876734094668,5.16614723579098,-12.0712680965768,1.67457874693515,"SKBR3 R1","TBF","FLUVA"
"4771",1,1.56,0.78,3.71931737343333,3.00897322619681,-11.9617162159362,-5.48281078825187,"SKBR3 R1","TBF","FLUVA"
"4772",1,1.56,1.56,3.45830746105408,4.63648196743398,-12.7442296490835,-6.26532422139914,"SKBR3 R1","TBF","FLUVA"
"4773",1,1.56,3.125,3.3615584982232,1.18024993299711,-13.2659052711817,-6.78699984349731,"SKBR3 R1","TBF","FLUVA"
"4774",1,1.56,6.25,8.11343280136468,7.01140635896321,-3.93312839184522,2.54577703583912,"SKBR3 R1","TBF","FLUVA"
"4775",1,1.56,12.5,11.4908221881265,11.7508148259433,1.13234189872809,7.61124732641242,"SKBR3 R1","TBF","FLUVA"
"4776",1,1.56,25,18.4057702802611,18.4453801936092,-8.9034511719107,20.3923000678178,"SKBR3 R1","TBF","FLUVA"
"4777",1,1.56,50,9.30070774691023,8.99803933079313,-12.6935411475041,12.880171109604,"SKBR3 R1","TBF","FLUVA"
"4778",1,6.25,0.78,2.3004127856759,2.43027687199531,-1.91237488653002,-2.21712139391726,"SKBR3 R1","TBF","FLUVA"
"4779",1,6.25,1.56,1.97304705284361,3.02932562402593,-2.63228724502549,-2.93703375241274,"SKBR3 R1","TBF","FLUVA"
"4780",1,6.25,3.125,4.37259894874329,5.98274144422928,1.92715769211258,1.62241118472534,"SKBR3 R1","TBF","FLUVA"
"4781",1,6.25,6.25,4.81224463258516,3.41427400895981,-10.1333597415322,0.970316657102614,"SKBR3 R1","TBF","FLUVA"
"4782",1,6.25,12.5,10.3034578770111,9.81937268017942,-3.54981339065321,7.55386300798164,"SKBR3 R1","TBF","FLUVA"
"4783",1,6.25,25,20.5022877689668,20.3179700683598,-1.12861555485257,21.3834837498044,"SKBR3 R1","TBF","FLUVA"
"4784",1,6.25,50,14.13011282003,13.4482714805271,-2.74456408482676,34.2375710783035,"SKBR3 R1","TBF","FLUVA"
"4785",1,25,0.78,0.654388665916912,0.665720034102776,1.00566068879407,-0.646877771401734,"SKBR3 R1","TBF","FLUVA"
"4786",1,25,1.56,0.0900299273798737,-0.0990092378713143,-0.131592167379964,-1.78413062757576,"SKBR3 R1","TBF","FLUVA"
"4787",1,25,3.125,0.994341802521831,1.18978509329314,1.61080441042795,-0.0417340497678538,"SKBR3 R1","TBF","FLUVA"
"4788",1,25,6.25,0.603316479866649,-0.499156130013375,0.463118041811953,-1.18942041838385,"SKBR3 R1","TBF","FLUVA"
"4789",1,25,12.5,4.6181442504856,5.02715602058912,6.03983044204149,4.38729198184569,"SKBR3 R1","TBF","FLUVA"
"4790",1,25,25,7.10867462476106,6.86166567044648,-2.59327815441829,7.16260629140801,"SKBR3 R1","TBF","FLUVA"
"4791",1,25,50,0.80155705279769,1.80791995035217,0.281154523342678,10.037038969169,"SKBR3 R1","TBF","FLUVA"
"4792",1,0.39,0.78,0.442738246954342,1.66804068790247,-0.489658942452583,-0.677807144684138,"SKBR3 R1","TBF","FLUVA"
"4793",1,0.39,1.56,1.11176744356635,0.684179744540752,-1.29535422764315,-1.4835024298747,"SKBR3 R1","TBF","FLUVA"
"4794",1,0.39,3.125,1.99330324193866,1.4204768048741,-1.73224130372535,-0.989001619916465,"SKBR3 R1","TBF","FLUVA"
"4795",1,0.39,6.25,2.52269577581956,2.05536308023521,1.43938458083428,2.18262426464317,"SKBR3 R1","TBF","FLUVA"
"4796",1,0.39,12.5,0.799984327938811,2.47532535223427,-0.48940265986017,2.96274192173244,"SKBR3 R1","TBF","FLUVA"
"4797",1,0.39,50,31.6138428042792,31.9575244548678,29.4831692579146,32.3002813539091,"SKBR3 R1","TBF","FLUVA"
"4798",1,1.56,0.78,1.19044807462981,1.07522371192887,-1.66158247320628,-1.1552562025748,"SKBR3 R1","TBF","FLUVA"
"4799",1,1.56,1.56,3.70112002091796,5.84656533568381,3.27916268835906,3.78548895899054,"SKBR3 R1","TBF","FLUVA"
"4800",1,1.56,3.125,7.54041102001334,13.502508162405,9.77381282772574,11.2115269843977,"SKBR3 R1","TBF","FLUVA"
"4801",1,1.56,6.25,9.06213831646351,11.0649468292889,6.95407154150312,11.1859493562964,"SKBR3 R1","TBF","FLUVA"
"4802",1,1.56,12.5,10.7089679779205,9.83147976155549,1.48717388809346,10.3759911330889,"SKBR3 R1","TBF","FLUVA"
"4803",1,1.56,25,18.691174198057,17.5363340685523,7.14266594461556,22.4230539687953,"SKBR3 R1","TBF","FLUVA"
"4804",1,1.56,50,42.9185759628373,42.6036119097118,35.1683737392587,46.3679768096172,"SKBR3 R1","TBF","FLUVA"
"4805",1,6.25,0.78,2.03716500188706,3.53441139591458,2.03513649758603,2.29772359109899,"SKBR3 R1","TBF","FLUVA"
"4806",1,6.25,1.56,0.494368359067437,-0.0465975579562183,-2.38333468626326,-1.18935970670986,"SKBR3 R1","TBF","FLUVA"
"4807",1,6.25,3.125,3.91846137526935,5.68237352945265,3.21816586791868,4.41214084747208,"SKBR3 R1","TBF","FLUVA"
"4808",1,6.25,6.25,5.62366705532452,5.73050594862851,2.74084495132419,5.79759570295848,"SKBR3 R1","TBF","FLUVA"
"4809",1,6.25,12.5,9.28661553208201,8.01935111446734,3.40172848523699,8.32125500895217,"SKBR3 R1","TBF","FLUVA"
"4810",1,6.25,25,22.2221758042948,22.3770055880361,18.5780441079266,27.2231221758036,"SKBR3 R1","TBF","FLUVA"
"4811",1,6.25,50,28.9658263051699,30.0959923941248,3.63642579273562,45.8777389376758,"SKBR3 R1","TBF","FLUVA"
"4812",1,25,12.5,2.64179396257909,2.93022070940886,3.22072869384289,3.00963423991816,"SKBR3 R1","TBF","FLUVA"
"4813",1,25,25,6.05114018507017,6.1513037986394,4.0810901089027,7.42603802540711,"SKBR3 R1","TBF","FLUVA"
"4814",1,25,50,6.40080417489192,5.90073906747938,6.0853318379401,10.052007843806,"SKBR3 R1","TBF","FLUVA"
"4815",1,0.39,1.56,1.80591864234583,1.4994404851685,-4.1944031102311,0.12926159314911,"SKBR3 R2","TBF","FLUVA"
"4816",1,0.39,3.125,1.18334254180874,9.16015509302606,-3.02672228829787,3.25577637744384,"SKBR3 R2","TBF","FLUVA"
"4817",1,0.39,6.25,3.91284294484509,10.6315219349055,-2.42773918476273,7.65067054451445,"SKBR3 R2","TBF","FLUVA"
"4818",1,0.39,12.5,6.37905423326318,7.41074868418135,-1.69459388687727,6.14800452415577,"SKBR3 R2","TBF","FLUVA"
"4819",1,0.39,25,4.03919976558863,7.87348310102821,-2.88509656501508,6.81854903861689,"SKBR3 R2","TBF","FLUVA"
"4820",1,0.39,50,6.99201289377473,9.0529527144373,4.81343175629094,8.41816125383744,"SKBR3 R2","TBF","FLUVA"
"4821",1,1.56,0.78,1.59453667948158,-0.733817087901205,-1.4810990923488,-2.64986265955729,"SKBR3 R2","TBF","FLUVA"
"4822",1,1.56,1.56,3.41142904403583,0.506693592510228,1.41920790393493,0.250444336726446,"SKBR3 R2","TBF","FLUVA"
"4823",1,1.56,3.125,3.98704766787608,2.63977551945932,-2.2884099319207,-1.55921796736145,"SKBR3 R2","TBF","FLUVA"
"4824",1,1.56,6.25,7.85893429296898,7.83162685421606,1.18664361918269,5.71174664727742,"SKBR3 R2","TBF","FLUVA"
"4825",1,1.56,12.5,11.6497319445914,10.0467406286716,5.24394845706739,15.4629180804653,"SKBR3 R2","TBF","FLUVA"
"4826",1,1.56,25,11.848959936773,9.46401395310914,4.24561581582272,25.8523186298271,"SKBR3 R2","TBF","FLUVA"
"4827",1,1.56,50,15.868688824099,14.6278875882581,16.4088773622948,27.6054289869123,"SKBR3 R2","TBF","FLUVA"
"4828",1,6.25,0.78,0.845971016996941,2.19349381225911,-0.462938792038031,1.28453708191952,"SKBR3 R2","TBF","FLUVA"
"4829",1,6.25,6.25,2.46133837643677,4.49571726987045,-0.155368390698627,3.49006301502666,"SKBR3 R2","TBF","FLUVA"
"4830",1,6.25,12.5,7.82727263962023,8.50671139756891,5.5327158254735,11.0761027629665,"SKBR3 R2","TBF","FLUVA"
"4831",1,6.25,25,10.0954503714908,11.2754463202152,10.6596070552092,19.0499272903538,"SKBR3 R2","TBF","FLUVA"
"4832",1,6.25,50,8.82838230394887,10.1719314684858,4.49479615388474,28.4698658910971,"SKBR3 R2","TBF","FLUVA"
"4833",1,25,0.78,2.00365819873453,2.31765342066899,3.03286539909053,1.98739699466796,"SKBR3 R2","TBF","FLUVA"
"4834",1,25,1.56,1.39248933806458,0.157271926662162,1.15857229842806,0.113103894005491,"SKBR3 R2","TBF","FLUVA"
"4835",1,25,3.125,3.16624338540839,3.13125061661765,3.45296557682522,2.40749717240266,"SKBR3 R2","TBF","FLUVA"
"4836",1,25,6.25,3.2105693528498,2.40933903001226,3.08941734609327,2.04394894167071,"SKBR3 R2","TBF","FLUVA"
"4837",1,25,12.5,4.52115312632145,4.42272566678314,4.2518136796192,5.3562772661173,"SKBR3 R2","TBF","FLUVA"
"4838",1,25,25,3.31110768054579,2.48305771650749,3.36579283407409,5.30780416868637,"SKBR3 R2","TBF","FLUVA"
"4839",1,25,50,1.23408109240995,0.541883385167722,4.50056513244111,7.19017611892066,"SKBR3 R2","TBF","FLUVA"
"4840",1,0.39,1.56,0.772501868963906,2.86987293527239,-33.0434791308039,-7.63141381474153,"SKBR3 R2","TBF","FLUVA"
"4841",1,0.39,3.125,1.23483280958853,10.5446589689636,-27.5214440871199,-0.159289472413946,"SKBR3 R2","TBF","FLUVA"
"4842",1,0.39,6.25,4.9646505346057,8.55606331521495,-23.9736331106272,-1.62668340010619,"SKBR3 R2","TBF","FLUVA"
"4843",1,0.39,12.5,7.51250747531236,9.30179283060909,-20.6382080973531,-0.637157889655825,"SKBR3 R2","TBF","FLUVA"
"4844",1,0.39,25,7.03068810652822,10.1062004607431,-12.4323867911794,0.864024714002994,"SKBR3 R2","TBF","FLUVA"
"4845",1,1.56,0.78,0.382969783372752,-0.367091262526674,-24.3935780833549,-4.39252787565766,"SKBR3 R2","TBF","FLUVA"
"4846",1,1.56,1.56,2.65534988937595,-0.0746678503300551,-21.0774608849188,-1.07641067722159,"SKBR3 R2","TBF","FLUVA"
"4847",1,1.56,3.125,7.884379919111,9.96236064192394,-12.9054282547118,7.09562195298547,"SKBR3 R2","TBF","FLUVA"
"4848",1,1.56,6.25,12.0078006608806,10.3887614351558,-7.68266434101771,12.3183858666795,"SKBR3 R2","TBF","FLUVA"
"4849",1,1.56,12.5,17.8241469142744,15.940757049895,0.112865899847264,20.1139161075445,"SKBR3 R2","TBF","FLUVA"
"4850",1,1.56,25,20.6214848770381,20.1962473905366,10.780433597873,24.0768451030555,"SKBR3 R2","TBF","FLUVA"
"4851",1,1.56,50,3.930007004039,3.93973552604077,-18.1803176871251,5.71511319206449,"SKBR3 R2","TBF","FLUVA"
"4852",1,6.25,0.78,1.48282015702797,2.40772258165934,-4.41674467048883,0.265482454023271,"SKBR3 R2","TBF","FLUVA"
"4853",1,6.25,1.56,2.40029064397095,1.27645420578008,-3.93887625324695,0.74335087126515,"SKBR3 R2","TBF","FLUVA"
"4854",1,6.25,3.125,7.35671026150764,9.81348860095788,3.60565239472331,8.28787951923541,"SKBR3 R2","TBF","FLUVA"
"4855",1,6.25,6.25,9.83095211018719,8.52081492669392,4.86548731290644,9.54771443741854,"SKBR3 R2","TBF","FLUVA"
"4856",1,6.25,12.5,16.3920135065475,15.8753950127212,13.4140223324556,18.0962494569677,"SKBR3 R2","TBF","FLUVA"
"4857",1,6.25,25,20.0905579968822,19.6165877298464,-8.85464312034416,25.2497948544673,"SKBR3 R2","TBF","FLUVA"
"4858",1,6.25,50,13.7807994993967,13.8001315763694,9.8835911799889,33.7790220591785,"SKBR3 R2","TBF","FLUVA"
"4859",1,25,3.125,0.778899212690348,0.801207213270828,2.66729538426557,0.366848481923057,"SKBR3 R2","TBF","FLUVA"
"4860",1,25,6.25,3.08894160392106,3.27957545566292,5.87239264738282,3.57194574504031,"SKBR3 R2","TBF","FLUVA"
"4861",1,25,12.5,5.19459251941142,4.85594315815473,7.78869327005985,5.48824636771734,"SKBR3 R2","TBF","FLUVA"
"4862",1,25,25,6.47280836009941,6.48130757457847,-19.0366164845211,8.08514746343583,"SKBR3 R2","TBF","FLUVA"
"4863",1,25,50,1.91414724593635,2.28027954038295,-16.246637240422,10.8751267075349,"SKBR3 R2","TBF","FLUVA"
"4864",1,0.39,0.78,0.688933888013502,4.27852721225838,-4.10282515371987,-1.50749427670509,"SKBR3 R2","TBF","FLUVA"
"4865",1,0.39,1.56,1.04454334818981,5.88268028683258,-1.59753380561398,0.997797071400797,"SKBR3 R2","TBF","FLUVA"
"4866",1,0.39,3.125,1.46809425657243,3.33405488652686,-3.05319446822035,-0.457863591205566,"SKBR3 R2","TBF","FLUVA"
"4867",1,0.39,6.25,2.92176862184577,4.45060289992515,-1.45931083468398,1.06690855686581,"SKBR3 R2","TBF","FLUVA"
"4868",1,0.39,12.5,2.77725176751031,5.64553887158068,0.328948851722637,2.28067902034468,"SKBR3 R2","TBF","FLUVA"
"4869",1,0.39,25,5.26892239698077,6.11579945303571,-2.14733194349255,2.82925143622306,"SKBR3 R2","TBF","FLUVA"
"4870",1,0.39,50,17.1857293232948,19.1250945593753,7.77267654641559,16.5997149151224,"SKBR3 R2","TBF","FLUVA"
"4871",1,1.56,0.78,3.17608938095825,4.44507851120235,-1.25320210028924,-0.911407714569563,"SKBR3 R2","TBF","FLUVA"
"4872",1,1.56,1.56,3.56363270993005,3.81817224469376,-1.04586764389426,-0.704073258174589,"SKBR3 R2","TBF","FLUVA"
"4873",1,1.56,3.125,3.72036139612547,2.68971999360835,-1.16249327561643,-0.820698889896761,"SKBR3 R2","TBF","FLUVA"
"4874",1,1.56,6.25,9.99507906304893,13.4136445751812,7.29657163108246,10.3451254805408,"SKBR3 R2","TBF","FLUVA"
"4875",1,1.56,12.5,11.6944869645131,10.4022705978365,2.1277154976535,7.88302881085049,"SKBR3 R2","TBF","FLUVA"
"4876",1,1.56,25,23.2675488548497,22.7052762722284,8.59428000739214,22.4698717118051,"SKBR3 R2","TBF","FLUVA"
"4877",1,1.56,50,42.9423156782571,42.3151684532473,17.9212956810061,45.6956502958835,"SKBR3 R2","TBF","FLUVA"
"4878",1,6.25,0.78,3.7860870375658,5.61436261660311,0.680752652411797,2.5960001727787,"SKBR3 R2","TBF","FLUVA"
"4879",1,6.25,1.56,6.26613970391686,9.00155548419692,4.5380374349266,6.4532849552935,"SKBR3 R2","TBF","FLUVA"
"4880",1,6.25,3.125,7.88436885311944,9.49398358730213,5.60062652395084,7.51587404431774,"SKBR3 R2","TBF","FLUVA"
"4881",1,6.25,6.25,10.9174306163121,11.3053606640809,4.95425322063721,9.57626020474277,"SKBR3 R2","TBF","FLUVA"
"4882",1,6.25,12.5,15.5254599492762,14.1447367567949,2.68962634965853,12.7251522612414,"SKBR3 R2","TBF","FLUVA"
"4883",1,6.25,25,25.9505024928943,24.5981155533715,6.30966155180786,24.4654658546067,"SKBR3 R2","TBF","FLUVA"
"4884",1,6.25,50,33.2213813867169,35.0820089992514,13.06163209001,47.4579931752408,"SKBR3 R2","TBF","FLUVA"
"4885",1,25,25,5.59338663871823,5.71663293513235,3.9608344987595,5.68441967949548,"SKBR3 R2","TBF","FLUVA"
"4886",1,25,50,6.05124280431518,5.31385482641181,3.88895041837361,8.31929506284825,"SKBR3 R2","TBF","FLUVA"
"4887",1,0.39,12.5,0.0860587469262875,2.93409504545068,-16.019836498077,-0.7170736135064,"SKBR3 R3","TBF","FLUVA"
"4888",1,0.39,25,4.60912547719108,10.3289956244357,0.872239384649674,7.03458291730961,"SKBR3 R3","TBF","FLUVA"
"4889",1,0.39,50,12.7463564988666,16.2906989304794,3.98552558012341,14.341472270128,"SKBR3 R3","TBF","FLUVA"
"4890",1,1.56,12.5,2.98430257442325,2.53691208028416,4.2790674387338,6.92566034310612,"SKBR3 R3","TBF","FLUVA"
"4891",1,1.56,25,11.5902337140968,8.08469988236141,3.15653178218888,18.6892983570845,"SKBR3 R3","TBF","FLUVA"
"4892",1,1.56,50,16.8472762540108,14.1651968811945,6.90220205029175,30.1443224108196,"SKBR3 R3","TBF","FLUVA"
"4893",1,6.25,25,10.1607101544204,13.0245080158616,10.9777217017395,18.3352999909231,"SKBR3 R3","TBF","FLUVA"
"4894",1,6.25,50,8.54035291466226,11.1353937570749,7.93996411544965,28.1837160751566,"SKBR3 R3","TBF","FLUVA"
"4895",1,25,0.78,0.503871906130072,-0.355487149341826,2.14891392029671,-0.0907688118362557,"SKBR3 R3","TBF","FLUVA"
"4896",1,25,1.56,0.710435210790109,-0.939925588359159,2.15799080148034,-0.0816919306526245,"SKBR3 R3","TBF","FLUVA"
"4897",1,25,3.125,0.486033006756472,0.708761309407123,2.57552733592709,0.335844603794129,"SKBR3 R3","TBF","FLUVA"
"4898",1,25,6.25,2.36947238319182,1.02704453329484,3.86444446400189,1.62476173186893,"SKBR3 R3","TBF","FLUVA"
"4899",1,25,12.5,3.99790754462549,3.21063631524135,6.19720292819359,3.95752019606063,"SKBR3 R3","TBF","FLUVA"
"4900",1,25,25,4.12930473574269,2.55219620689189,6.59658570027311,4.35690296814015,"SKBR3 R3","TBF","FLUVA"
"4901",1,25,50,0.943545632664382,-0.310903572007746,-5.16405470348066,5.48243623490968,"SKBR3 R3","TBF","FLUVA"
"4902",1,0.39,0.78,2.59133485683441,6.51011981756809,-4.17805848182889,-0.0101522842639525,"SKBR3 R3","TBF","FLUVA"
"4903",1,0.39,1.56,0.132533006335007,7.03274858924476,-9.11206863411315,0.106598984771566,"SKBR3 R3","TBF","FLUVA"
"4904",1,0.39,3.125,0.999220092246771,4.74499961349172,-9.91409909096594,-2.01522842639592,"SKBR3 R3","TBF","FLUVA"
"4905",1,0.39,6.25,2.12488652355016,1.96482362338633,-9.69582497929081,-4.61421319796953,"SKBR3 R3","TBF","FLUVA"
"4906",1,0.39,12.5,2.00926389851939,6.19136566260401,-4.17805848182889,-0.309644670050758,"SKBR3 R3","TBF","FLUVA"
"4907",1,0.39,25,2.54554990958308,3.29207219974746,-10.4872641168271,-2.68527918781726,"SKBR3 R3","TBF","FLUVA"
"4908",1,1.56,0.78,5.53840820564708,5.65148599551652,1.28155189864153,4.3502538071066,"SKBR3 R3","TBF","FLUVA"
"4909",1,1.56,1.56,3.92181044461396,7.12793733412354,-2.07377805059705,0.994923857868017,"SKBR3 R3","TBF","FLUVA"
"4910",1,1.56,3.125,5.82563770434883,9.96463758406555,2.07850621336233,5.1472081218274,"SKBR3 R3","TBF","FLUVA"
"4911",1,1.56,6.25,6.62027648140686,8.2232554304414,2.99221179711869,6.06091370558376,"SKBR3 R3","TBF","FLUVA"
"4912",1,1.56,12.5,7.43872032026075,5.71948723234301,-4.40604584271546,4.70050761421319,"SKBR3 R3","TBF","FLUVA"
"4913",1,1.56,25,14.5005069573571,14.4876688397021,-6.07797612262397,19.8375634517766,"SKBR3 R3","TBF","FLUVA"
"4914",1,1.56,50,16.7135011487762,16.5385467288516,-5.73379990603151,19.4111675126904,"SKBR3 R3","TBF","FLUVA"
"4915",1,6.25,0.78,0.834387417805068,-0.45199927851786,-2.29029602206207,-1.06091370558376,"SKBR3 R3","TBF","FLUVA"
"4916",1,6.25,1.56,0.999057300368932,1.90548996366823,-2.19384932155445,-0.964467005076138,"SKBR3 R3","TBF","FLUVA"
"4917",1,6.25,3.125,3.08591502692214,4.61473266510346,1.13102377489225,2.36040609137056,"SKBR3 R3","TBF","FLUVA"
"4918",1,6.25,6.25,4.11671313025143,3.86974052410524,-4.40936584463733,2.85786802030457,"SKBR3 R3","TBF","FLUVA"
"4919",1,6.25,12.5,7.63124915913646,7.46160529774021,-6.32031383980142,6.98477157360406,"SKBR3 R3","TBF","FLUVA"
"4920",1,6.25,25,15.0839691711462,14.9367909505527,-1.29217554054927,18.0507614213198,"SKBR3 R3","TBF","FLUVA"
"4921",1,6.25,50,15.8754900083225,15.1097498003041,5.78440562648295,37.2030456852792,"SKBR3 R3","TBF","FLUVA"
"4922",1,25,0.78,1.34237944891423,1.62293900899277,0.992527453894112,1.44162436548224,"SKBR3 R3","TBF","FLUVA"
"4923",1,25,1.56,1.2657570735477,1.78351258728645,0.479837098564161,0.92893401015229,"SKBR3 R3","TBF","FLUVA"
"4924",1,25,3.125,1.80229368745884,2.08750779458374,0.967146743234224,1.41624365482235,"SKBR3 R3","TBF","FLUVA"
"4925",1,25,6.25,2.43134472244776,1.83937334123529,1.08897415440173,1.53807106598985,"SKBR3 R3","TBF","FLUVA"
"4926",1,25,12.5,5.14298005047107,5.46178231853438,4.8707000427266,5.31979695431473,"SKBR3 R3","TBF","FLUVA"
"4927",1,25,25,5.94565060516595,6.0524576773429,6.53059851988397,6.9796954314721,"SKBR3 R3","TBF","FLUVA"
"4928",1,25,50,2.13208961701146,2.89342600943083,2.98513275822242,9.47208121827413,"SKBR3 R3","TBF","FLUVA"
"4929",1,0.39,6.25,0.267239488727117,-4.81068803254454,-8.83115541156898,-0.150196580819014,"SKBR3 R3","TBF","FLUVA"
"4930",1,0.39,25,2.19416527846098,4.47483350770355,-9.57446496906034,8.93227901223662,"SKBR3 R3","TBF","FLUVA"
"4931",1,0.39,50,11.7807439454673,11.3015793461496,11.1559189840725,14.3172681892477,"SKBR3 R3","TBF","FLUVA"
"4932",1,1.56,6.25,0.058123505357127,-1.98219996699711,-5.87256100652113,2.26620135176923,"SKBR3 R3","TBF","FLUVA"
"4933",1,1.56,12.5,1.37565640409477,0.180404582196829,-2.60799414695495,5.53076821133541,"SKBR3 R3","TBF","FLUVA"
"4934",1,1.56,25,11.8444392404835,14.0837287403672,-0.448975657443626,21.6415602774219,"SKBR3 R3","TBF","FLUVA"
"4935",1,1.56,50,31.3941196702408,31.1112197603823,26.1258223081467,43.2389450898971,"SKBR3 R3","TBF","FLUVA"
"4936",1,6.25,0.78,1.91309322703707,4.39130524983025,3.0618120594388,3.86093563634758,"SKBR3 R3","TBF","FLUVA"
"4937",1,6.25,1.56,0.640376788660241,1.3177882506022,-0.317611008989005,0.481512567919772,"SKBR3 R3","TBF","FLUVA"
"4938",1,6.25,3.125,0.786160372810393,0.188620278067589,-0.622421717121703,0.176701859787073,"SKBR3 R3","TBF","FLUVA"
"4939",1,6.25,6.25,2.83958785996251,0.547136072915606,2.12970974906198,2.92883332597076,"SKBR3 R3","TBF","FLUVA"
"4940",1,6.25,12.5,7.79379094645455,6.47616863048696,8.67651365417307,9.47563723108185,"SKBR3 R3","TBF","FLUVA"
"4941",1,6.25,25,14.273221333906,15.2046244243517,4.69072496958889,19.4416221230728,"SKBR3 R3","TBF","FLUVA"
"4942",1,6.25,50,21.1109246409234,20.7523614627357,9.46051343745422,38.1631841675134,"SKBR3 R3","TBF","FLUVA"
"4943",1,25,12.5,1.53290945805885,1.41782732511525,5.50239177822375,2.28828908424261,"SKBR3 R3","TBF","FLUVA"
"4944",1,25,25,4.78568784278288,5.12725011297997,-4.38082147675405,6.35684940584,"SKBR3 R3","TBF","FLUVA"
"4945",1,25,50,3.3187361535804,3.41572317416887,-2.26923425229852,8.46843663029553,"SKBR3 R3","TBF","FLUVA"
"4946",1,0.39,6.25,0.145436655504234,-18.9082957481802,-7.41958341561588,-13.0073280721533,"SKBR5 R1","TBF","FLUVA"
"4947",1,0.39,50,6.11711233530617,5.54430128157057,6.74265214474683,6.97576099210822,"SKBR5 R1","TBF","FLUVA"
"4948",1,1.56,6.25,0.32499644101563,-6.39793008564848,-3.97872390266882,-7.04152574220218,"SKBR5 R1","TBF","FLUVA"
"4949",1,1.56,50,5.44317884428018,4.89118576524154,4.48254382626993,4.73506200676437,"SKBR5 R1","TBF","FLUVA"
"4950",1,6.25,12.5,2.37939166288101,3.74073822812033,8.23825957457056,14.5293122886133,"SKBR5 R1","TBF","FLUVA"
"4951",1,6.25,50,3.61523702445011,5.22718151706536,8.69953116317031,10.6397970687711,"SKBR5 R1","TBF","FLUVA"
"4952",1,25,3.125,0.863206178384935,1.27389281351957,4.93513132252897,5.62758361518225,"SKBR5 R1","TBF","FLUVA"
"4953",1,25,6.25,8.43723139149554,7.37076654647042,16.3781978388762,17.0706501315295,"SKBR5 R1","TBF","FLUVA"
"4954",1,25,12.5,6.40050569852235,5.0045211279719,14.1609862642802,14.8534385569335,"SKBR5 R1","TBF","FLUVA"
"4955",1,25,50,0.611114559498446,0.0985279669127692,2.38199749545501,6.84892897406989,"SKBR5 R1","TBF","FLUVA"
"4956",1,0.39,0.78,1.63438586092561,12.4299247321163,15.7879201215493,13.091583154724,"SKBR5 R1","TBF","FLUVA"
"4957",1,0.39,1.56,1.60933128887219,-9.33754768097301,0.00271476906134449,-4.13022070323815,"SKBR5 R1","TBF","FLUVA"
"4958",1,0.39,50,0.540836567473164,0.24005509672692,1.56806099528464,1.37867114638243,"SKBR5 R1","TBF","FLUVA"
"4959",1,1.56,0.78,1.8320542636916,1.73936299682782,1.34794563956675,2.40398540230552,"SKBR5 R1","TBF","FLUVA"
"4960",1,1.56,12.5,1.01504480022449,1.59199268132126,-5.77494832885012,4.43723570642415,"SKBR5 R1","TBF","FLUVA"
"4961",1,1.56,50,5.38357102448094,5.35410536911789,5.73582385338277,6.4067659155419,"SKBR5 R1","TBF","FLUVA"
"4962",1,6.25,12.5,2.07359087768543,5.32902577218504,-6.65827776111033,7.51897121010252,"SKBR5 R1","TBF","FLUVA"
"4963",1,6.25,50,6.65905422316635,7.136431856351,10.5070149076218,12.6281642819904,"SKBR5 R1","TBF","FLUVA"
"4964",1,25,6.25,0.422975452172899,-0.0807305312774957,-0.221299124748086,1.61038058274924,"SKBR5 R1","TBF","FLUVA"
"4965",1,25,12.5,3.19826546827938,3.47100077983989,2.20184170415671,4.86589816370272,"SKBR5 R1","TBF","FLUVA"
"4966",1,25,25,1.33824340336378,1.26065811983041,8.90936880768164,14.0705555233737,"SKBR5 R1","TBF","FLUVA"
"4967",1,25,50,1.01963590311773,0.667430353927443,7.36162115012415,11.5449226669756,"SKBR5 R1","TBF","FLUVA"
"4968",1,0.39,1.56,0.0544940372641713,0.156065122992225,-25.6287320377101,-0.148228001617042,"SKBR5 R1","TBF","FLUVA"
"4969",1,0.39,6.25,0.346702854584398,-2.14646636829317,-25.4131276717216,-0.368324125230217,"SKBR5 R1","TBF","FLUVA"
"4970",1,0.39,12.5,0.593233370883006,-1.71335646252584,-22.6956143087427,0.0224587881237852,"SKBR5 R1","TBF","FLUVA"
"4971",1,0.39,50,6.18308546723408,5.95337712957416,1.01045962228147,6.40524637290572,"SKBR5 R1","TBF","FLUVA"
"4972",1,1.56,0.78,0.31164018072409,1.63747172503337,-21.684968843172,2.21892826663073,"SKBR5 R1","TBF","FLUVA"
"4973",1,1.56,1.56,0.963050524081256,3.5514392469686,-20.6518645894776,3.2520325203252,"SKBR5 R1","TBF","FLUVA"
"4974",1,1.56,3.125,1.3990475274563,2.84088931280845,-20.364392101493,3.53950500830975,"SKBR5 R1","TBF","FLUVA"
"4975",1,1.56,6.25,1.39649893230569,1.19950931678959,-20.5260953759843,3.37780173381843,"SKBR5 R1","TBF","FLUVA"
"4976",1,1.56,12.5,4.5093175237446,4.57546979920063,-14.9024148297866,7.81565826707991,"SKBR5 R1","TBF","FLUVA"
"4977",1,1.56,25,8.70910169474844,9.24725907907783,-0.636592613553365,12.1502043749719,"SKBR5 R1","TBF","FLUVA"
"4978",1,1.56,50,10.1056856269813,10.0759735315692,5.52467603516384,10.9194627857881,"SKBR5 R1","TBF","FLUVA"
"4979",1,6.25,3.125,3.13925906691173,6.07540230379852,3.2802200352361,6.62534249651888,"SKBR5 R1","TBF","FLUVA"
"4980",1,6.25,6.25,1.90201286207192,1.18695507313679,-0.443447035688752,2.90167542559404,"SKBR5 R1","TBF","FLUVA"
"4981",1,6.25,12.5,5.03599545862552,3.68026026506283,3.81923095020712,7.16435341148991,"SKBR5 R1","TBF","FLUVA"
"4982",1,6.25,25,11.7991443379273,11.7772595682018,-7.15933609092858,22.8136369761488,"SKBR5 R1","TBF","FLUVA"
"4983",1,6.25,50,7.07610874601953,7.7856252493828,8.34100806588746,13.7357948165117,"SKBR5 R1","TBF","FLUVA"
"4984",1,25,0.78,0.973065547300898,0.655960643172484,-5.9106274712457,0.974711404572616,"SKBR5 R1","TBF","FLUVA"
"4985",1,25,1.56,4.6826887233067,7.34645329673977,0.296981566170636,7.18232044198896,"SKBR5 R1","TBF","FLUVA"
"4986",1,25,3.125,3.53087205168242,2.4647976730117,-4.03756454172138,2.84777433409694,"SKBR5 R1","TBF","FLUVA"
"4987",1,25,6.25,11.0935803987066,13.7274928427102,8.03627995362965,14.921618829448,"SKBR5 R1","TBF","FLUVA"
"4988",1,25,12.5,9.865851782307,6.55271172601079,2.09368461607406,8.97902349189238,"SKBR5 R1","TBF","FLUVA"
"4989",1,25,25,15.4726745307032,15.4738029842715,16.2741634374369,23.1595023132552,"SKBR5 R1","TBF","FLUVA"
"4990",1,0.39,0.78,3.7069514594034,7.20457210245635,-8.07704425686078,-4.90954721321761,"SKBR5 R2","TBF","FLUVA"
"4991",1,0.39,1.56,1.4374604116507,12.956356154083,-7.39734123479659,-2.03910906619262,"SKBR5 R2","TBF","FLUVA"
"4992",1,0.39,3.125,1.9291418105422,15.7416642572699,-1.09701706873988,3.47171389731257,"SKBR5 R2","TBF","FLUVA"
"4993",1,0.39,6.25,6.87257506335278,-4.82934248624529,-6.97354161524009,-15.3351458747255,"SKBR5 R2","TBF","FLUVA"
"4994",1,1.56,0.78,5.61477122191016,5.67685674276455,-5.44711640995081,-3.90567813447662,"SKBR5 R2","TBF","FLUVA"
"4995",1,1.56,1.56,5.40268578664985,12.9484535587589,-3.07338431751122,-1.53194604203702,"SKBR5 R2","TBF","FLUVA"
"4996",1,1.56,3.125,4.06534559648558,8.66010069286418,-5.43389902200671,-2.42601694029068,"SKBR5 R2","TBF","FLUVA"
"4997",1,1.56,6.25,8.30453484636992,-2.06670691482774,-3.53813475946064,-8.9668514064624,"SKBR5 R2","TBF","FLUVA"
"4998",1,1.56,50,7.74788906821092,8.14492845887725,6.79660089804646,7.0427690055422,"SKBR5 R2","TBF","FLUVA"
"4999",1,6.25,0.78,8.40002016848954,8.59969455326383,-3.54277854032052,-0.104569695702196,"SKBR5 R2","TBF","FLUVA"
"5000",1,6.25,1.56,13.7775966050625,21.8429653818102,0.852201449507781,8.68974171285161,"SKBR5 R2","TBF","FLUVA"
"5001",1,6.25,3.125,20.1368224596127,28.8664415354637,5.09308731415668,18.7964028024679,"SKBR5 R2","TBF","FLUVA"
"5002",1,6.25,6.25,15.2746314033979,2.31503506540209,-14.7951917525111,4.70563630659835,"SKBR5 R2","TBF","FLUVA"
"5003",1,6.25,12.5,23.1704737298438,27.5142918387229,1.98636104520368,29.9330753947506,"SKBR5 R2","TBF","FLUVA"
"5004",1,6.25,25,15.72137024103,15.0741683229185,17.4528037434822,16.6161246470773,"SKBR5 R2","TBF","FLUVA"
"5005",1,6.25,50,5.82601901352169,5.4688239552716,5.60450636704155,5.85067447453729,"SKBR5 R2","TBF","FLUVA"
"5006",1,25,0.78,2.16839653364024,0.717234609072349,-5.63923783789688,-5.22848478510926,"SKBR5 R2","TBF","FLUVA"
"5007",1,25,1.56,2.24942336254445,4.09085823901989,-5.30461481164989,-4.89386175886227,"SKBR5 R2","TBF","FLUVA"
"5008",1,25,12.5,10.4204861520154,17.9305814681964,20.4613582093686,20.8721112621562,"SKBR5 R2","TBF","FLUVA"
"5009",1,25,25,4.34254716877317,1.93024089225343,23.1309382201108,22.294259123706,"SKBR5 R2","TBF","FLUVA"
"5010",1,25,50,1.80909446681284,2.69520599612237,7.491989374466,7.73815748196174,"SKBR5 R2","TBF","FLUVA"
"5011",1,0.39,0.78,5.28458253658449,13.5644338732122,1.51215583831802,4.24255886272769,"SKBR5 R2","TBF","FLUVA"
"5012",1,0.39,1.56,2.62033490045147,-1.38599845461952,-12.7777893712185,-10.0473863468088,"SKBR5 R2","TBF","FLUVA"
"5013",1,0.39,3.125,0.536309108970126,0.370193225626831,-14.9620037944378,-12.2316007700281,"SKBR5 R2","TBF","FLUVA"
"5014",1,0.39,6.25,5.30307781960313,-13.8344407273652,-17.397958185079,-15.2154597956464,"SKBR5 R2","TBF","FLUVA"
"5015",1,0.39,12.5,0.611888999985881,-0.119583666069058,-4.95904214776225,-2.22863912335258,"SKBR5 R2","TBF","FLUVA"
"5016",1,1.56,0.78,8.44124730037754,9.35285322948753,-2.71559479103191,0.0296164667555132,"SKBR5 R2","TBF","FLUVA"
"5017",1,1.56,1.56,2.61295485074471,-0.0445880665462326,-11.4524524839091,-8.70724122612172,"SKBR5 R2","TBF","FLUVA"
"5018",1,1.56,3.125,1.52013562547223,3.92601012358633,-11.4228360171536,-8.67762475936622,"SKBR5 R2","TBF","FLUVA"
"5019",1,1.56,6.25,5.29551944602203,-12.8717838553153,-16.4502312489025,-14.2677328594699,"SKBR5 R2","TBF","FLUVA"
"5020",1,1.56,12.5,0.620456030214155,0.776622546990272,-4.07795226178563,-1.33274100399821,"SKBR5 R2","TBF","FLUVA"
"5021",1,1.56,50,0.709145204714673,0.728852124648185,-1.195826195514,0.45165111802163,"SKBR5 R2","TBF","FLUVA"
"5022",1,6.25,0.78,14.7893291804726,24.5275393998672,14.2620447765677,15.3561380127351,"SKBR5 R2","TBF","FLUVA"
"5023",1,6.25,1.56,8.12345860278244,9.66180981610227,0.046140733919982,1.14023397008738,"SKBR5 R2","TBF","FLUVA"
"5024",1,6.25,3.125,12.2765431553358,19.9875955553722,6.4951263699336,7.589219606101,"SKBR5 R2","TBF","FLUVA"
"5025",1,6.25,6.25,17.6132719335742,16.0721466866364,6.1317767079394,15.2524803790908,"SKBR5 R2","TBF","FLUVA"
"5026",1,6.25,12.5,22.859737928941,25.316533389277,-1.93240225472807,23.2415222863912,"SKBR5 R2","TBF","FLUVA"
"5027",1,6.25,25,21.5344269948551,16.7663574568073,-9.32280659870758,16.9924478009773,"SKBR5 R2","TBF","FLUVA"
"5028",1,6.25,50,8.76040291417766,10.2457614145593,8.65164900069509,10.2991263142307,"SKBR5 R2","TBF","FLUVA"
"5029",1,25,0.78,1.6857402157969,1.39651640092433,-1.51886760862909,-3.77609951132829,"SKBR5 R2","TBF","FLUVA"
"5030",1,25,1.56,1.78135262095776,0.785682804395648,-1.7632034593621,-4.0204353620613,"SKBR5 R2","TBF","FLUVA"
"5031",1,25,3.125,3.29877111954256,5.82275996305419,1.08738146585632,-1.16985043684288,"SKBR5 R2","TBF","FLUVA"
"5032",1,25,6.25,5.58620547902385,3.34248832132986,5.13743329467314,2.88020139197395,"SKBR5 R2","TBF","FLUVA"
"5033",1,25,12.5,8.70840691077171,9.43328816306836,2.49361569250421,8.26299422478899,"SKBR5 R2","TBF","FLUVA"
"5034",1,25,25,13.4557775351254,13.4080702876426,16.1764233335526,21.9458018658374,"SKBR5 R2","TBF","FLUVA"
"5035",1,25,50,1.42130414733694,1.36217217596321,8.47395020016199,10.1214275136976,"SKBR5 R2","TBF","FLUVA"
"5036",1,0.39,0.78,0.758906082001832,2.01036379160561,-36.8605566517701,0.606465997770357,"SKBR5 R2","TBF","FLUVA"
"5037",1,0.39,1.56,0.357650031339247,0.119072990732144,-37.3822957822048,0.0847268673355615,"SKBR5 R2","TBF","FLUVA"
"5038",1,0.39,3.125,0.0814858551386792,0.614958072803077,-36.5171898736207,0.949832775919745,"SKBR5 R2","TBF","FLUVA"
"5039",1,0.39,6.25,0.916745788742423,-4.65176700732904,-39.139263452216,-1.67224080267559,"SKBR5 R2","TBF","FLUVA"
"5040",1,0.39,12.5,0.787721532495034,-1.36584601961947,-33.1013593273554,2.13600891861761,"SKBR5 R2","TBF","FLUVA"
"5041",1,0.39,50,3.80804031548294,3.29696933541635,0.604199091787578,4.09364548494983,"SKBR5 R2","TBF","FLUVA"
"5042",1,1.56,0.78,1.74359622816208,3.87626805069293,-35.438037142294,2.4659977703456,"SKBR5 R2","TBF","FLUVA"
"5043",1,1.56,1.56,1.22094668332612,2.43806947225297,-35.5004674655939,2.40356744704572,"SKBR5 R2","TBF","FLUVA"
"5044",1,1.56,3.125,0.338295413294384,0.470740148320487,-37.0969000185482,0.807134894091419,"SKBR5 R2","TBF","FLUVA"
"5045",1,1.56,6.25,1.20844032076456,1.08275756299021,-33.8282266629183,4.0758082497213,"SKBR5 R2","TBF","FLUVA"
"5046",1,1.56,12.5,2.91046101753341,2.7196205858995,-29.4268888702762,5.81047937569679,"SKBR5 R2","TBF","FLUVA"
"5047",1,1.56,25,4.01482605694465,3.99068446910239,-17.1281151801982,6.70680044593088,"SKBR5 R2","TBF","FLUVA"
"5048",1,1.56,50,9.6726420835483,9.69593409966829,6.90966174507632,10.3991081382386,"SKBR5 R2","TBF","FLUVA"
"5049",1,6.25,0.78,0.353821366335101,2.823449998695,-18.4659078223386,1.67224080267559,"SKBR5 R2","TBF","FLUVA"
"5050",1,6.25,1.56,2.17049612253678,4.71935700445806,-15.4469557599083,4.69119286510592,"SKBR5 R2","TBF","FLUVA"
"5051",1,6.25,3.125,2.98536277640212,5.36642528234211,-14.4971229839886,5.64102564102565,"SKBR5 R2","TBF","FLUVA"
"5052",1,6.25,6.25,4.82016354040155,5.55676091120035,-12.1381486250142,8.00000000000001,"SKBR5 R2","TBF","FLUVA"
"5053",1,6.25,12.5,7.49297908266553,7.6523946413724,-7.78586322925054,12.3522853957637,"SKBR5 R2","TBF","FLUVA"
"5054",1,6.25,25,9.30447675561209,7.62702022970164,1.190725399512,21.3288740245262,"SKBR5 R2","TBF","FLUVA"
"5055",1,6.25,50,7.76888173990855,8.5079420190428,9.52281670605737,13.0122630992196,"SKBR5 R2","TBF","FLUVA"
"5056",1,25,6.25,2.07753848023776,2.43786166945683,-27.0345968948345,3.95094760312151,"SKBR5 R2","TBF","FLUVA"
"5057",1,25,12.5,2.54878841760077,2.05705081598639,-26.0178744868077,4.96767001114826,"SKBR5 R2","TBF","FLUVA"
"5058",1,25,25,4.32075695275555,4.48663875248724,-18.0134151780006,12.9721293199554,"SKBR5 R2","TBF","FLUVA"
"5059",1,25,50,1.66449240035455,1.45744270819739,8.90297278186561,12.3924191750279,"SKBR5 R2","TBF","FLUVA"
"5060",1,0.39,0.78,8.95598434724162,-10.1840527815131,-18.4910916997712,-20.253236429707,"SKBR5 R3","TBF","FLUVA"
"5061",1,0.39,1.56,1.18290412295674,7.08356173647216,-18.2923635598666,-13.0649557120146,"SKBR5 R3","TBF","FLUVA"
"5062",1,0.39,3.125,3.08632535231504,8.91344581918188,-12.2794178410385,-7.05200999318646,"SKBR5 R3","TBF","FLUVA"
"5063",1,0.39,6.25,4.25498642086108,1.94939886752618,-16.5378779818516,-11.3104701339996,"SKBR5 R3","TBF","FLUVA"
"5064",1,0.39,12.5,5.37874165101149,11.1616845208414,-1.05411690985523,0.74381103792868,"SKBR5 R3","TBF","FLUVA"
"5065",1,0.39,50,0.835503239935932,1.54577847552892,-0.32335403427696,-0.255507608448781,"SKBR5 R3","TBF","FLUVA"
"5066",1,1.56,0.78,10.8983102882303,-12.1044116525139,-16.4129631510544,-18.1751078809902,"SKBR5 R3","TBF","FLUVA"
"5067",1,1.56,1.56,3.1256308468014,6.62532189432299,-14.1474623561419,-12.8094481035657,"SKBR5 R3","TBF","FLUVA"
"5068",1,1.56,3.125,5.02326126337939,4.05535264421584,-12.6825520677022,-11.344537815126,"SKBR5 R3","TBF","FLUVA"
"5069",1,1.56,6.25,6.11538913473661,2.38247062671586,-11.7456908367233,-10.4076765841472,"SKBR5 R3","TBF","FLUVA"
"5070",1,1.56,12.5,6.15856120941353,5.48600826486225,-9.53201509685887,-1.25482625482624,"SKBR5 R3","TBF","FLUVA"
"5071",1,1.56,50,8.57742541591611,9.24520239926849,7.33464463483601,8.15920962979787,"SKBR5 R3","TBF","FLUVA"
"5072",1,6.25,0.78,6.62750129067561,-0.426404394955242,-5.9947890884688,-2.78219395866454,"SKBR5 R3","TBF","FLUVA"
"5073",1,6.25,1.56,7.68188397446104,14.6008306644103,-6.99847349689589,-0.811946400181697,"SKBR5 R3","TBF","FLUVA"
"5074",1,6.25,3.125,7.55547444814432,10.5095249976414,-13.8377750868593,-1.70338405632523,"SKBR5 R3","TBF","FLUVA"
"5075",1,6.25,6.25,10.9820647939535,12.6188326058735,-19.5719127583745,2.475584828526,"SKBR5 R3","TBF","FLUVA"
"5076",1,6.25,12.5,21.386135639694,21.8629775633022,-14.45214608813,16.5171473995003,"SKBR5 R3","TBF","FLUVA"
"5077",1,6.25,25,19.3075033751092,19.0112671201768,9.65539839664488,30.5246422893482,"SKBR5 R3","TBF","FLUVA"
"5078",1,6.25,50,4.07419344337458,4.18679008577608,4.43107326804967,7.13150124914831,"SKBR5 R3","TBF","FLUVA"
"5079",1,25,0.78,8.68580034216334,9.05050221007921,7.44099912342207,7.61412673177378,"SKBR5 R3","TBF","FLUVA"
"5080",1,25,1.56,3.5579114752118,6.7572558177226,-2.81337289565582,-2.64024528730411,"SKBR5 R3","TBF","FLUVA"
"5081",1,25,6.25,0.791947303917873,-1.84406089596067,-8.20174446049796,-8.02861685214626,"SKBR5 R3","TBF","FLUVA"
"5082",1,25,25,8.40450701257009,8.41561864293691,22.6295069589887,22.8026345673404,"SKBR5 R3","TBF","FLUVA"
"5083",1,0.39,0.78,1.87237055906014,11.8547931291175,13.2824331980359,8.98429990387696,"SKBR5 R3","TBF","FLUVA"
"5084",1,0.39,1.56,3.77927953262162,3.19487639468492,8.30966805865746,4.01153476449856,"SKBR5 R3","TBF","FLUVA"
"5085",1,0.39,3.125,3.54370453573577,7.23085472506377,9.33498045852929,5.03684716437039,"SKBR5 R3","TBF","FLUVA"
"5086",1,0.39,6.25,1.69675575526799,3.31822679842116,6.0988381964338,1.8007049022749,"SKBR5 R3","TBF","FLUVA"
"5087",1,0.39,12.5,1.45386768312914,-3.27854152514194,1.84802152157137,1.37135533482858,"SKBR5 R3","TBF","FLUVA"
"5088",1,1.56,3.125,1.81682695131231,4.7035446640524,-1.8921903200673,1.01249599487345,"SKBR5 R3","TBF","FLUVA"
"5089",1,1.56,50,2.16884796645373,2.8674979398173,1.5737578737299,2.24927907721883,"SKBR5 R3","TBF","FLUVA"
"5090",1,6.25,0.78,3.28368778745147,6.52019143298681,-0.0937908868672679,3.87696251201538,"SKBR5 R3","TBF","FLUVA"
"5091",1,6.25,1.56,1.27631411361998,-1.29029044392456,-6.48385798751539,-0.538289009932697,"SKBR5 R3","TBF","FLUVA"
"5092",1,6.25,3.125,4.90230820671738,9.3512860190618,-4.53903205459918,7.33098365908364,"SKBR5 R3","TBF","FLUVA"
"5093",1,6.25,6.25,6.89397756593258,9.97795894541231,-11.1886948820556,8.58058314642743,"SKBR5 R3","TBF","FLUVA"
"5094",1,6.25,12.5,10.874344255611,12.5242932164321,-12.7192931215987,16.9240628003845,"SKBR5 R3","TBF","FLUVA"
"5095",1,6.25,25,6.4373428733258,3.13810928870083,-7.40157425621031,12.5728933034284,"SKBR5 R3","TBF","FLUVA"
"5096",1,6.25,50,4.8412357144087,5.75291256499445,7.2065678705258,7.88208907401473,"SKBR5 R3","TBF","FLUVA"
"5097",1,25,0.78,1.30359366362492,2.17392510410763,-0.102631609622676,0.46779878244152,"SKBR5 R3","TBF","FLUVA"
"5098",1,25,1.56,1.32460272565021,-0.600742394674015,-0.685778037049779,-0.115347644985583,"SKBR5 R3","TBF","FLUVA"
"5099",1,25,3.125,3.97447684012621,5.21304912068931,3.33857313244719,3.90900352451138,"SKBR5 R3","TBF","FLUVA"
"5100",1,25,6.25,5.61399060905978,6.22718114752408,4.75478588477015,5.32521627683435,"SKBR5 R3","TBF","FLUVA"
"5101",1,25,12.5,9.6520029481465,9.5599503153848,11.8294414438858,12.39987183595,"SKBR5 R3","TBF","FLUVA"
"5102",1,25,25,10.0094985291803,9.77798853278755,22.8131005275129,23.3835309195771,"SKBR5 R3","TBF","FLUVA"
"5103",1,25,50,0.104335016552355,0.0930817591983981,6.86693313806826,7.54245434155719,"SKBR5 R3","TBF","FLUVA"
"5104",1,0.39,0.78,0.738674682771826,-0.211088491711364,-29.3468102408559,-1.42423649177759,"SKBR5 R3","TBF","FLUVA"
"5105",1,0.39,1.56,0.200770762500793,-0.387519362505966,-29.5034273121167,-1.60043069694596,"SKBR5 R3","TBF","FLUVA"
"5106",1,0.39,6.25,1.30142604600586,-0.978321562779589,-26.9339284867447,-2.15348472983554,"SKBR5 R3","TBF","FLUVA"
"5107",1,0.39,12.5,1.17563134761052,2.18217876023545,-21.6236309143094,1.03269381362568,"SKBR5 R3","TBF","FLUVA"
"5108",1,0.39,25,3.36070134359387,4.67453249627926,-4.0678360826727,3.70497259201252,"SKBR5 R3","TBF","FLUVA"
"5109",1,0.39,50,4.35413507217963,4.4494012053045,0.827080434513022,4.21397807361002,"SKBR5 R3","TBF","FLUVA"
"5110",1,1.56,0.78,3.34930500518665,7.77548147178349,-19.7099660748419,7.42462803445575,"SKBR5 R3","TBF","FLUVA"
"5111",1,1.56,1.56,1.82960244083879,3.58116580835936,-23.8847898806367,3.24980422866093,"SKBR5 R3","TBF","FLUVA"
"5112",1,1.56,3.125,2.80882289011193,6.62486805172719,-22.0836935611379,5.05090054815975,"SKBR5 R3","TBF","FLUVA"
"5113",1,1.56,6.25,2.48180889868154,0.937171446788522,-23.4198329503313,1.36061080657791,"SKBR5 R3","TBF","FLUVA"
"5114",1,1.56,12.5,4.79707993875599,4.02003394647424,-18.2221038978646,4.43422083007047,"SKBR5 R3","TBF","FLUVA"
"5115",1,1.56,25,10.2757519887229,10.046102511898,2.62264943024819,10.3954581049334,"SKBR5 R3","TBF","FLUVA"
"5116",1,1.56,50,9.16270887549598,9.14579005961444,5.84372099833448,9.23061863743148,"SKBR5 R3","TBF","FLUVA"
"5117",1,6.25,0.78,1.44920874441492,2.29354670518522,-2.79532237867897,2.02133907595928,"SKBR5 R3","TBF","FLUVA"
"5118",1,6.25,1.56,1.7897091930587,2.98320087979058,-2.09054555800551,2.72611589663273,"SKBR5 R3","TBF","FLUVA"
"5119",1,6.25,3.125,2.43908507184559,4.56394928472174,-1.47386583991625,3.34279561472199,"SKBR5 R3","TBF","FLUVA"
"5120",1,6.25,6.25,1.29786247027371,-2.2773341516279,-4.93901854156072,-0.122357086922477,"SKBR5 R3","TBF","FLUVA"
"5121",1,6.25,12.5,8.9982231534116,10.0012009582831,8.98032366673998,13.7969851213782,"SKBR5 R3","TBF","FLUVA"
"5122",1,6.25,25,14.2536771486664,14.3665820336334,-3.32848275751758,29.6593578700078,"SKBR5 R3","TBF","FLUVA"
"5123",1,6.25,50,6.91799535745673,7.01662727413628,8.06083141336971,11.4477290524667,"SKBR5 R3","TBF","FLUVA"
"5124",1,25,3.125,0.808126825593661,2.30913118458065,-0.543635459162061,1.57595927956147,"SKBR5 R3","TBF","FLUVA"
"5125",1,25,12.5,2.42989827905643,2.73278469322615,2.89215154162102,5.01174628034455,"SKBR5 R3","TBF","FLUVA"
"5126",1,25,25,9.13004974211781,9.15231297628237,16.21439116574,18.3339859044636,"SKBR5 R3","TBF","FLUVA"
"5127",1,25,50,1.04845063025797,0.961187258888515,8.01678286207763,11.4036805011746,"SKBR5 R3","TBF","FLUVA"
"5128",1,0.39,0.78,2.5662273754746,5.32589518571059,6.04557105581005,5.39884342029754,"SKBR7 R1","TBF","FLUVA"
"5129",1,25,0.78,0.430476882796768,-0.372079842503368,-2.66104533894617,-0.3663973866596,"SKBR7 R1","TBF","FLUVA"
"5130",1,0.39,0.78,1.27942799143806,-1.7145153458428,-2.78227357489662,-3.06504863032035,"SKBR7 R1","TBF","FLUVA"
"5131",1,0.39,50,53.9453573151776,53.4042629524886,63.2516417698267,63.393414830017,"SKBR7 R1","TBF","FLUVA"
"5132",1,1.56,50,8.0697705206734,30.821442821388,2.82837517050716,43.9011332203087,"SKBR7 R1","TBF","FLUVA"
"5133",1,6.25,0.78,0.47396843768081,-3.66305746253235,-3.25675369661376,-3.97073257785313,"SKBR7 R1","TBF","FLUVA"
"5134",1,6.25,50,6.51884322269751,5.91363960094253,2.87289632155156,10.7923619166592,"SKBR7 R1","TBF","FLUVA"
"5135",1,25,0.78,1.1420691579368,3.34371047795952,2.32381229535798,3.13197108949763,"SKBR7 R1","TBF","FLUVA"
"5136",1,25,3.125,1.51050801373897,2.83185169717116,1.64776307173129,2.61889890247167,"SKBR7 R1","TBF","FLUVA"
"5137",1,25,6.25,0.831410647288564,1.33463061640981,0.564255934362151,0.981529401267068,"SKBR7 R1","TBF","FLUVA"
"5138",1,25,12.5,1.25532995493917,1.64711297812893,0.867637749299234,1.28491121620415,"SKBR7 R1","TBF","FLUVA"
"5139",1,25,25,1.00373271353901,1.37780407213879,1.1844040560718,1.60167752297671,"SKBR7 R1","TBF","FLUVA"
"5140",1,0.39,0.78,0.921720420235367,2.10472101771993,1.6486179189355,1.68906863328178,"SKBR7 R2","TBF","FLUVA"
"5141",1,0.39,0.78,3.83574781271557,7.24914728439889,10.0571575484979,6.63532100013184,"SKBR7 R2","TBF","FLUVA"
"5142",1,0.39,50,12.9804076827544,13.1270275541595,-3.49209587400976,20.4025135123259,"SKBR7 R2","TBF","FLUVA"
"5143",1,25,0.78,1.61981312707546,0.902187482824829,-8.28957111478853,0.852484949685802,"SKBR7 R2","TBF","FLUVA"
"5144",1,25,1.56,0.496746572807083,0.190123195645256,-8.98386298102749,0.158193083446847,"SKBR7 R2","TBF","FLUVA"
"5145",1,25,3.125,0.757667182336789,0.128306683799877,-9.19478709228996,-0.052731027815625,"SKBR7 R2","TBF","FLUVA"
"5146",1,25,6.25,0.749283538702457,0.651521813071781,-8.59716877704629,0.54488728742804,"SKBR7 R2","TBF","FLUVA"
"5147",1,25,12.5,0.681803329173832,0.217089040460323,-8.88279517771421,0.259260886760117,"SKBR7 R2","TBF","FLUVA"
"5148",1,25,25,1.60325050853756,1.17894138273438,-7.55133672536989,1.59071933910444,"SKBR7 R2","TBF","FLUVA"
"5149",1,0.39,50,51.9377757409938,52.5286517035481,38.3434555364845,64.3391182201278,"SKBR7 R2","TBF","FLUVA"
"5150",1,1.56,0.78,0.360794369175956,-1.09310583965683,-5.17460146655145,-3.50265077710817,"SKBR7 R2","TBF","FLUVA"
"5151",1,1.56,50,30.177498372095,29.3557444158149,20.9317044751892,42.0454030540577,"SKBR7 R2","TBF","FLUVA"
"5152",1,6.25,50,7.94531140082009,9.17108003615327,7.04367372487005,14.8715392632199,"SKBR7 R2","TBF","FLUVA"
"5153",1,0.39,0.78,3.02433287941801,7.17203862407455,6.00917310693651,3.89894221522862,"SKBR7 R3","TBF","FLUVA"
"5154",1,0.39,6.25,0.222499895526177,-1.33915884192947,-11.4806330946683,-2.02377830229914,"SKBR7 R3","TBF","FLUVA"
"5155",1,0.39,12.5,1.18484824471261,2.72291296736533,-7.37625334119338,2.08060145117581,"SKBR7 R3","TBF","FLUVA"
"5156",1,0.39,50,7.3162282666867,7.50566899818612,-8.97861943095553,12.5797709589999,"SKBR7 R3","TBF","FLUVA"
"5157",1,25,0.78,1.75250879861741,0.70457273215942,-8.21210017930028,0.472069236821397,"SKBR7 R3","TBF","FLUVA"
"5158",1,25,1.56,1.34176085589395,0.313901976894712,-8.46998985497123,0.214179561150445,"SKBR7 R3","TBF","FLUVA"
"5159",1,25,3.125,1.38899307016374,0.331935885932168,-8.49184491223149,0.192324503890191,"SKBR7 R3","TBF","FLUVA"
"5160",1,25,6.25,1.62892383458414,0.446393795568,-8.28640737398513,0.397762042136549,"SKBR7 R3","TBF","FLUVA"
"5161",1,25,12.5,2.01252682359431,0.246692947148517,-8.48310288932738,0.201066526794293,"SKBR7 R3","TBF","FLUVA"
"5162",1,25,25,1.61372072786671,0.400191528176592,-7.94983949217728,0.734329923944401,"SKBR7 R3","TBF","FLUVA"
"5163",1,0.39,3.125,0.523982071561177,0.140878475007629,-4.24265483654879,-2.51441753171858,"SKBR7 R3","TBF","FLUVA"
"5164",1,0.39,6.25,0.0656007057868937,-2.94263952246207,-9.3494317517302,-4.84890426758939,"SKBR7 R3","TBF","FLUVA"
"5165",1,0.39,50,59.4709749446706,59.8491190904749,4.45321939003468,71.0126874279123,"SKBR7 R3","TBF","FLUVA"
"5166",1,1.56,50,10.4976533902369,30.236817194345,3.9754880680194,40.4567474048443,"SKBR7 R3","TBF","FLUVA"
"5167",1,6.25,0.78,0.550517484087919,0.0394324780594246,-1.79079608872034,-0.775086505190302,"SKBR7 R3","TBF","FLUVA"
"5168",1,6.25,50,8.36106578507476,9.26441717252747,4.84520590938347,13.7254901960784,"SKBR7 R3","TBF","FLUVA"
"5169",1,25,0.78,3.79584985155374,4.58156157666268,4.50803492862556,4.0876585928489,"SKBR7 R3","TBF","FLUVA"
"5170",1,25,1.56,3.70997698699276,3.64239742765956,3.26514280898586,2.89734717416377,"SKBR7 R3","TBF","FLUVA"
"5171",1,25,3.125,3.64211059806496,1.93331444254206,1.80424749470143,1.53171856978085,"SKBR7 R3","TBF","FLUVA"
"5172",1,25,6.25,3.01429287864758,1.25716800432092,1.08418493876597,0.968858131487877,"SKBR7 R3","TBF","FLUVA"
"5173",1,25,12.5,4.53289492003944,5.04527824672171,4.07559628382253,4.18454440599768,"SKBR7 R3","TBF","FLUVA"
"5174",1,25,25,3.29957535520683,2.22027545966482,2.0367329186311,2.40369088811994,"SKBR7 R3","TBF","FLUVA"
"5175",1,25,50,1.5139126570927,1.39642155199822,3.50678350468472,4.10149942329872,"SKBR7 R3","TBF","FLUVA"
"5176",1,0.39,0.78,3.40484011666532,2.43144618359425,-4.98011306933367,-3.83408853258976,"SUM149 R1","TBF","FLUVA"
"5177",1,0.39,3.125,2.04058032163192,3.59408290033448,-9.68846775451149,-2.73614499825722,"SUM149 R1","TBF","FLUVA"
"5178",1,0.39,6.25,0.566534342972274,15.3758260833435,-5.99380062310682,4.82746601603345,"SUM149 R1","TBF","FLUVA"
"5179",1,0.39,12.5,10.4276938170205,5.2872158617721,1.58147327596937,0.0697107005925375,"SUM149 R1","TBF","FLUVA"
"5180",1,0.39,25,26.7211851978914,33.395553191099,19.9881139316418,28.999651446497,"SUM149 R1","TBF","FLUVA"
"5181",1,0.39,50,3.21120592526859,3.51404862570419,2.52873243651212,2.89299407459045,"SUM149 R1","TBF","FLUVA"
"5182",1,1.56,0.78,6.13301882073008,3.82074898061159,2.72881744056498,2.78842802370163,"SUM149 R1","TBF","FLUVA"
"5183",1,1.56,1.56,5.83422083032268,8.63709870332993,-0.0770382582847908,-0.0174276751481415,"SUM149 R1","TBF","FLUVA"
"5184",1,1.56,3.125,6.84648698315056,5.74974781807815,-0.951304410872869,3.86894388288601,"SUM149 R1","TBF","FLUVA"
"5185",1,1.56,6.25,9.67265009297197,16.3038786387485,-1.33759565931313,8.24329034506798,"SUM149 R1","TBF","FLUVA"
"5186",1,1.56,12.5,14.0064170470012,5.20254676102193,-1.18651137334256,17.915650052283,"SUM149 R1","TBF","FLUVA"
"5187",1,1.56,25,25.1747986470011,24.78582304489,10.1299478922201,38.1840362495643,"SUM149 R1","TBF","FLUVA"
"5188",1,1.56,50,2.76068830049964,2.23745471629093,-0.994540338592515,4.13035901010805,"SUM149 R1","TBF","FLUVA"
"5189",1,6.25,0.78,2.67793792595329,2.20607092972666,0.190408267420409,1.76019518996165,"SUM149 R1","TBF","FLUVA"
"5190",1,6.25,1.56,2.60665249945919,5.79449241729083,0.486678744938715,2.05646566747996,"SUM149 R1","TBF","FLUVA"
"5191",1,6.25,3.125,5.75326906632056,7.03402897841508,4.65189310534304,6.22168002788428,"SUM149 R1","TBF","FLUVA"
"5192",1,6.25,6.25,5.18669451539843,8.20439546741947,-1.60752466801883,4.72289996514465,"SUM149 R1","TBF","FLUVA"
"5193",1,6.25,12.5,7.78099955066423,4.59963363612982,-1.00043843301542,10.0906239107703,"SUM149 R1","TBF","FLUVA"
"5194",1,6.25,25,7.90660889923315,11.5348278329144,1.06769011925006,21.6800278842802,"SUM149 R1","TBF","FLUVA"
"5195",1,25,0.78,0.839375994523834,0.606150821251092,0.873103297439258,0.487974904147777,"SUM149 R1","TBF","FLUVA"
"5196",1,25,1.56,0.225866839874527,-0.246629849665197,-0.852236542226123,-1.2373649355176,"SUM149 R1","TBF","FLUVA"
"5197",1,25,3.125,0.466596168239249,0.0933130818362002,0.263134667254533,-0.121993726036948,"SUM149 R1","TBF","FLUVA"
"5198",1,25,6.25,1.17629167973988,1.74184419427586,1.20422912525383,0.819100731962351,"SUM149 R1","TBF","FLUVA"
"5199",1,25,12.5,1.94172166815702,1.12395140855585,2.9644243152155,2.57929592192401,"SUM149 R1","TBF","FLUVA"
"5200",1,25,25,1.73762173396996,1.04061565555577,4.11465087499242,3.72952248170094,"SUM149 R1","TBF","FLUVA"
"5201",1,0.39,0.78,0.553853805128137,-0.101890681741104,-2.43035892157869,-3.39265079731918,"SUM149 R1","TBF","FLUVA"
"5202",1,0.39,3.125,0.80134332965815,-2.34607501849741,-3.77217955346588,-3.74855558123414,"SUM149 R1","TBF","FLUVA"
"5203",1,0.39,12.5,1.83403201856357,1.95124833299319,-6.97447843145404,-1.03535937138896,"SUM149 R1","TBF","FLUVA"
"5204",1,0.39,25,5.07679139019071,4.74912445590109,-15.4453065414304,12.1839611740236,"SUM149 R1","TBF","FLUVA"
"5205",1,0.39,50,9.11708457603802,8.72013689738395,10.6013176571236,10.9267390801941,"SUM149 R1","TBF","FLUVA"
"5206",1,1.56,12.5,0.154873626314409,-2.55594730931255,-20.4082186901668,-4.85786919343657,"SUM149 R1","TBF","FLUVA"
"5207",1,1.56,25,5.56086701184003,5.3535063878093,-22.2129429183074,11.0838918419228,"SUM149 R1","TBF","FLUVA"
"5208",1,1.56,50,5.9192376741301,6.09376129130223,12.3609529993525,13.6722902703952,"SUM149 R1","TBF","FLUVA"
"5209",1,6.25,12.5,0.115865152314981,-0.120843699188313,-4.54683530663318,-1.03073723133811,"SUM149 R1","TBF","FLUVA"
"5210",1,6.25,25,1.66459884796639,1.96879879211207,-0.268133636694614,4.23388028657268,"SUM149 R1","TBF","FLUVA"
"5211",1,0.39,0.78,16.6856069203851,29.0230652431509,-14.5369040525426,-3.57346079435533,"SUM149 R1","TBF","FLUVA"
"5212",1,0.39,1.56,15.256371419752,26.432198087305,-17.3137334596212,-6.35029020143396,"SUM149 R1","TBF","FLUVA"
"5213",1,0.39,3.125,13.0447298363842,32.8949004906259,-16.3236344497202,-5.36019119153295,"SUM149 R1","TBF","FLUVA"
"5214",1,0.39,6.25,14.1746017844745,38.6150270175886,-15.058230846256,-2.94753613292364,"SUM149 R1","TBF","FLUVA"
"5215",1,0.39,12.5,15.3582533653316,30.4338212161475,-17.9060280632176,-1.20632752930466,"SUM149 R1","TBF","FLUVA"
"5216",1,0.39,25,63.5690468504905,74.4959812848287,16.6029452268825,57.3005576419711,"SUM149 R1","TBF","FLUVA"
"5217",1,0.39,50,5.84452178240225,7.81148434241594,5.59967477940097,5.72436554000227,"SUM149 R1","TBF","FLUVA"
"5218",1,1.56,0.78,27.414860485883,33.8351648706034,14.0986066109459,11.9494708091499,"SUM149 R1","TBF","FLUVA"
"5219",1,1.56,1.56,20.622983755084,19.7572225406339,-1.25144443450309,-2.25332878115398,"SUM149 R1","TBF","FLUVA"
"5220",1,1.56,3.125,19.3723512559344,17.331673007896,-10.7931191367998,-8.35324911801526,"SUM149 R1","TBF","FLUVA"
"5221",1,1.56,6.25,20.5930287233666,21.5894488284491,-13.34502469563,-6.31614885626493,"SUM149 R1","TBF","FLUVA"
"5222",1,1.56,12.5,23.0488137262535,20.7086899339914,-21.330774375421,-0.534881074314328,"SUM149 R1","TBF","FLUVA"
"5223",1,1.56,25,57.9360320861408,54.9072274576559,3.19153546764174,52.6687151473768,"SUM149 R1","TBF","FLUVA"
"5224",1,1.56,50,2.42543708120493,2.44306897343058,4.94927544772841,5.14396267212928,"SUM149 R1","TBF","FLUVA"
"5225",1,6.25,0.78,6.05438185907725,6.31196035392144,-4.60893063103595,-1.62740411972231,"SUM149 R1","TBF","FLUVA"
"5226",1,6.25,1.56,2.04981442745935,1.27019377159341,-9.69599106121689,-6.71446454990325,"SUM149 R1","TBF","FLUVA"
"5227",1,6.25,3.125,2.20339848531957,6.1993486995419,-7.2470208252274,-3.11824285876862,"SUM149 R1","TBF","FLUVA"
"5228",1,6.25,6.25,1.57915971388466,5.84412640060818,-10.7023294712637,-4.27904859451462,"SUM149 R1","TBF","FLUVA"
"5229",1,6.25,12.5,7.35924711414593,11.5757771371726,-4.84843133455267,3.86935245248664,"SUM149 R1","TBF","FLUVA"
"5230",1,6.25,25,13.6322781860473,16.3805073835694,2.261663789444,15.5684533970638,"SUM149 R1","TBF","FLUVA"
"5231",1,25,0.78,3.64560644230758,4.3317118234233,2.69488254931282,1.11528394218732,"SUM149 R1","TBF","FLUVA"
"5232",1,25,1.56,3.79953044819126,2.34710253615629,0.422378814740384,-0.887674974394002,"SUM149 R1","TBF","FLUVA"
"5233",1,25,3.125,4.25358562500179,1.94252869677779,-0.522198401601941,-1.83225219073633,"SUM149 R1","TBF","FLUVA"
"5234",1,25,6.25,5.6777212425629,4.80672995190643,1.9705724923361,0.705587800159321,"SUM149 R1","TBF","FLUVA"
"5235",1,25,12.5,6.27994060081312,4.44219037224944,2.37715436408203,1.32013201320132,"SUM149 R1","TBF","FLUVA"
"5236",1,25,25,5.14409608980614,3.20823608243495,3.72611196003132,2.87925344258564,"SUM149 R1","TBF","FLUVA"
"5237",1,0.39,6.25,0.706276392455075,-2.30778490630499,-1.0125692556187,4.1696934476246,"SUM149 R2","TBF","FLUVA"
"5238",1,0.39,12.5,6.36256917060646,7.89881071703253,5.0832984794289,16.1266889437745,"SUM149 R2","TBF","FLUVA"
"5239",1,0.39,25,17.7480257318367,17.9282754072453,13.5060171865331,24.1319192212698,"SUM149 R2","TBF","FLUVA"
"5240",1,0.39,50,4.57777119417206,4.58872270965811,4.71276926152412,5.5934912102281,"SUM149 R2","TBF","FLUVA"
"5241",1,1.56,3.125,0.152911583188015,1.48745066272282,-1.20527986712558,3.26892343454888,"SUM149 R2","TBF","FLUVA"
"5242",1,1.56,6.25,2.87466515094526,3.01692076710483,-0.169549980424073,7.90353043730931,"SUM149 R2","TBF","FLUVA"
"5243",1,1.56,12.5,8.95660166755858,8.08309932970052,3.62660413989649,15.2985616736888,"SUM149 R2","TBF","FLUVA"
"5244",1,1.56,25,16.7482693608888,16.3235916210105,8.95053905938391,37.5708266744152,"SUM149 R2","TBF","FLUVA"
"5245",1,1.56,50,2.79454447485111,2.70428362529989,1.665976992189,6.14557605695191,"SUM149 R2","TBF","FLUVA"
"5246",1,6.25,0.78,1.65367692079171,5.5861161195988,6.05323521227258,6.61048961208775,"SUM149 R2","TBF","FLUVA"
"5247",1,6.25,1.56,0.188795547101549,-0.791920936495501,0.63408658522043,1.19134098503559,"SUM149 R2","TBF","FLUVA"
"5248",1,6.25,6.25,2.07917872585718,1.05944000096758,-0.800036789737234,3.35609472613686,"SUM149 R2","TBF","FLUVA"
"5249",1,6.25,12.5,4.6299090857806,5.3840525675521,1.02023472125599,8.77524335318901,"SUM149 R2","TBF","FLUVA"
"5250",1,6.25,25,7.75434535807119,8.59837415768244,4.12322144511663,19.0759843091675,"SUM149 R2","TBF","FLUVA"
"5251",1,25,12.5,0.398647710261784,0.691415801889448,-0.6876478806862,1.61266889437745,"SUM149 R2","TBF","FLUVA"
"5252",1,0.39,0.78,1.30375730882824,2.84768545080962,0.897148827707564,-0.351510105915551,"SUM149 R2","TBF","FLUVA"
"5253",1,0.39,1.56,1.41474993396319,-0.736953683602666,-1.48941978614008,-2.73807871976319,"SUM149 R2","TBF","FLUVA"
"5254",1,0.39,3.125,0.0379078073108801,3.15487462799591,-1.80783482263206,-2.06280930576754,"SUM149 R2","TBF","FLUVA"
"5255",1,0.39,6.25,1.47271035325777,5.3287891642536,0.856960908185501,1.59567087553765,"SUM149 R2","TBF","FLUVA"
"5256",1,0.39,12.5,3.82368986468593,4.80189750716884,-2.9327715748621,1.78067619444057,"SUM149 R2","TBF","FLUVA"
"5257",1,0.39,25,10.8622964217289,10.9009301458793,-13.8702948442675,16.6042273715369,"SUM149 R2","TBF","FLUVA"
"5258",1,0.39,50,9.82880390043553,9.50522712223412,10.9467157162199,10.6933074325887,"SUM149 R2","TBF","FLUVA"
"5259",1,1.56,12.5,3.2256112078142,2.56284605590487,-17.9268467624932,0.166504787012627,"SUM149 R2","TBF","FLUVA"
"5260",1,1.56,25,16.9650303668029,15.7518725451202,-21.8124805259559,21.1229822857407,"SUM149 R2","TBF","FLUVA"
"5261",1,1.56,50,7.92196662153627,8.06581989703967,13.2592822025064,13.0058739188752,"SUM149 R2","TBF","FLUVA"
"5262",1,6.25,3.125,0.367697129059707,1.0544772659462,-2.08516042198035,-0.351510105915551,"SUM149 R2","TBF","FLUVA"
"5263",1,6.25,12.5,1.55075283683243,2.39128615963389,-4.13121777436794,1.57717034364738,"SUM149 R2","TBF","FLUVA"
"5264",1,6.25,25,5.31454960842925,7.06013809413602,2.1828078718097,8.88488044031266,"SUM149 R2","TBF","FLUVA"
"5265",1,0.39,0.78,10.5307401615036,-8.93014687771036,-19.9642081118326,-15.9606912910877,"SUM149 R2","TBF","FLUVA"
"5266",1,0.39,1.56,7.47513289289917,-5.71129724810175,-24.0645130931948,-20.06099627245,"SUM149 R2","TBF","FLUVA"
"5267",1,0.39,3.125,5.38504865051372,17.0354657148502,-18.6027393711955,-13.4417711510222,"SUM149 R2","TBF","FLUVA"
"5268",1,0.39,6.25,5.92360243851277,15.5607173655264,-18.8452466838736,-12.526827064272,"SUM149 R2","TBF","FLUVA"
"5269",1,0.39,12.5,9.07617778426843,7.0295492057995,-19.9222359751534,-7.81655935840956,"SUM149 R2","TBF","FLUVA"
"5270",1,0.39,25,40.7926786165967,44.1238714968072,10.7935743740508,42.0874279905117,"SUM149 R2","TBF","FLUVA"
"5271",1,0.39,50,3.54308352596699,3.88230476142138,3.15647104621931,3.67107195301028,"SUM149 R2","TBF","FLUVA"
"5272",1,1.56,0.78,8.31851359788309,-0.241797164217253,-4.09082405879922,-4.94747543205693,"SUM149 R2","TBF","FLUVA"
"5273",1,1.56,1.56,7.10345448185322,2.57866194060451,-7.32666696393192,-7.02586693776121,"SUM149 R2","TBF","FLUVA"
"5274",1,1.56,3.125,9.68733259384225,15.94853062003,-7.06617159267694,-4.45046876764938,"SUM149 R2","TBF","FLUVA"
"5275",1,1.56,6.25,7.7277017146991,10.5763312154933,-15.4687095974843,-8.22320117474302,"SUM149 R2","TBF","FLUVA"
"5276",1,1.56,12.5,12.058056053154,11.3487360589441,-16.2506202664392,1.4119507511578,"SUM149 R2","TBF","FLUVA"
"5277",1,1.56,25,40.4258015830875,39.1398017717476,5.80467056101844,44.3013667683271,"SUM149 R2","TBF","FLUVA"
"5278",1,1.56,50,1.68240886969895,1.57877050754401,4.09400634498809,4.60860725177906,"SUM149 R2","TBF","FLUVA"
"5279",1,6.25,0.78,3.17817652170878,0.386247716429239,-3.56789669450156,-1.1973342369818,"SUM149 R2","TBF","FLUVA"
"5280",1,6.25,1.56,2.27984027700572,-0.0887367905492198,-5.6914706242429,-3.32090816672314,"SUM149 R2","TBF","FLUVA"
"5281",1,6.25,3.125,0.309117569992566,3.08076075045236,-6.15459047062265,-3.7840280131029,"SUM149 R2","TBF","FLUVA"
"5282",1,6.25,12.5,2.40027644051848,1.97721589633838,-8.36713638235418,-1.36676832712074,"SUM149 R2","TBF","FLUVA"
"5283",1,6.25,25,9.46732122421137,10.8801923312647,2.14446965882739,12.6171919123461,"SUM149 R2","TBF","FLUVA"
"5284",1,25,0.78,1.26960734952566,0.951525620681295,1.49002094333211,0.327572574268601,"SUM149 R2","TBF","FLUVA"
"5285",1,25,1.56,1.10182213056305,1.37518038296837,1.26410882314687,0.101660454083358,"SUM149 R2","TBF","FLUVA"
"5286",1,25,3.125,2.34359017738146,2.61445623982328,1.07208352098941,-0.0903648480741026,"SUM149 R2","TBF","FLUVA"
"5287",1,25,6.25,2.67918949519627,2.76383306954591,1.43354291328581,0.271094544222294,"SUM149 R2","TBF","FLUVA"
"5288",1,25,12.5,2.98573193093291,2.71823087205613,2.56310351421205,1.40065514514853,"SUM149 R2","TBF","FLUVA"
"5289",1,25,25,3.3852965596319,2.43318555904298,3.12258422819151,3.11758725855641,"SUM149 R2","TBF","FLUVA"
"5290",1,0.39,0.78,1.79535967285783,-2.87687525051498,-6.9263735503436,-4.0427939512396,"SUM149 R3","TBF","FLUVA"
"5291",1,0.39,1.56,0.99910725859765,1.52596290533242,-6.88522552030554,-0.514350375475786,"SUM149 R3","TBF","FLUVA"
"5292",1,0.39,12.5,3.93228304626494,2.69100010443625,-2.35142494166276,1.61506017899391,"SUM149 R3","TBF","FLUVA"
"5293",1,0.39,25,19.2032514744319,23.1714785949448,13.2264671026193,22.29194527312,"SUM149 R3","TBF","FLUVA"
"5294",1,0.39,50,3.18101159791347,3.56239567420381,2.29394887017521,3.44614751568768,"SUM149 R3","TBF","FLUVA"
"5295",1,1.56,0.78,2.43164522365182,-5.47555472722387,-1.19176282614107,-3.75475774097315,"SUM149 R3","TBF","FLUVA"
"5296",1,1.56,1.56,3.20832144994619,0.422026573072721,1.47257211882344,-1.09042279600864,"SUM149 R3","TBF","FLUVA"
"5297",1,1.56,3.125,3.40988892950388,7.94343756488575,-4.70101725341262,-2.95237115523094,"SUM149 R3","TBF","FLUVA"
"5298",1,1.56,6.25,1.71271788705287,-0.778887636173621,-8.89950118382173,-2.83921407262628,"SUM149 R3","TBF","FLUVA"
"5299",1,1.56,12.5,6.57955315502076,2.13843298282337,-5.16808719092118,9.51548194630182,"SUM149 R3","TBF","FLUVA"
"5300",1,1.56,25,24.1371783995102,23.1526728742935,10.9461141103825,41.5697973459521,"SUM149 R3","TBF","FLUVA"
"5301",1,1.56,50,1.91454295056356,1.53658854491712,-1.49305475985327,3.97078489867297,"SUM149 R3","TBF","FLUVA"
"5302",1,6.25,0.78,3.51211791917792,5.34937089197625,3.88645722580128,6.19277852072832,"SUM149 R3","TBF","FLUVA"
"5303",1,6.25,1.56,0.538483022833063,0.237227642057988,-2.81038466289329,-0.504063367966253,"SUM149 R3","TBF","FLUVA"
"5304",1,6.25,3.125,1.71301040139882,8.12809998484515,0.481457740151654,2.78777903507869,"SUM149 R3","TBF","FLUVA"
"5305",1,6.25,6.25,2.8233730398991,3.82845995391577,-3.79932225033356,2.81864005760725,"SUM149 R3","TBF","FLUVA"
"5306",1,6.25,12.5,7.37719847987537,6.64046176462381,-0.673456833967634,10.2561464869869,"SUM149 R3","TBF","FLUVA"
"5307",1,6.25,25,9.98264756889978,11.3596034432152,1.47375800246753,21.0266433494496,"SUM149 R3","TBF","FLUVA"
"5308",1,25,0.78,0.278507418138176,-0.830593579381357,-0.452682134865412,-0.637794465589963,"SUM149 R3","TBF","FLUVA"
"5309",1,25,1.56,0.00957512977032593,-0.869532035128728,-0.853875427736526,-1.03898775846108,"SUM149 R3","TBF","FLUVA"
"5310",1,25,3.125,0.209918980126673,0.0480540079217207,-0.987606525360221,-1.17271885608477,"SUM149 R3","TBF","FLUVA"
"5311",1,25,12.5,0.111545015816773,-0.445909658401632,0.565731608576613,0.380619277852063,"SUM149 R3","TBF","FLUVA"
"5312",1,0.39,0.78,11.4032926428028,3.10590902211876,-7.45146722790641,-2.44226816588078,"SUM149 R3","TBF","FLUVA"
"5313",1,0.39,1.56,8.92301824757394,13.1833207056903,-8.94071937287849,-2.86543344214726,"SUM149 R3","TBF","FLUVA"
"5314",1,0.39,3.125,7.2974105679851,11.4008269706516,-13.7889843952458,-7.71369846451456,"SUM149 R3","TBF","FLUVA"
"5315",1,0.39,6.25,7.46815797598787,24.9984852236989,-12.8985490164679,-4.69108934832546,"SUM149 R3","TBF","FLUVA"
"5316",1,0.39,12.5,6.47175872630598,10.8115501192299,-26.0941524415085,-9.35799782372143,"SUM149 R3","TBF","FLUVA"
"5317",1,0.39,25,39.7719389792425,44.0445888163302,-6.23432758655566,41.6757344940152,"SUM149 R3","TBF","FLUVA"
"5318",1,0.39,50,3.02234334901782,3.46400433238446,3.20878150232832,3.21605609962519,"SUM149 R3","TBF","FLUVA"
"5319",1,1.56,0.78,5.03132981309207,-5.72423622055325,-7.54231067723119,-8.80183774634265,"SUM149 R3","TBF","FLUVA"
"5320",1,1.56,1.56,5.56710181268971,-0.903020096305141,-9.61190377251155,-9.80534397291742,"SUM149 R3","TBF","FLUVA"
"5321",1,1.56,3.125,4.45848642322913,-0.205927716906807,-13.8136706052031,-10.8088501994922,"SUM149 R3","TBF","FLUVA"
"5322",1,1.56,6.25,4.3873676794989,3.59264008603726,-21.2115695842044,-12.8763148349655,"SUM149 R3","TBF","FLUVA"
"5323",1,1.56,12.5,5.24976872948998,1.8301508997859,-28.3541212600162,-9.35799782372144,"SUM149 R3","TBF","FLUVA"
"5324",1,1.56,25,27.7838301839226,25.5427288172111,-5.34593317490997,31.7736670293798,"SUM149 R3","TBF","FLUVA"
"5325",1,1.56,50,0.26176469846763,0.157820321905561,4.13076412440972,4.17120058034095,"SUM149 R3","TBF","FLUVA"
"5326",1,6.25,25,5.26081274370507,10.090838192933,2.30876124471044,12.8279530891065,"SUM149 R3","TBF","FLUVA"
"5327",1,25,0.78,6.15786895347019,2.34152329939371,5.7829783200385,1.78938459678395,"SUM149 R3","TBF","FLUVA"
"5328",1,25,1.56,6.37560828549162,2.44345659833706,5.12583294099868,0.846330552532947,"SUM149 R3","TBF","FLUVA"
"5329",1,25,3.125,6.73843403124792,3.94550658585267,5.97190308413219,2.04328376254382,"SUM149 R3","TBF","FLUVA"
"5330",1,25,6.25,5.96587000670436,1.72139690485119,3.04627786906057,-1.23322451940516,"SUM149 R3","TBF","FLUVA"
"5331",1,25,12.5,7.37872809134163,4.54620729907732,5.18366406427585,2.53899165759884,"SUM149 R3","TBF","FLUVA"
"5332",1,25,25,4.97715941277001,0.961690360837778,1.19083987345959,2.0795550719381,"SUM149 R3","TBF","FLUVA"
"5333",1,0.39,0.78,0.855951034555702,-1.71749918097236,-1.4180746918896,-2.38547709541906,"SUM149 R3R","TBF","FLUVA"
"5334",1,0.39,1.56,0.57499795444711,-2.71977955303,-2.93837875270176,-3.90578115623123,"SUM149 R3R","TBF","FLUVA"
"5335",1,0.39,6.25,0.610473888073704,5.83123250975463,-1.15101416766112,-0.335067013402679,"SUM149 R3R","TBF","FLUVA"
"5336",1,0.39,12.5,1.47433834390021,2.10399976574634,-4.17559774800623,1.99039807961593,"SUM149 R3R","TBF","FLUVA"
"5337",1,0.39,25,6.45237119465176,5.97263906672114,-7.07110572836577,14.0078015603121,"SUM149 R3R","TBF","FLUVA"
"5338",1,0.39,50,7.35764617318546,6.69139954216088,3.99832863433997,8.12662532506501,"SUM149 R3R","TBF","FLUVA"
"5339",1,1.56,25,6.66534074010158,6.60299843525417,-15.5636833377856,14.6529305861173,"SUM149 R3R","TBF","FLUVA"
"5340",1,1.56,50,4.57500530886031,5.12120877866312,0.863723049593986,10.3420684136827,"SUM149 R3R","TBF","FLUVA"
"5341",1,6.25,25,0.728153842897484,0.93801641904696,-7.0488808075484,3.62072414482897,"SUM149 R3R","TBF","FLUVA"
"5342",1,25,0.78,0.417036593539265,0.985150270702277,0.368624029790027,0.935187037407488,"SUM149 R3R","TBF","FLUVA"
"5343",1,0.39,1.56,1.2720684543542,-7.13060515843321,-10.333156196922,-5.66608996539793,"T47D R1","TBF","FLUVA"
"5344",1,0.39,12.5,1.25702998033562,-4.91637675704314,0.490805740794237,-3.58996539792388,"T47D R1","TBF","FLUVA"
"5345",1,0.39,25,11.5995592505824,12.3150189211396,12.5117640164208,13.3650519031142,"T47D R1","TBF","FLUVA"
"5346",1,0.39,50,6.24247946503627,5.99398981618396,0.938943442511274,6.22837370242215,"T47D R1","TBF","FLUVA"
"5347",1,1.56,1.56,0.934553500329209,0.498600978720903,-3.73713543567636,0.929930795847739,"T47D R1","TBF","FLUVA"
"5348",1,1.56,12.5,6.4209477991303,4.50770100109553,-2.24114591724026,4.89835640138408,"T47D R1","TBF","FLUVA"
"5349",1,1.56,25,25.8591671532359,26.4424738145945,14.6781687597704,26.7517301038062,"T47D R1","TBF","FLUVA"
"5350",1,1.56,50,7.14337797925425,7.18659196676583,1.96619257745937,7.25562283737024,"T47D R1","TBF","FLUVA"
"5351",1,6.25,3.125,1.45038651602411,7.31660815468565,-11.7421287171433,6.40138408304499,"T47D R1","TBF","FLUVA"
"5352",1,6.25,6.25,5.23336516581561,6.13064846715197,-18.6479558077037,10.715830449827,"T47D R1","TBF","FLUVA"
"5353",1,6.25,12.5,19.3641529879698,16.753977854372,-10.4370008913437,30.1470588235294,"T47D R1","TBF","FLUVA"
"5354",1,6.25,25,32.9271235904233,34.6632251357443,10.9227429523519,45.4368512110726,"T47D R1","TBF","FLUVA"
"5355",1,6.25,50,5.31373881348605,5.1859875622598,2.30140018991612,7.590830449827,"T47D R1","TBF","FLUVA"
"5356",1,25,0.78,0.0661653248706244,0.273069422660186,-1.34640593751652,1.1461937716263,"T47D R1","TBF","FLUVA"
"5357",1,25,6.25,0.267129357280098,0.856988811197198,-0.362409397724136,2.13019031141869,"T47D R1","TBF","FLUVA"
"5358",1,25,12.5,2.62012302076965,1.96876010224973,3.19511655383296,5.68771626297578,"T47D R1","TBF","FLUVA"
"5359",1,25,25,4.74919992636575,4.91275210725448,10.2128501178468,12.7054498269896,"T47D R1","TBF","FLUVA"
"5360",1,0.39,3.125,0.571563239771923,3.22795114637717,-6.81674875739981,3.94422650520211,"T47D R1","TBF","FLUVA"
"5361",1,0.39,6.25,1.52000618857351,5.15516700635866,-4.9064639202857,5.87156745693332,"T47D R1","TBF","FLUVA"
"5362",1,0.39,12.5,2.96790947294435,3.85543754490396,-2.05809277923164,4.54119051680028,"T47D R1","TBF","FLUVA"
"5363",1,0.39,25,6.46570406179191,8.12717097822535,0.851055905844248,8.72420262664166,"T47D R1","TBF","FLUVA"
"5364",1,0.39,50,7.82566281833687,8.1070195700806,8.10422918955561,8.25515947467167,"T47D R1","TBF","FLUVA"
"5365",1,1.56,0.78,1.60308930875397,4.76410256022378,-0.13075182750044,5.3470919324578,"T47D R1","TBF","FLUVA"
"5366",1,1.56,3.125,1.58510062168507,1.49990026114795,-1.81930717459237,3.65853658536587,"T47D R1","TBF","FLUVA"
"5367",1,1.56,6.25,3.0916012410413,2.56034375096455,-0.774620154295611,4.70322360566263,"T47D R1","TBF","FLUVA"
"5368",1,1.56,12.5,7.14076732379814,4.38395891474939,4.90933004184972,10.387173801808,"T47D R1","TBF","FLUVA"
"5369",1,1.56,25,22.7106487953548,22.4087511322622,7.36757283243472,28.6116322701689,"T47D R1","TBF","FLUVA"
"5370",1,1.56,50,10.5899950151781,10.6346971015282,-1.34804119410464,12.1738018079482,"T47D R1","TBF","FLUVA"
"5371",1,6.25,0.78,2.68521257552491,6.52814786915368,0.877721220631877,6.94610267780998,"T47D R1","TBF","FLUVA"
"5372",1,6.25,1.56,1.23178606673862,3.23214171999234,-1.97491394907646,4.09346750810164,"T47D R1","TBF","FLUVA"
"5373",1,6.25,3.125,2.73090623601247,4.88685683967797,0.366037782119179,6.43441923929728,"T47D R1","TBF","FLUVA"
"5374",1,6.25,6.25,5.12216500899152,5.12841046291831,0.596295329449894,6.66467678662799,"T47D R1","TBF","FLUVA"
"5375",1,6.25,12.5,23.2982461432509,21.8730669870102,6.73757773446438,26.1768719085792,"T47D R1","TBF","FLUVA"
"5376",1,6.25,25,38.5434562981685,41.3898941400886,20.8952340095113,53.7054409005628,"T47D R1","TBF","FLUVA"
"5377",1,6.25,50,6.20487229001664,4.92607310321125,-15.1453567764686,11.7473989425209,"T47D R1","TBF","FLUVA"
"5378",1,25,0.78,1.4399049205357,2.4832843240343,-4.01305910302499,2.56694524987209,"T47D R1","TBF","FLUVA"
"5379",1,25,1.56,1.54257924941813,2.25382296387212,-4.15377204861599,2.42623230428109,"T47D R1","TBF","FLUVA"
"5380",1,25,3.125,0.918589989866135,0.393793191744805,-5.87643962494209,0.703564727954983,"T47D R1","TBF","FLUVA"
"5381",1,25,6.25,1.71343320157702,1.41515714621967,-4.85733677657096,1.72266757632612,"T47D R1","TBF","FLUVA"
"5382",1,25,12.5,1.88389428480227,0.954994781201293,-4.76352814617697,1.81647620672011,"T47D R1","TBF","FLUVA"
"5383",1,25,25,3.15521625524404,2.62181525496216,-14.8639308852866,5.08698618454717,"T47D R1","TBF","FLUVA"
"5384",1,0.39,12.5,4.36430258456964,1.56668843124339,-7.31297057535796,6.76554568527919,"T47D R1","TBF","FLUVA"
"5385",1,0.39,25,32.4400429471381,36.4091193710705,41.996991353576,40.6408629441624,"T47D R1","TBF","FLUVA"
"5386",1,0.39,50,7.2449598903396,7.37978309034308,3.02925497968148,8.14562182741116,"T47D R1","TBF","FLUVA"
"5387",1,1.56,3.125,0.160012014339603,2.47956891040092,-10.9773106768808,3.67227157360406,"T47D R1","TBF","FLUVA"
"5388",1,1.56,6.25,1.28686371693327,1.11528902968703,-7.0274375804341,7.62214467005076,"T47D R1","TBF","FLUVA"
"5389",1,1.56,12.5,7.43588308466228,3.73056047022757,3.3072705413933,17.3857868020305,"T47D R1","TBF","FLUVA"
"5390",1,1.56,25,28.7457287737345,28.8516651410997,10.4295254508927,39.9666878172589,"T47D R1","TBF","FLUVA"
"5391",1,1.56,50,5.31480251487723,5.45990824555032,2.35507985277793,7.47144670050761,"T47D R1","TBF","FLUVA"
"5392",1,6.25,1.56,0.0264919272633506,-2.10462316247521,-16.521616681087,1.42766497461929,"T47D R1","TBF","FLUVA"
"5393",1,6.25,3.125,2.26346679266052,4.47567031004403,-12.6748527216961,5.27442893401014,"T47D R1","TBF","FLUVA"
"5394",1,6.25,6.25,8.55191255780604,7.71402845908806,-5.87758114809205,12.0717005076142,"T47D R1","TBF","FLUVA"
"5395",1,6.25,12.5,21.4830980351991,20.4376861580915,12.0158198671364,29.9651015228426,"T47D R1","TBF","FLUVA"
"5396",1,6.25,25,23.9031516438599,26.9196037102379,27.1332056539384,45.0824873096447,"T47D R1","TBF","FLUVA"
"5397",1,6.25,50,1.89603275769171,2.19041869113801,2.45818898983377,7.57455583756345,"T47D R1","TBF","FLUVA"
"5398",1,25,12.5,3.92628760155225,3.39333954128712,-4.037686644684,6.37690355329948,"T47D R1","TBF","FLUVA"
"5399",1,25,25,5.30259464625294,5.17830701621241,0.451526553285547,10.866116751269,"T47D R1","TBF","FLUVA"
"5400",1,0.39,25,3.37267548024699,6.9726379625673,10.1946975820265,11.6956697693241,"T47D R2","TBF","FLUVA"
"5401",1,0.39,50,5.93552847336194,4.3838504392761,3.82408242595368,5.39255362201538,"T47D R2","TBF","FLUVA"
"5402",1,1.56,25,12.7834243560232,11.2922435664473,5.09890741097671,20.3358963982193,"T47D R2","TBF","FLUVA"
"5403",1,1.56,50,7.75872500002924,8.17578098578066,8.53877283469507,10.1072440307568,"T47D R2","TBF","FLUVA"
"5404",1,6.25,6.25,1.61124990859982,-1.19666971347598,-3.01857639612001,8.93363010926751,"T47D R2","TBF","FLUVA"
"5405",1,6.25,12.5,15.3343690141272,15.5185931798748,3.70271153886016,29.3909348441926,"T47D R2","TBF","FLUVA"
"5406",1,6.25,25,25.5909887690457,31.6623807432916,16.4842989477376,45.4573047349251,"T47D R2","TBF","FLUVA"
"5407",1,6.25,50,5.52392843623817,6.33142305867447,-19.762884399351,9.27762039660057,"T47D R2","TBF","FLUVA"
"5408",1,25,12.5,3.50399995791379,2.75795955053528,-17.4088991655736,6.88992310805341,"T47D R2","TBF","FLUVA"
"5409",1,25,25,6.22869551814854,6.3758641111028,-24.4371053625239,13.5977337110482,"T47D R2","TBF","FLUVA"
"5410",1,0.39,3.125,0.584300591549177,3.44755736590807,-30.9151692948072,4.75071559789806,"T47D R2","TBF","FLUVA"
"5411",1,0.39,6.25,0.267760319599186,-0.184962738592406,-33.7732886608088,1.89259623189645,"T47D R2","TBF","FLUVA"
"5412",1,0.39,12.5,1.43985325080566,0.912661018938223,-28.4372780656877,3.29388644422609,"T47D R2","TBF","FLUVA"
"5413",1,0.39,25,3.3491228137411,5.6429304541596,-14.3517480960205,7.7797240141838,"T47D R2","TBF","FLUVA"
"5414",1,0.39,50,12.648570543163,12.595661743052,13.8776128403413,13.1798180031614,"T47D R2","TBF","FLUVA"
"5415",1,1.56,3.125,0.969581211577012,0.531613736012494,-26.7497486941322,1.73879608664073,"T47D R2","TBF","FLUVA"
"5416",1,1.56,6.25,0.63836259645807,0.771225269945788,-25.7927700125412,2.69577476823171,"T47D R2","TBF","FLUVA"
"5417",1,1.56,12.5,3.93569911836591,1.36927762720929,-21.2684824062696,7.22006237450334,"T47D R2","TBF","FLUVA"
"5418",1,1.56,25,22.7736537173896,23.0529149964466,9.08141292418714,31.2128850343914,"T47D R2","TBF","FLUVA"
"5419",1,1.56,50,14.5461084777607,14.5847113264639,17.5132773851356,16.8154825479557,"T47D R2","TBF","FLUVA"
"5420",1,6.25,0.78,1.20833868803967,3.68155059469135,0.528415957467779,3.498953304567,"T47D R2","TBF","FLUVA"
"5421",1,6.25,1.56,0.188567164301155,1.5244510467145,-1.47098593085622,1.499551416243,"T47D R2","TBF","FLUVA"
"5422",1,6.25,3.125,1.216874632599,2.21859354234137,0.114010010528837,3.08454735762806,"T47D R2","TBF","FLUVA"
"5423",1,6.25,6.25,5.54937840931225,5.80533838608214,4.21534721734731,7.18588456444654,"T47D R2","TBF","FLUVA"
"5424",1,6.25,12.5,22.83642832854,20.6502968640565,21.8767305642094,24.8472679113086,"T47D R2","TBF","FLUVA"
"5425",1,6.25,25,40.2335672054288,43.2114051908478,12.5062282118113,53.6249839791515,"T47D R2","TBF","FLUVA"
"5426",1,6.25,50,9.1464360308281,8.51679574912264,-20.8485523479606,16.6018712351006,"T47D R2","TBF","FLUVA"
"5427",1,25,12.5,0.845868581100163,1.28461026870129,-23.1683712055673,1.9737685307814,"T47D R2","TBF","FLUVA"
"5428",1,25,25,0.485267029736704,-0.710247439799474,-24.1424387921867,0.999700944162001,"T47D R2","TBF","FLUVA"
"5429",1,0.39,25,29.9827610267238,35.8945229757301,29.6265468775919,38.1168608636052,"T47D R2","TBF","FLUVA"
"5430",1,0.39,50,8.89760308175845,8.5374970756539,12.5024596822425,9.00445510623716,"T47D R2","TBF","FLUVA"
"5431",1,1.56,12.5,3.3870335219301,-1.29514767595522,-7.74494044249038,13.5023989033585,"T47D R2","TBF","FLUVA"
"5432",1,1.56,25,27.637715902054,26.4016117844806,30.3633529091203,38.8536668951337,"T47D R2","TBF","FLUVA"
"5433",1,1.56,50,7.8144742542981,6.97918540871085,13.0936180098641,9.59561343385882,"T47D R2","TBF","FLUVA"
"5434",1,6.25,0.78,1.4918157658467,2.8622595400626,5.47473056504902,7.47943797121316,"T47D R2","TBF","FLUVA"
"5435",1,6.25,3.125,3.21557584139067,3.88439190747698,4.5922768296138,6.59698423577794,"T47D R2","TBF","FLUVA"
"5436",1,6.25,6.25,9.4700612269131,8.92739153964356,12.0802823128215,14.0849897189856,"T47D R2","TBF","FLUVA"
"5437",1,6.25,12.5,21.8942527045247,20.3815942830325,9.57546969527016,32.3337902673064,"T47D R2","TBF","FLUVA"
"5438",1,6.25,25,24.0237858549304,28.1962603837776,25.2026115732688,47.960932145305,"T47D R2","TBF","FLUVA"
"5439",1,6.25,50,4.91338888677052,4.6453560914012,-7.09453936436987,10.1610692254969,"T47D R2","TBF","FLUVA"
"5440",1,25,3.125,1.26878070727112,1.97297132003337,-1.87382544455672,2.97292666209731,"T47D R2","TBF","FLUVA"
"5441",1,25,6.25,2.02710218354429,1.48289818319419,-1.46258486881989,3.38416723783413,"T47D R2","TBF","FLUVA"
"5442",1,25,12.5,4.3912267703345,3.2962004992763,2.85544117641656,7.70219328307059,"T47D R2","TBF","FLUVA"
"5443",1,25,25,6.09400806706782,6.73050808810713,-11.5839156494967,14.0164496230295,"T47D R2","TBF","FLUVA"
"5444",1,0.39,25,12.0261001857588,14.4616685575404,8.76366995119133,17.8203405017921,"T47D R3","TBF","FLUVA"
"5445",1,0.39,50,3.95028455861953,3.39356880130651,6.43449254861137,3.9986559139785,"T47D R3","TBF","FLUVA"
"5446",1,1.56,12.5,0.7244308221929,-3.50253115124098,-5.96546326825932,5.06272401433692,"T47D R3","TBF","FLUVA"
"5447",1,1.56,25,31.3651202306375,33.1370460397638,30.9634907397218,40.0201612903226,"T47D R3","TBF","FLUVA"
"5448",1,1.56,50,4.11056980674584,3.47546275219679,-6.60295129286989,4.71550179211469,"T47D R3","TBF","FLUVA"
"5449",1,6.25,0.78,0.028371070863674,4.93791029149163,8.72968666641189,8.00851254480287,"T47D R3","TBF","FLUVA"
"5450",1,6.25,1.56,4.428287495477,3.68355044256882,14.8116759137237,14.0905017921147,"T47D R3","TBF","FLUVA"
"5451",1,6.25,3.125,6.94220302569989,9.73518936036278,2.55828225145392,15.5913978494624,"T47D R3","TBF","FLUVA"
"5452",1,6.25,6.25,9.73433523032897,3.14503282331933,4.00317472457221,17.0362903225806,"T47D R3","TBF","FLUVA"
"5453",1,6.25,12.5,17.1639318559116,15.04051528115,4.60820400137054,29.3906810035842,"T47D R3","TBF","FLUVA"
"5454",1,6.25,25,27.8665031723566,34.8950504875323,23.6160110559466,46.4269713261649,"T47D R3","TBF","FLUVA"
"5455",1,6.25,50,3.27051304486092,1.54027922303156,-21.4549112633834,3.61783154121864,"T47D R3","TBF","FLUVA"
"5456",1,25,0.78,1.09958889811688,1.61850358422939,5.3366317305944,2.55376344086021,"T47D R3","TBF","FLUVA"
"5457",1,25,1.56,2.65632102860795,1.62410394265233,7.57677509977003,4.79390681003584,"T47D R3","TBF","FLUVA"
"5458",1,25,3.125,2.80723329837949,2.33814964157705,-6.8495576306001,4.12186379928315,"T47D R3","TBF","FLUVA"
"5459",1,25,6.25,4.53737436128827,2.82538082437274,-3.91496981698003,7.05645161290322,"T47D R3","TBF","FLUVA"
"5460",1,25,12.5,4.96600493158896,4.20306899641577,-15.5411233358806,9.18458781362007,"T47D R3","TBF","FLUVA"
"5461",1,25,25,3.38276657712049,5.59195788530467,-23.975072553706,14.5049283154122,"T47D R3","TBF","FLUVA"
"5462",1,0.39,25,0.0427143037859103,2.3754842736911,-4.91626877116629,3.39961812508731,"T47D R3","TBF","FLUVA"
"5463",1,0.39,50,9.34883083104229,9.9213756288204,8.8672490919251,10.1895403530014,"T47D R3","TBF","FLUVA"
"5464",1,1.56,1.56,0.617850846213221,-2.83838397970473,-4.33176921545995,-5.86317701299305,"T47D R3","TBF","FLUVA"
"5465",1,1.56,6.25,1.83598504014305,-2.34596290476033,-6.28586894925927,-4.49867275182787,"T47D R3","TBF","FLUVA"
"5466",1,1.56,12.5,3.45622279481054,1.25063293266287,-6.30405808798276,0.461044101895411,"T47D R3","TBF","FLUVA"
"5467",1,1.56,25,23.1124177652814,21.4765126550889,10.0093625835879,33.3674847482886,"T47D R3","TBF","FLUVA"
"5468",1,1.56,50,12.2705929306645,11.8019046136679,9.02136936502112,15.3215666185442,"T47D R3","TBF","FLUVA"
"5469",1,6.25,0.78,3.10199389179358,5.70923474202998,3.64182233341617,4.18665300610067,"T47D R3","TBF","FLUVA"
"5470",1,6.25,1.56,1.39797786959942,2.75729911129726,-1.59406421210314,0.610068458063608,"T47D R3","TBF","FLUVA"
"5471",1,6.25,3.125,3.62072700521647,6.97649524090787,0.937943807645546,4.80137847529455,"T47D R3","TBF","FLUVA"
"5472",1,6.25,6.25,5.47059917975584,6.9302918695029,-0.12060375403361,5.40213291109765,"T47D R3","TBF","FLUVA"
"5473",1,6.25,12.5,20.6176711030154,20.5111465408504,7.79069102695899,19.9506356820193,"T47D R3","TBF","FLUVA"
"5474",1,6.25,25,38.9720691117517,40.3457223832457,21.6931859681676,48.7868486005681,"T47D R3","TBF","FLUVA"
"5475",1,6.25,50,8.11297330346166,7.96440512341145,-0.926534632722806,16.9887766031761,"T47D R3","TBF","FLUVA"
"5476",1,25,0.78,0.525273785850928,0.493569658325654,0.41240072608511,0.172309411819498,"T47D R3","TBF","FLUVA"
"5477",1,25,1.56,0.302467415555995,-0.0219558132903046,-1.89422581850282,-0.475015135286171,"T47D R3","TBF","FLUVA"
"5478",1,25,3.125,1.73348832992231,2.30777662800639,0.429622735495229,1.84883341871188,"T47D R3","TBF","FLUVA"
"5479",1,25,6.25,2.10646429575112,1.86856471921108,-3.19168698293596,1.54612769524519,"T47D R3","TBF","FLUVA"
"5480",1,25,12.5,3.7652134829319,3.62033850465578,-4.55434630319269,3.50207236995297,"T47D R3","TBF","FLUVA"
"5481",1,25,25,3.79891158155679,3.70956343727187,-9.20301054050213,5.49061612257253,"T47D R3","TBF","FLUVA"
"5482",1,0.39,0.78,1.17105769291166,6.01494415659575,-4.57100882682704,-1.24058077559273,"T47D R3","TBF","FLUVA"
"5483",1,0.39,1.56,2.48767932103695,0.137132956325065,-3.57854420635289,-0.248116155118581,"T47D R3","TBF","FLUVA"
"5484",1,0.39,3.125,2.69019080448053,9.69480937699938,1.31945248543172,4.64988053666603,"T47D R3","TBF","FLUVA"
"5485",1,0.39,6.25,3.14797311624537,4.8567107121385,-3.15042205254391,5.03583900018381,"T47D R3","TBF","FLUVA"
"5486",1,0.39,12.5,7.90234414677874,7.78893066897541,2.97518218176491,7.94890645102002,"T47D R3","TBF","FLUVA"
"5487",1,0.39,25,22.1183157882276,25.4323340442955,18.7329910251068,25.5559639772101,"T47D R3","TBF","FLUVA"
"5488",1,0.39,50,9.84159314691725,10.0440301588128,12.2225105680671,10.0716780003676,"T47D R3","TBF","FLUVA"
"5489",1,1.56,0.78,4.74345408588083,7.93317910217713,3.32816644221806,1.57140231575077,"T47D R3","TBF","FLUVA"
"5490",1,1.56,1.56,4.35006165604025,2.89247090668471,4.31144157546563,2.55467744899835,"T47D R3","TBF","FLUVA"
"5491",1,1.56,3.125,6.82079203070456,10.4150314271681,0.539968066712532,5.99154567175151,"T47D R3","TBF","FLUVA"
"5492",1,1.56,6.25,7.82419079929358,6.12426882268262,2.89247679672539,8.34405440176437,"T47D R3","TBF","FLUVA"
"5493",1,1.56,12.5,16.2847320362162,12.4329945186339,11.113284118702,23.2953501194633,"T47D R3","TBF","FLUVA"
"5494",1,1.56,25,27.754439923907,26.2223259377525,20.5854836990408,34.6167983826502,"T47D R3","TBF","FLUVA"
"5495",1,1.56,50,8.42972687177682,7.92789442922509,4.74767370698905,9.8051828707958,"T47D R3","TBF","FLUVA"
"5496",1,6.25,0.78,4.03596645273969,8.64569032640702,0.629701188679704,4.00661643080316,"T47D R3","TBF","FLUVA"
"5497",1,6.25,1.56,2.61983241676338,1.19283969207229,-2.43039805778234,0.946517184341111,"T47D R3","TBF","FLUVA"
"5498",1,6.25,3.125,5.17705887288552,9.17125012257436,2.568682993495,5.94559823561845,"T47D R3","TBF","FLUVA"
"5499",1,6.25,6.25,9.14651873915533,8.37947133746408,6.62124686043122,9.99816210255467,"T47D R3","TBF","FLUVA"
"5500",1,6.25,12.5,22.9817794859756,22.4418678375074,20.1260093377101,30.7112663113398,"T47D R3","TBF","FLUVA"
"5501",1,6.25,25,27.7541090996324,30.8095605526745,26.6981147002811,51.7000551369234,"T47D R3","TBF","FLUVA"
"5502",1,6.25,50,5.12394349187652,5.19894859835577,-1.62442468689544,10.6414262084176,"T47D R3","TBF","FLUVA"
"5503",1,25,0.78,2.31184804766761,3.33665450848473,0.739435280642994,1.5070759051645,"T47D R3","TBF","FLUVA"
"5504",1,25,1.56,3.64918610545736,3.57077193820761,2.70598554713813,3.47362617165963,"T47D R3","TBF","FLUVA"
"5505",1,25,3.125,4.49170330370875,5.38903722041269,3.34924965300101,4.11689027752251,"T47D R3","TBF","FLUVA"
"5506",1,25,6.25,5.72317039510672,5.16017997410596,5.03092581547115,5.79856643999265,"T47D R3","TBF","FLUVA"
"5507",1,25,12.5,7.27465973950746,6.24979711686215,1.53513692351645,9.5111192795442,"T47D R3","TBF","FLUVA"
"5508",1,25,25,8.01701877263004,8.13678003677889,1.19134215028991,16.3756662378239,"T47D R3","TBF","FLUVA"
"5509",1,0.39,1.56,0.444185051630011,4.44610995023932,-1.02014813909441,2.01029340606168,"ZR751 R1","TBF","FLUVA"
"5510",1,0.39,25,0.605846475886134,4.95599667894821,-6.98457306982723,1.35485857563896,"ZR751 R1","TBF","FLUVA"
"5511",1,0.39,50,10.0781337023063,10.6588526837676,6.43181846099948,11.5646856992038,"ZR751 R1","TBF","FLUVA"
"5512",1,1.56,0.78,2.57827532203045,-3.53194568628144,-1.71862805378665,-5.2742708837373,"ZR751 R1","TBF","FLUVA"
"5513",1,1.56,1.56,3.12799193800123,-4.20480076939057,-5.30128920608396,-6.20243698587957,"ZR751 R1","TBF","FLUVA"
"5514",1,1.56,3.125,2.91586763363982,-2.39744674739185,-4.71183774785142,-5.61298552764703,"ZR751 R1","TBF","FLUVA"
"5515",1,1.56,6.25,2.41979259619241,-2.44506499437145,-4.148779638495,-5.04992741829061,"ZR751 R1","TBF","FLUVA"
"5516",1,1.56,12.5,2.33170452901275,-1.77347251482994,-8.71239359068671,-6.95904632032727,"ZR751 R1","TBF","FLUVA"
"5517",1,1.56,25,9.46885301480453,6.2964849877142,-6.3736748965207,3.34315752430388,"ZR751 R1","TBF","FLUVA"
"5518",1,1.56,50,8.36853160685254,7.47027305358877,-1.14896313076245,11.947389257907,"ZR751 R1","TBF","FLUVA"
"5519",1,6.25,0.78,1.29035126154148,2.44189910058295,-0.00753509538134267,1.12611621871289,"ZR751 R1","TBF","FLUVA"
"5520",1,6.25,1.56,0.900242032394438,2.78866809099056,0.146426106395801,1.28007742049003,"ZR751 R1","TBF","FLUVA"
"5521",1,6.25,3.125,2.81837997005513,7.02077863691947,0.804296340189211,4.59244270443848,"ZR751 R1","TBF","FLUVA"
"5522",1,6.25,6.25,0.788079318705137,1.16216340544163,-4.5931435049698,-0.80499714072053,"ZR751 R1","TBF","FLUVA"
"5523",1,6.25,12.5,5.09127711682806,8.64489085802239,-1.71383307410608,4.72880834029824,"ZR751 R1","TBF","FLUVA"
"5524",1,6.25,25,23.0354600410056,25.210126210646,5.9191874730853,22.9798090881098,"ZR751 R1","TBF","FLUVA"
"5525",1,6.25,50,5.1050029185414,6.12815893713308,-9.12320955229497,14.5911230369947,"ZR751 R1","TBF","FLUVA"
"5526",1,25,12.5,0.379361079230762,0.141045105909711,-6.34986860513679,-1.72436545990409,"ZR751 R1","TBF","FLUVA"
"5527",1,25,25,8.24618573976635,7.84989237654267,-5.8014987430651,6.78748955263275,"ZR751 R1","TBF","FLUVA"
"5528",1,0.39,0.78,3.45917356421506,10.2587630211707,7.31940085898668,10.8261126427728,"ZR751 R1","TBF","FLUVA"
"5529",1,0.39,50,4.04877826454131,5.55508060083881,3.73147532833798,8.20697124852303,"ZR751 R1","TBF","FLUVA"
"5530",1,1.56,0.78,2.31164778579836,-4.29407582787678,-1.62950306106872,-3.90901929893661,"ZR751 R1","TBF","FLUVA"
"5531",1,1.56,25,4.43829985008071,4.1562844517221,-6.85474273279392,1.38834186687671,"ZR751 R1","TBF","FLUVA"
"5532",1,6.25,25,7.89269720670558,11.3147482960189,-3.51042097344796,9.34915320992518,"ZR751 R1","TBF","FLUVA"
"5533",1,25,0.78,1.59654848309587,0.819039156934409,2.33501354279656,0.960023631350921,"ZR751 R1","TBF","FLUVA"
"5534",1,25,1.56,3.46608127730612,4.28110492659528,6.01264253058703,4.63765261914139,"ZR751 R1","TBF","FLUVA"
"5535",1,25,3.125,1.92583816018272,1.53656571117972,2.73379258966541,1.35880267821977,"ZR751 R1","TBF","FLUVA"
"5536",1,25,6.25,1.77333574384335,0.557217460782326,1.17313878895646,-0.201851122489174,"ZR751 R1","TBF","FLUVA"
"5537",1,25,12.5,3.27684757721367,2.86547726673038,4.18121283385604,2.8062229224104,"ZR751 R1","TBF","FLUVA"
"5538",1,25,25,7.27577862493186,7.65484786290156,2.75508374238099,6.64139424970462,"ZR751 R1","TBF","FLUVA"
"5539",1,0.39,0.78,0.863806634673562,-1.38415692244217,-3.73190936442099,-3.38836545941741,"ZR751 R1","TBF","FLUVA"
"5540",1,0.39,1.56,0.573327787469424,-2.06471282158341,-5.04576535888897,-4.70222145388539,"ZR751 R1","TBF","FLUVA"
"5541",1,0.39,3.125,1.78336883396988,1.29015263031392,-3.32819427321324,-1.09776125853575,"ZR751 R1","TBF","FLUVA"
"5542",1,0.39,6.25,1.92484069734483,3.12954639023316,-3.38870079927426,-1.15826778459677,"ZR751 R1","TBF","FLUVA"
"5543",1,0.39,50,14.9651531445335,15.1998463319681,6.60400877241987,21.8644653816233,"ZR751 R1","TBF","FLUVA"
"5544",1,1.56,1.56,1.01362442691852,1.48921718087674,-0.8944663017528,-0.514305471518711,"ZR751 R1","TBF","FLUVA"
"5545",1,1.56,3.125,0.689943192744778,-0.75328170555079,-2.94736629310901,-2.56720546287492,"ZR751 R1","TBF","FLUVA"
"5546",1,1.56,6.25,0.962688832128965,1.85684533842916,-3.66734382874888,-1.40029388884088,"ZR751 R1","TBF","FLUVA"
"5547",1,1.56,25,0.617725391109065,1.28701384913788,-12.3670672749488,-0.665571786671265,"ZR751 R1","TBF","FLUVA"
"5548",1,1.56,50,18.1135274147848,17.898706518065,9.87161180214697,34.5665139597199,"ZR751 R1","TBF","FLUVA"
"5549",1,6.25,1.56,0.732145853389866,-0.477026748026731,-3.52498418814113,-1.77197683464431,"ZR751 R1","TBF","FLUVA"
"5550",1,6.25,25,1.71672695052006,1.05457668029339,-9.50801473868739,-0.207450946494937,"ZR751 R1","TBF","FLUVA"
"5551",1,6.25,50,5.92001098821314,5.82836212084807,3.32063416108446,27.7163108306682,"ZR751 R1","TBF","FLUVA"
"5552",1,25,0.78,1.56099720028016,2.08988657882348,1.77924600647039,1.50401936208834,"ZR751 R1","TBF","FLUVA"
"5553",1,25,1.56,1.53224022538052,2.45653148571468,1.96076558465346,1.68553894027141,"ZR751 R1","TBF","FLUVA"
"5554",1,25,3.125,2.39748018798522,3.3084557965432,2.88565105444341,2.61042441006137,"ZR751 R1","TBF","FLUVA"
"5555",1,25,6.25,2.42555663194217,3.37545767946074,0.510387841562647,2.12205030685452,"ZR751 R1","TBF","FLUVA"
"5556",1,25,12.5,2.74066347878389,2.27307080934179,-0.27619699723067,1.3354654680612,"ZR751 R1","TBF","FLUVA"
"5557",1,25,25,5.90656736765443,5.89444575523777,1.64450314022136,5.14305471518713,"ZR751 R1","TBF","FLUVA"
"5558",1,0.39,0.78,0.164587748494429,5.60100849122225,-3.31713961605792,-0.543994473706931,"ZR751 R2","TBF","FLUVA"
"5559",1,0.39,1.56,0.641888261769059,6.62366431396238,-2.94079191284168,0.988688368880062,"ZR751 R2","TBF","FLUVA"
"5560",1,0.39,6.25,1.76271059046707,2.14179235197469,-2.91056999763574,1.018910284086,"ZR751 R2","TBF","FLUVA"
"5561",1,0.39,25,5.93212997152085,11.829311758633,-3.96679467533385,9.21336672135394,"ZR751 R2","TBF","FLUVA"
"5562",1,0.39,50,5.67921287924774,6.3051522365183,5.61929903868919,7.25757706588378,"ZR751 R2","TBF","FLUVA"
"5563",1,1.56,0.78,3.34075910545571,-1.91368170374493,-3.63288866532654,-6.85173991883258,"ZR751 R2","TBF","FLUVA"
"5564",1,1.56,1.56,5.16338849456605,0.659800847394656,-0.649553892854392,-3.86840514636043,"ZR751 R2","TBF","FLUVA"
"5565",1,1.56,3.125,3.77541958954204,-3.17670253931118,-4.87557213385713,-6.93808824799241,"ZR751 R2","TBF","FLUVA"
"5566",1,1.56,6.25,5.3720217612557,-0.17270075913833,-0.168855723275385,-1.07503669803991,"ZR751 R2","TBF","FLUVA"
"5567",1,1.56,12.5,4.1324965907743,-1.78945523091891,-8.87056988847337,-6.30774544512563,"ZR751 R2","TBF","FLUVA"
"5568",1,1.56,25,13.1971821549223,7.15783993656227,-6.7578108860057,5.05569467230808,"ZR751 R2","TBF","FLUVA"
"5569",1,1.56,50,5.43635457103176,5.08186125064934,4.69325191433393,9.80053535964079,"ZR751 R2","TBF","FLUVA"
"5570",1,6.25,0.78,0.0078388180115283,2.34549380906489,-3.1562756769019,-1.42043001467921,"ZR751 R2","TBF","FLUVA"
"5571",1,6.25,1.56,2.66681470625016,7.77077364576223,2.58157079576884,4.31741645799153,"ZR751 R2","TBF","FLUVA"
"5572",1,6.25,3.125,2.58931850776457,6.94419623100318,1.18346033475057,4.07564113634401,"ZR751 R2","TBF","FLUVA"
"5573",1,6.25,6.25,3.9331371155107,4.94944078291459,-0.943561036297311,4.26129004403764,"ZR751 R2","TBF","FLUVA"
"5574",1,6.25,12.5,7.91408128200732,10.116203519336,-2.0034480708503,6.67040842759693,"ZR751 R2","TBF","FLUVA"
"5575",1,6.25,25,28.5941175030739,32.4683746168838,12.9406726447682,30.8652102581815,"ZR751 R2","TBF","FLUVA"
"5576",1,6.25,50,0.913316400875658,1.4415067314454,-1.07115411668786,9.81780502547277,"ZR751 R2","TBF","FLUVA"
"5577",1,25,6.25,2.03500236950519,1.03004512518498,-1.13826760120642,0.695104049736628,"ZR751 R2","TBF","FLUVA"
"5578",1,25,12.5,6.28673899675881,6.4910785086748,-0.48845771839477,4.81391935066056,"ZR751 R2","TBF","FLUVA"
"5579",1,25,25,15.1687905339605,13.8145825723363,1.95022752076736,13.0342802866764,"ZR751 R2","TBF","FLUVA"
"5580",1,0.39,0.78,13.984731486347,26.0050539707436,7.67596309075592,11.2761276127613,"ZR751 R2","TBF","FLUVA"
"5581",1,0.39,1.56,7.45463810366774,6.25052191687814,-10.8058850940626,-7.2057205720572,"ZR751 R2","TBF","FLUVA"
"5582",1,0.39,3.125,4.65170319389941,3.98380333082815,-15.4318476903222,-11.8316831683168,"ZR751 R2","TBF","FLUVA"
"5583",1,0.39,6.25,5.2263310680212,4.38999444498904,-15.3878432898822,-11.7876787678768,"ZR751 R2","TBF","FLUVA"
"5584",1,0.39,12.5,5.11181190639821,6.03972377435764,-20.5569045310752,-11.4961496149615,"ZR751 R2","TBF","FLUVA"
"5585",1,0.39,25,6.12822952795449,11.4192453898855,-22.4036335390448,-7.88228822882289,"ZR751 R2","TBF","FLUVA"
"5586",1,0.39,50,9.72513610934874,10.6452544594393,6.9303121697684,12.5687568756876,"ZR751 R2","TBF","FLUVA"
"5587",1,1.56,0.78,15.453141449778,8.18353683553173,2.93335582482268,-2.45874587458746,"ZR751 R2","TBF","FLUVA"
"5588",1,1.56,1.56,10.8321152334004,5.0692485365148,0.738636352875488,-4.65346534653466,"ZR751 R2","TBF","FLUVA"
"5589",1,1.56,3.125,9.87702884449358,2.88501490413068,-3.1502525360134,-8.54235423542355,"ZR751 R2","TBF","FLUVA"
"5590",1,1.56,6.25,10.3321569223553,5.78147385695664,-5.97607945377406,-5.90759075907592,"ZR751 R2","TBF","FLUVA"
"5591",1,1.56,12.5,10.643365867735,6.70782639320037,-6.03108495432411,-5.96259625962597,"ZR751 R2","TBF","FLUVA"
"5592",1,1.56,25,19.7670851787011,19.1112046023084,-0.364062587156269,5.16501650165016,"ZR751 R2","TBF","FLUVA"
"5593",1,1.56,50,6.03314604438896,4.57236188415321,1.10668547202975,12.2057205720572,"ZR751 R2","TBF","FLUVA"
"5594",1,6.25,0.78,5.48515525705577,10.4399387133433,-3.08796798290248,2.43674367436743,"ZR751 R2","TBF","FLUVA"
"5595",1,6.25,1.56,4.14544898331589,4.17634860295711,-8.66002518862305,-3.13531353135313,"ZR751 R2","TBF","FLUVA"
"5596",1,6.25,3.125,5.56127748116944,9.44067938146951,-4.67762694879907,0.847084708470845,"ZR751 R2","TBF","FLUVA"
"5597",1,6.25,6.25,5.37853943085641,7.87180269182033,-6.44330351645583,-0.918591859185923,"ZR751 R2","TBF","FLUVA"
"5598",1,6.25,12.5,7.17084717795239,11.2665679109165,-9.24712823399647,1.73817381738174,"ZR751 R2","TBF","FLUVA"
"5599",1,6.25,25,21.1757743119447,26.3348782072927,-0.598807737015647,15.8470847084708,"ZR751 R2","TBF","FLUVA"
"5600",1,6.25,50,2.11186072877044,3.94333586273919,-1.29559909149548,15.2640264026403,"ZR751 R2","TBF","FLUVA"
"5601",1,25,0.78,4.79562263412318,4.74105298318611,-0.529889515331234,0.91309130913092,"ZR751 R2","TBF","FLUVA"
"5602",1,25,1.56,4.43340561926273,3.79422829521677,-1.14595112149185,0.297029702970306,"ZR751 R2","TBF","FLUVA"
"5603",1,25,3.125,5.19983204396839,5.33147440156559,-0.221858712250935,1.22112211221122,"ZR751 R2","TBF","FLUVA"
"5604",1,25,6.25,5.09838196812656,4.69403144934957,-0.953431869566657,0.489548954895497,"ZR751 R2","TBF","FLUVA"
"5605",1,25,12.5,8.2442640193607,9.00741575807747,3.00696417003731,4.44994499449946,"ZR751 R2","TBF","FLUVA"
"5606",1,25,25,11.4307200821996,12.3705909369815,0.450664204971929,7.35423542354236,"ZR751 R2","TBF","FLUVA"
"5607",1,0.39,0.78,0.768915913621992,-2.13759602226098,-7.37042290444712,-6.85312770908429,"ZR751 R2","TBF","FLUVA"
"5608",1,0.39,1.56,0.299998863776223,-3.04944496984189,-10.8654267827151,-10.3481315873523,"ZR751 R2","TBF","FLUVA"
"5609",1,0.39,3.125,1.17044170397957,-1.40089445410017,-11.0939168862717,-8.46831226901493,"ZR751 R2","TBF","FLUVA"
"5610",1,0.39,6.25,0.486248963543684,-3.25926275729027,-12.0703278914275,-9.44472327417074,"ZR751 R2","TBF","FLUVA"
"5611",1,0.39,12.5,0.701718864951282,-5.00811307449815,-15.9078885794619,-11.1739745403112,"ZR751 R2","TBF","FLUVA"
"5612",1,0.39,25,1.43866064131502,-1.19977731714103,-17.6606665691182,-8.71013368617967,"ZR751 R2","TBF","FLUVA"
"5613",1,0.39,50,16.8606709977872,17.4844499188599,4.83000335868758,24.5745311858375,"ZR751 R2","TBF","FLUVA"
"5614",1,1.56,0.78,1.99107840571968,-4.5268536862961,-6.57972884945976,-8.08961080439842,"ZR751 R2","TBF","FLUVA"
"5615",1,1.56,1.56,2.10291065963736,0.741874410275862,-3.26266903287902,-4.77255098781768,"ZR751 R2","TBF","FLUVA"
"5616",1,1.56,3.125,3.02993170318424,2.44239899887853,-3.49572180468395,-2.8972943377287,"ZR751 R2","TBF","FLUVA"
"5617",1,1.56,6.25,2.38166049322026,-0.277152794837065,-5.54892251646021,-4.95049504950495,"ZR751 R2","TBF","FLUVA"
"5618",1,1.56,12.5,2.38218610239671,2.27682162718656,-5.08844971450963,-2.38171282566044,"ZR751 R2","TBF","FLUVA"
"5619",1,1.56,25,5.61129155116411,7.32147289542837,-9.49285133875549,1.64712323766939,"ZR751 R2","TBF","FLUVA"
"5620",1,1.56,50,16.6858528143408,15.6032326757478,0.867467172261769,33.2618515307752,"ZR751 R2","TBF","FLUVA"
"5621",1,6.25,0.78,1.5931742505734,2.51824958525612,-1.42819402242089,0.173381393438881,"ZR751 R2","TBF","FLUVA"
"5622",1,6.25,1.56,1.54691950590053,1.50317695631907,-3.72777881961028,-2.12620340375051,"ZR751 R2","TBF","FLUVA"
"5623",1,6.25,3.125,1.72747037882653,1.62999652533983,-3.48595740244553,-1.88438198658576,"ZR751 R2","TBF","FLUVA"
"5624",1,6.25,6.25,2.0721011277899,2.51916661558118,-4.26653036405747,-0.556645526303782,"ZR751 R2","TBF","FLUVA"
"5625",1,6.25,12.5,2.36079411791701,1.41894298488133,-7.465317497317,-1.64712323766939,"ZR751 R2","TBF","FLUVA"
"5626",1,6.25,25,6.03245480495647,6.5999919488693,-9.27776686533942,2.86535565998997,"ZR751 R2","TBF","FLUVA"
"5627",1,6.25,50,9.43349593884881,10.5882090855538,-1.41529371648197,31.8109230277866,"ZR751 R2","TBF","FLUVA"
"5628",1,25,0.78,1.44287959770753,0.45733166254918,0.220281663264103,-0.707213578500713,"ZR751 R2","TBF","FLUVA"
"5629",1,25,1.56,1.07028836522622,1.1226422637701,0.247657672754457,-0.67983756901036,"ZR751 R2","TBF","FLUVA"
"5630",1,25,3.125,0.59963401224087,0.070866562992336,-2.85531342728885,-1.67449924715974,"ZR751 R2","TBF","FLUVA"
"5631",1,25,6.25,1.56509754402929,1.19448331460619,-1.51388896226169,-0.333074782132584,"ZR751 R2","TBF","FLUVA"
"5632",1,25,12.5,3.60520182142024,4.73483637219731,-0.0770051551553053,3.21211844686773,"ZR751 R2","TBF","FLUVA"
"5633",1,25,25,5.24665398167788,5.68283234440027,-1.56935436351635,3.82807866040061,"ZR751 R2","TBF","FLUVA"
"5634",1,0.39,0.78,0.97732218737699,-1.95792735576608,0.219263252803158,-2.81878633265026,"ZR751 R3","TBF","FLUVA"
"5635",1,0.39,1.56,0.232048492858894,-3.35938329122405,-1.27377342487655,-4.31182301032997,"ZR751 R3","TBF","FLUVA"
"5636",1,0.39,3.125,0.604524582850306,-3.24835948168455,-5.21790562625685,-3.38756220986157,"ZR751 R3","TBF","FLUVA"
"5637",1,0.39,6.25,0.492354601669417,-3.28129654110016,-5.74904192335862,-3.91869850696334,"ZR751 R3","TBF","FLUVA"
"5638",1,0.39,12.5,1.7677260873828,-2.31457680267042,-3.3902949031587,-1.55995148676342,"ZR751 R3","TBF","FLUVA"
"5639",1,0.39,25,1.77100409084468,1.38289212022415,-3.96777577251609,2.73096064572789,"ZR751 R3","TBF","FLUVA"
"5640",1,0.39,50,6.87127829723038,6.52043358318218,4.1997669536913,9.34298021830956,"ZR751 R3","TBF","FLUVA"
"5641",1,1.56,25,10.4702740272862,11.2148589313492,-3.73075432919781,12.4085149094559,"ZR751 R3","TBF","FLUVA"
"5642",1,1.56,50,6.05793427353362,6.31677417378852,1.40991520900457,11.4215214754715,"ZR751 R3","TBF","FLUVA"
"5643",1,6.25,1.56,1.40652841535094,0.326646434377174,0.25835988039573,-0.23001965622516,"ZR751 R3","TBF","FLUVA"
"5644",1,6.25,3.125,0.949140152816383,-0.94327412392898,-0.536253477473046,-1.02463301409394,"ZR751 R3","TBF","FLUVA"
"5645",1,6.25,6.25,0.207880701250339,-2.31241863846439,-2.19657717786198,-2.68495671448287,"ZR751 R3","TBF","FLUVA"
"5646",1,6.25,25,21.2287267777275,21.3358121327486,8.00690928436826,22.1237087532935,"ZR751 R3","TBF","FLUVA"
"5647",1,6.25,50,2.77306088197197,2.92937252756593,-0.848800238580395,14.0311990297353,"ZR751 R3","TBF","FLUVA"
"5648",1,25,12.5,2.07614185554262,2.23523545234792,-2.98068785509109,2.47584793609634,"ZR751 R3","TBF","FLUVA"
"5649",1,25,25,9.14929261458477,8.82532252158423,-1.06977426164892,9.25515453138722,"ZR751 R3","TBF","FLUVA"
"5650",1,0.39,0.78,8.74420293446341,11.49237866193,4.70191873037058,6.77398060224444,"ZR751 R3","TBF","FLUVA"
"5651",1,0.39,1.56,2.89320528419734,-0.433076403028192,-10.191698290906,-8.11963641903215,"ZR751 R3","TBF","FLUVA"
"5652",1,0.39,3.125,1.90826306554562,-5.83862533632693,-12.3650593836801,-10.2929975118062,"ZR751 R3","TBF","FLUVA"
"5653",1,0.39,6.25,0.0773269308480167,-6.99343643765912,-18.1488404226279,-16.0767785507541,"ZR751 R3","TBF","FLUVA"
"5654",1,0.39,12.5,0.380109867645208,-3.15831123574834,-19.8813467031127,-12.5780734271061,"ZR751 R3","TBF","FLUVA"
"5655",1,0.39,25,1.99336803596101,4.03448920207157,-19.7807143048792,-7.24622962473977,"ZR751 R3","TBF","FLUVA"
"5656",1,0.39,50,12.1694764140985,12.524689364882,9.54531718773923,16.7572233788656,"ZR751 R3","TBF","FLUVA"
"5657",1,1.56,0.78,4.67442098237525,-1.11817139550229,-3.53313863652863,-4.4889046869446,"ZR751 R3","TBF","FLUVA"
"5658",1,1.56,1.56,1.69692254432388,0.245612687634889,-4.28975266181682,-5.24551871223279,"ZR751 R3","TBF","FLUVA"
"5659",1,1.56,3.125,0.617761174048361,-4.60745164626481,-6.83380384751732,-7.78956989793328,"ZR751 R3","TBF","FLUVA"
"5660",1,1.56,25,5.3942185339301,6.19512332565169,-16.6014745195713,-1.863606357589,"ZR751 R3","TBF","FLUVA"
"5661",1,1.56,50,6.39124185535903,5.53156699510544,8.83440468075706,16.0463108718834,"ZR751 R3","TBF","FLUVA"
"5662",1,6.25,3.125,0.0318300599919468,-3.90959745267121,-9.68208653212265,-5.9513532727365,"ZR751 R3","TBF","FLUVA"
"5663",1,6.25,12.5,0.0386482722618524,-0.927771222763909,-8.97625197161891,-5.24551871223277,"ZR751 R3","TBF","FLUVA"
"5664",1,6.25,25,10.2895736060207,13.8997463705878,-0.232954667073486,8.72898999644544,"ZR751 R3","TBF","FLUVA"
"5665",1,6.25,50,1.96311963383431,2.89152913512469,6.59410375242786,19.037221347687,"ZR751 R3","TBF","FLUVA"
"5666",1,25,0.78,3.11780874135496,2.05565551563836,1.15239819020643,0.71599045346062,"ZR751 R3","TBF","FLUVA"
"5667",1,25,1.56,3.0734285849762,3.7057805475322,1.95979168027905,1.52338394353325,"ZR751 R3","TBF","FLUVA"
"5668",1,25,3.125,3.30507485511035,2.47325311659708,1.64495899861551,1.2085512618697,"ZR751 R3","TBF","FLUVA"
"5669",1,25,6.25,4.32931961687729,5.36169082327864,3.21912240693318,2.78271467018737,"ZR751 R3","TBF","FLUVA"
"5670",1,25,12.5,7.38644575726339,8.21961134285193,5.98152529120678,5.54511755446097,"ZR751 R3","TBF","FLUVA"
"5671",1,25,25,10.8522101485795,11.0127451763641,3.01507801646009,7.80988168384705,"ZR751 R3","TBF","FLUVA"
"5672",1,0.39,50,16.1200080351805,16.7140139345553,8.09857429582019,23.9620510503727,"ZR751 R3","TBF","FLUVA"
"5673",1,1.56,1.56,0.889422276869368,-2.06036953456595,-1.08662551900057,-1.88841201716739,"ZR751 R3","TBF","FLUVA"
"5674",1,1.56,3.125,0.428727908001811,-3.04719468685317,-2.43742741644805,-3.23921391461487,"ZR751 R3","TBF","FLUVA"
"5675",1,1.56,25,2.53834403285714,2.64196911889784,-9.81934820956389,0.908064151795799,"ZR751 R3","TBF","FLUVA"
"5676",1,1.56,50,15.6983365199815,14.5971146825834,7.34465658234814,32.1752880054213,"ZR751 R3","TBF","FLUVA"
"5677",1,6.25,1.56,0.0232769051905137,0.139570062325205,-2.07138420484824,0.257510729613735,"ZR751 R3","TBF","FLUVA"
"5678",1,6.25,3.125,0.3042525692438,1.27016890062411,-1.19042644564338,1.1384684888186,"ZR751 R3","TBF","FLUVA"
"5679",1,6.25,6.25,0.617816858231265,1.98817358357438,-3.19428567690417,0.415631353060753,"ZR751 R3","TBF","FLUVA"
"5680",1,6.25,12.5,0.904750360203572,2.10137058113474,-3.90607352799781,0.984865597470062,"ZR751 R3","TBF","FLUVA"
"5681",1,6.25,25,5.91511202717025,6.9809676120857,-4.22329495721988,5.79173255025977,"ZR751 R3","TBF","FLUVA"
"5682",1,6.25,50,8.34291097598562,9.79608659493367,5.71930666503219,32.3876214140501,"ZR751 R3","TBF","FLUVA"
"5683",1,25,1.56,0.377279958047509,-0.767723615620497,-1.06485667340259,-0.700248475265425,"ZR751 R3","TBF","FLUVA"
"5684",1,25,3.125,0.99655906472367,0.10245363265409,-0.337501805546239,0.0271063925909232,"ZR751 R3","TBF","FLUVA"
"5685",1,25,6.25,2.01846726671837,2.61188900339411,1.34761226718923,1.7122204653264,"ZR751 R3","TBF","FLUVA"
"5686",1,25,12.5,4.68599312394166,5.531468524689,3.24707356902083,4.89270386266094,"ZR751 R3","TBF","FLUVA"
"5687",1,25,25,6.43452514621616,6.09713511799907,1.20908630143938,5.41676078608538,"ZR751 R3","TBF","FLUVA"
