block_id,conc1,conc2,ZIP_fit,ZIP_ref,ZIP_synergy,Bliss_ref,Bliss_synergy
58,25,0,87.3391695575973,87.3391695575973,0,87.3391695575973,0
58,14.4,0,79.2464031699609,79.2464031699609,0,79.2464031699609,0
58,8.3,0,71.6421113614039,71.6421113614039,0,71.6421113614039,0
58,4.8,0,66.8655226039379,66.8655226039379,0,66.8655226039379,0
58,2.7,0,53.2067765776368,53.2067765776368,0,53.2067765776368,0
58,1.6,0,43.9143770531896,43.9143770531896,0,43.9143770531896,0
58,0.9,0,45.3054869457394,45.3054869457394,0,45.3054869457394,0
58,0.5,0,37.9691092306173,37.9691092306173,0,37.9691092306173,0
58,0.3,0,30.8891335008268,30.8891335008268,0,30.8891335008268,0
58,0.17,0,21.7156482917916,21.7156482917916,0,21.7156482917916,0
58,0.1,0,23.5032859286481,23.5032859286481,0,23.5032859286481,0
58,0,0,0,0,0,0,0
58,16.7,0,83.36889704,83.36889704,0,83.36889704,0
58,11.1,0,75.23797058,75.23797058,0,75.23797058,0
58,7.5,0,70.03121761,70.03121761,0,70.03121761,0
58,5,0,64.53727015,64.53727015,0,64.53727015,0
58,3.3,0,58.25511101,58.25511101,0,58.25511101,0
58,2.2,0,52.37630784,52.37630784,0,52.37630784,0
58,25,0.1,87.073710968521,88.3890524037417,-1.31534143522081,89.0679338003199,-4.21270468181564
58,14.4,0.1,79.9711126460829,80.6680328443148,-0.696920198231909,82.0819982096443,0.015901230355675
58,8.3,0.1,72.6319462489848,72.9406926361714,-0.308746387186589,75.518337534574,0.967309205426038
58,4.8,0.1,66.2278621898932,65.3937149049865,0.834147284906742,71.3920195478509,-5.7861403278509
58,2.7,0.1,54.8983951311678,57.7659041152965,-2.86750898412869,59.5964163572783,-7.15737201727826
58,1.6,0.1,46.2011810315539,51.2195201915856,-5.01833916003175,51.5760199158984,-7.06654242153303
58,0.9,0.1,42.8042302880463,44.5590673020469,-1.75483701400056,52.7759437521849,-8.94255845796957
58,0.5,0.1,35.585375234795,38.4158775346797,-2.83050229988464,46.4403563932179,-5.34284052321787
58,0.3,0.1,29.5561357547513,33.6518774173888,-4.09574166263756,40.3317268244473,-15.0674620644473
58,0.17,0.1,22.8292915010043,28.9846677538889,-6.1553762528846,32.416903804279,-9.99189906427896
58,0.1,0.1,22.246704739904,25.2017847282485,-2.95507998834446,33.9512244420395,-16.4426653520394
58,0,0.1,13.6600047782751,13.6600047782751,0,13.6600047782751,0
58,16.7,0.1,82.8782543835595,82.7497588584228,0.128495525136643,85.6407064990159,-3.16699542901585
58,11.1,0.1,76.421375322366,77.0103609804593,-0.588985658093222,78.6204649819699,1.88743632803013
58,7.5,0.1,71.114688633148,71.5294792292368,-0.414790596088747,74.1249547164649,-5.28052238646485
58,5,0.1,65.3756691161197,65.9484219630764,-0.572752846956725,69.3814807420168,-9.27986776201677
58,3.3,0.1,59.0042239419118,60.3817236152431,-1.37749967333126,63.9574648407196,5.31045979928038
58,2.2,0.1,52.8766019437813,55.1535549390699,-2.27695299528861,58.881706464647,-8.31062111464701
58,25,0.2,88.119328603256,88.3890572967036,-0.269728693447635,89.243139670111,0.0103284328439685
58,14.4,0.2,79.9516288689575,80.6680408925942,-0.71641202363663,82.2708688016685,1.82349250833151
58,8.3,0.2,72.1602464396782,72.940703856243,-0.780457416564792,75.79093764178,0.371497538220015
58,4.8,0.2,65.8636302555654,65.393729235302,0.469901020263418,71.749529714048,-2.45104019404802
58,2.7,0.2,55.1349116709746,57.7659216016635,-2.63100993068892,60.1469293203039,1.0360270996961
58,1.6,0.2,47.2299436115747,51.2195403971693,-3.98959678559468,52.1783030176916,-2.68187272843498
58,0.9,0.2,44.7387066337074,44.5590902853363,0.179616348371145,53.3383391404987,-9.98408588899778
58,0.5,0.2,38.2804638267196,38.4159030910732,-0.13543926435358,47.0507547221412,-8.77023389214121
58,0.3,0.2,32.6921238198118,33.6519049773456,-0.959781157533834,41.1057672906287,-6.38363373062866
58,0.17,0.2,26.2056065435045,28.9846972841246,-2.77909074062014,33.3206924887425,-1.41439323874252
58,0.1,0.2,25.654694233151,25.2018158609919,0.452878372159142,34.8744091518901,-8.24733757189009
58,0,0.2,14.7117729726852,14.7117729726852,0,14.7117729726852,0
58,16.7,0.2,83.0757026584033,82.7497660545428,0.325936603860485,85.8156271503288,-4.32381414032874
58,11.1,0.2,76.1929753884584,77.0103705284291,-0.817395139970688,78.8809041316999,-5.17279164169991
58,7.5,0.2,70.6205265580914,71.5294910299698,-0.908964471878475,74.4401568378948,-8.28379944789487
58,5,0.2,64.9856848665648,65.9484360643732,-0.962751197808414,69.7544664554487,-8.48909912544867
58,3.3,0.2,58.9869311650078,60.381740017851,-1.39480885284323,64.3965243059083,-5.81847681590827
58,2.2,0.2,53.4068863472955,55.153573509321,-1.74668716202558,59.3825973117897,-4.6492055417897
58,25,0.4,88.0817071950754,88.3891050731928,-0.307397878117482,89.1218498709087,0.759190759091311
58,14.4,0.4,77.4185145767262,80.6681197802728,-3.24960520354665,82.1685676099335,2.60630019006644
58,8.3,0.4,68.1139845987203,72.9408139689073,-4.82682937018705,75.634981342017,-1.59162372201699
58,4.8,0.4,61.0520004833463,65.3938699237026,-4.3418694403563,71.5309496321678,-4.65744374216777
58,2.7,0.4,50.1273684958042,57.7660932754304,-7.63872477962611,59.795393222565,-9.19073013256504
58,1.6,0.4,42.3953040384515,51.2197387365048,-8.82443469805332,51.8113895234166,-10.7241092134166
58,0.9,0.4,40.3074262994773,44.5593158353075,-4.25188953583016,53.0066272549433,-8.47228457494326
58,0.5,0.4,34.355531143583,38.4161538224576,-4.0606226788746,46.7032320272861,-12.2140893672861
58,0.3,0.4,29.214453372845,33.6521753002879,-4.43772192744288,40.6201366687822,-6.32093224878222
58,0.17,0.4,23.1926527282417,28.9849868600107,-5.7923341317691,32.7383038170704,-1.62721263707034
58,0.1,0.4,23.0442984788804,25.2021210871622,-2.15782260828174,34.2742370782103,-10.3225510382103
58,0,0.4,14.0802795,14.0802795,0,14.0802795,0
58,16.7,0.4,81.0910883924664,82.7498365449474,-1.65874815248101,85.7106028207008,-0.187279915300778
58,11.1,0.4,73.026828819696,77.0104641857427,-3.98363536604674,78.7245335322082,-21.4762872702082
58,7.5,0.4,66.3742209656456,71.5296068540688,-5.15538588842315,74.2509059332588,-17.5216174572588
58,5,0.4,60.208737489963,65.9485745027593,-5.73983701279627,69.5305216312099,-37.2801212632099
58,3.3,0.4,53.9917477162835,60.3819010559861,-6.39015333970262,64.1329080567567,-23.8635247107567
58,2.2,0.4,48.4364091218974,55.1537558153957,-6.71734669349824,59.0818568043476,-21.6742595063476
58,25,0.83,86.4339747207676,88.3896492515151,-1.95567453074748,86.2163202484632,-0.401579927713586
58,14.4,0.83,75.8428705312054,80.669020867197,-4.8261503359916,77.2338341580892,6.97714093379917
58,8.3,0.83,66.3138515023476,72.9420729019505,-6.62822139960292,68.9545119639782,2.69911096268064
58,4.8,0.83,58.7180914372713,65.3954789340029,-6.67738749673157,63.8305682803788,-2.49925447906103
58,2.7,0.83,47.1235215904094,57.7680567366624,-10.644535146253,48.9682448757471,2.05721957061372
58,1.6,0.83,38.7259643330708,51.2220069789207,-12.4960426458499,38.9229628918499,-0.665345121180769
58,0.9,0.83,35.8970869929947,44.5618948375583,-8.66480784456359,40.3746543871631,-3.75915952466815
58,0.5,0.83,29.2108675533507,38.4190201693746,-9.2081526160239,32.5369467100775,-8.6480822395624
58,0.3,0.83,23.4636036920378,33.655265035196,-10.1916613431582,24.5827373441461,-10.9165007013445
58,0.17,0.83,16.8101651297126,28.9882959676506,-12.178130837938,14.5791423862806,0.899562760043266
58,0.1,0.83,16.1494727844925,25.2056084015204,-9.05613561702792,16.7121380803556,-7.83905965805163
58,0,0.83,-9.0839011890117,-9.0839011890117,0,-9.0839011890117,0
58,16.7,0.83,79.483774662991,82.750641335697,-3.26686667270599,81.8581440804708,-2.54742604047082
58,11.1,0.83,71.8531758757147,77.0115345801426,-5.15835870442795,72.9886122950932,-4.90927741349318
58,7.5,0.83,64.4580362815184,71.5309312042858,-7.07289492276738,67.3088830301425,-24.7783570021425
58,5,0.83,57.9177583474946,65.95015776216,-8.03239941466544,61.3158708114998,-48.1093547634998
58,3.3,0.83,51.2328278212048,60.3837428885907,-9.15091506738587,54.4630465426858,-12.7992850726858
58,2.2,0.83,45.176450908816,55.155840829912,-9.97938992109602,48.0502187016265,-20.8781650356265
58,25,1.6,90.2525579508818,88.3944048976204,1.85815305326135,87.4653526298764,-0.515253656655771
58,14.4,1.6,78.1989980307607,80.676906657686,-2.47790862692529,79.5423007733516,-2.58414941632682
58,8.3,1.6,66.86950527821,72.9530959570067,-6.08359067879663,72.0010668925623,-3.50940153609169
58,4.8,1.6,57.3500579247863,65.4095701609953,-8.05951223620895,67.2043458412446,-4.24191360795702
58,2.7,1.6,44.7941091680174,57.7852534161022,-12.9911442480848,53.8208536530626,-9.83605975169243
58,1.6,1.6,36.0533706480235,51.2418729273519,-15.1885022793284,44.4048504063836,-9.83499871158354
58,0.9,1.6,33.1970446768406,44.5844811891615,-11.387436512321,45.8336766609909,-12.3588014538891
58,0.5,1.6,26.7704390867096,38.4441205326749,-11.6736814459653,38.4520717437572,-19.2113719601642
58,0.3,1.6,21.4169428256104,33.6823186712524,-12.265375845642,31.5607694142217,-24.0050896244729
58,0.17,1.6,15.3197241983947,29.0172665618725,-13.6975423634777,22.343868760087,-11.0230454181714
58,0.1,1.6,15.2977759962475,25.2361352152944,-9.93835921904689,24.0960086899955,-24.2951462859061
58,0,1.6,0.945051777492684,0.945051777492684,0,0.945051777492684,0
58,16.7,1.6,82.1413630023984,82.757682708832,-0.616319706433562,83.5260695741401,1.04874337845987
58,11.1,1.6,74.2913279366483,77.0209048310691,-2.72957689442075,75.471984579177,6.51404833762302
58,7.5,1.6,64.4880160902297,71.5425276667751,-7.05451157654532,70.3144381206696,-26.3519830926696
58,5,1.6,56.6527037073038,65.9640233348271,-9.31131962752324,64.8724113087949,-28.2353334407949
58,3.3,1.6,49.1521058458681,60.3998740722041,-11.2477682263359,58.6496218254124,-28.5284005334123
58,2.2,1.6,42.6768374135925,55.1741021959238,-12.4972647823314,52.8263763892657,-43.4496273032657
58,25,3.15,88.7864763043733,88.4414986171543,0.344977687219014,87.4574951068716,3.35180023854142
58,14.4,3.15,78.821886428092,80.7550124584544,-1.93312603036237,79.5492230338151,1.35226554151884
58,8.3,3.15,70.1773359588586,73.0622871848259,-2.88495122596731,71.9907465352271,0.366710574528552
58,4.8,3.15,62.058532069402,65.5491652258261,-3.49063315642411,67.185370537314,-1.24728560656276
58,2.7,3.15,50.5327570720899,57.9556232368474,-7.42286616475748,53.5637548842929,1.62174460303157
58,1.6,3.15,42.1344011094161,51.4386935010906,-9.30429239167443,44.4432266884308,-4.53681991304535
58,0.9,3.15,39.1826366998129,44.8082539715765,-5.62561727176362,45.7994594325068,-9.57699823883257
58,0.5,3.15,32.439673897473,38.6927915695861,-6.25311767211311,38.4610408041172,-15.1040554734007
58,0.3,3.15,26.6973572347402,33.9503251113255,-7.25296787658529,31.4953238489583,1.57112919708092
58,0.17,3.15,20.1329693379898,29.3042379463901,-9.17126860840032,22.3951941426277,3.39545660821264
58,0.1,3.15,19.7336875075194,25.5384926059663,-5.80480509844691,24.1539896398028,-17.1660385775064
58,0,3.15,0.97476598179937,0.97476598179937,0,0.97476598179937,0
58,16.7,3.15,81.8016779000433,82.827422177312,-1.02574427726872,83.5310113740521,-12.0485538906521
58,11.1,3.15,77.5238287639312,77.1137189220525,0.410109841878686,75.4793424191893,4.5507339214107
58,7.5,3.15,67.5946359244075,71.6574008297478,-4.06276490534037,70.3233431058972,-4.0326005038972
58,5,3.15,61.2460214376587,66.1013822142725,-4.85536077661384,64.8829487767952,-18.9468880747952
58,3.3,3.15,54.6732077276663,60.5596849328882,-5.88647720522193,58.6620259870144,-29.7846062050144
58,2.2,3.15,48.6700936786164,55.3550227327198,-6.6849290541034,52.8405273904525,-9.54485072045254
58,25,6.3,94.615587945329,88.9340581448115,5.68152980051747,86.748690279478,7.11691165444115
58,14.4,6.3,85.0341882024646,81.5715613050831,3.46262689738151,78.3248322017807,5.52903498217203
58,8.3,6.3,77.3535097636371,74.2032361853012,3.15027357833597,70.3109677468001,7.6301974913056
58,4.8,6.3,65.9605674887053,67.00713885066,-1.04657136195473,65.2814684921437,4.38949652124345
58,2.7,6.3,53.2429740553874,59.7342821728729,-6.4913081174855,50.9298192536222,3.08231670535458
58,1.6,6.3,44.05952671933,53.4928407964514,-9.43331407712143,41.232953616987,3.61695128936316
58,0.9,6.3,39.106575978589,47.1429920579422,-8.03641607935316,42.768777354098,-6.33837207174177
58,0.5,6.3,30.8851426486919,41.2866319105321,-10.4014892618402,35.0954057258739,-9.26386108640738
58,0.3,6.3,24.4565798280471,36.7453084308761,-12.2887286028291,27.5175998137938,-8.16374345063456
58,0.17,6.3,17.711883451208,32.2964537795399,-14.5845703283319,17.7700969402068,-15.9467385032143
58,0.1,6.3,16.8879294949303,28.6906857802584,-11.8027562853281,19.7890277370204,-10.2035230467652
58,0,6.3,-4.7824378435398,-4.7824378435398,0,-4.7824378435398,0
58,16.7,6.3,92.2181032212232,83.5566053368762,8.66149788434696,82.5735248782429,15.2718644087571
58,11.1,6.3,85.0234726779011,78.0837985495746,6.93967412832652,74.0537419141894,17.1355149406106
58,7.5,6.3,72.1522121205935,72.8576137847426,-0.705401664149139,68.5979792197325,-3.85327137173254
58,5,6.3,65.2230372665583,67.5360463300687,-2.31300906351043,62.8412871373013,-17.5178562353013
58,3.3,6.3,58.2710494982975,62.2283361048285,-3.95728660653103,56.2586876411986,6.49548025880144
58,2.2,6.3,51.5202634569906,57.2435833607985,-5.72331990380789,50.0987343636493,0.595739396350738
58,25,12.5,95.1682378668212,94.2293556188331,0.938882247988026,92.2071173360185,5.3362955311194
58,14.4,12.5,92.8054673502122,90.4343268982734,2.37114045193878,87.2304289708169,9.56040482244175
58,8.3,12.5,88.6369162173575,86.6351335098346,2.00178270752291,82.5293053807409,8.83905314102415
58,4.8,12.5,83.2252932584937,82.9224108613616,0.302882397132127,79.6098327340863,6.54653712278774
58,2.7,12.5,71.4520854127558,79.1667337242639,-7.71464831150809,71.6834013603095,3.20548585997277
58,1.6,12.5,80.7456748117364,75.940407950283,4.80526686145334,65.5560694219889,21.2084025371571
58,0.9,12.5,69.4554585290049,72.6546154429812,-3.19915691397636,66.3651546867834,3.35860256126364
58,0.5,12.5,54.6638538748736,69.6210224062203,-14.9571685313467,61.70257255465,-0.0612171346995048
58,0.3,12.5,58.8873916003192,67.2665799509184,-8.37918835059917,57.2778683340752,1.58827064509378
58,0.17,12.5,59.8940791589792,64.9584700161659,-5.06439085718669,51.8754430821679,14.5651028706644
58,0.1,12.5,59.401351526237,63.0867139491179,-3.68536242288095,53.3474915658385,11.3810664794834
58,0,12.5,38.4652193561545,38.4652193561545,0,38.4652193561545,0
58,16.7,12.5,92.8631220307884,91.4575832805774,1.405538750211,89.7660872749119,6.07042332548807
58,11.1,12.5,90.321197284357,88.6362225197439,1.68497476461312,84.7627395134385,3.43506793436147
58,7.5,12.5,88.6039197106401,85.9410873807263,2.66283232991378,81.5587754946821,5.95998076451788
58,5,12.5,72.7123731003655,83.1953946117277,-10.4830215113622,78.178086976483,-15.403489536483
58,3.3,12.5,73.940439247535,80.4550866436182,-6.51464739608324,74.3123741299867,-17.2348802219867
58,2.2,12.5,70.2450746475419,77.8796272565839,-7.63455260904196,70.6948654948438,-0.925639781843781
58,25,25,98.7812969265478,98.4664249766062,0.314871949941529,99.3097506386996,-0.217479878758452
58,14.4,25,98.8512171199688,97.4365871796359,1.41462994033286,98.8217107311699,0.327180837971265
58,8.3,25,98.4566185628673,96.4055060491482,2.05111251371905,98.4033069583194,0.268116552124432
58,4.8,25,98.1287582435546,95.3984629659604,2.73029527759414,98.1324731230296,0.689851180488388
58,2.7,25,90.3792809014785,94.3808970855959,-4.00161618411736,97.3769380424732,1.13994359430384
58,1.6,25,96.7088128552025,93.5079751481317,3.20083770707082,96.8622024955527,0.514647732269786
58,0.9,25,96.3245001126599,92.6203046738584,3.70419543880146,96.9405795591085,-0.345565396681853
58,0.5,25,70.0743154019686,91.8020280716576,-21.727712669689,96.5258794437084,0.591722279454811
58,0.3,25,86.5830268745389,91.1677642020066,-4.58473732746772,96.0924587494304,-0.546215163758603
58,0.17,25,86.3679166440013,90.5466312889251,-4.17871464492377,95.5778812006341,-2.67585384958178
58,0.1,25,89.7324668021662,90.0433518299816,-0.310885027815374,95.651473956176,-0.69790013026979
58,0,25,94.3671581646799,94.3671581646799,0,94.3671581646799,0
58,16.7,25,97.0225402597359,97.7143064813175,-0.691766221581597,99.063196274794,-0.290254223793967
58,11.1,25,97.9045445540484,96.9485590284862,0.955985525562222,98.605194047556,0.532844937444021
58,7.5,25,95.9408258283075,96.2171910068682,-0.276365178560724,98.311905888,0.879620238999959
58,5,25,98.8200594307724,95.4724754556422,3.34758397513021,98.0024405170627,1.19978303793735
58,3.3,25,97.0322427827988,94.729807872285,2.30243491051381,97.6485764288633,1.41634248813665
58,2.2,25,94.9373512644289,94.0325066178517,0.904844646577247,97.3174327444875,1.60602841451253
58,25,8.9,94.7456314466233,90.1619723067206,4.58365913990268,88.1634177631577,2.2665720178423
58,14.4,8.9,89.0815340540284,83.6125693194556,5.46896473457279,80.5975084567669,6.23490600323314
58,8.3,8.9,82.7887953978064,77.0557947170118,5.73300068079455,73.4882729485272,7.18925481147284
58,4.8,8.9,68.4050851337746,70.6506246522727,-2.24553951849813,69.0226507370514,5.01195911294866
58,2.7,8.9,55.7148147946024,64.1759438314566,-8.4611290368542,56.253119439089,3.30757782091097
58,1.6,8.9,49.650382863761,58.6189040255677,-8.96852116180673,47.5656757797582,5.3098002402418
58,0.9,8.9,40.4161195236607,52.9651521261389,-12.5490326024782,48.8662213260048,-7.30882894600481
58,0.5,8.9,30.2351788768318,47.7509384621335,-17.5157595853016,42.0074581081712,-14.4190257781712
58,0.3,8.9,24.8702339821908,43.7078785742562,-18.8376445920654,35.3884045364681,-20.5897142964681
58,0.17,8.9,19.3038618236324,39.747588109213,-20.4437262855806,26.8121336062813,-17.0921331762814
58,0.1,8.9,18.7198519780138,36.538256425173,-17.8184044471592,28.4833920592389,-32.4948557592389
58,0,8.9,6.51022229,6.51022229,0,6.51022229,0
58,16.7,8.9,93.1857457143867,85.378625182363,7.80712053202372,84.4516188119748,13.8109992564252
58,11.1,8.9,88.304881971872,80.5091940582417,7.79568791363033,76.8500337387572,8.98468911484281
58,7.5,8.9,81.7360804220063,75.8581808050543,5.87789961695202,71.9822519611954,12.3765919854046
58,5,8.9,67.6745913127795,71.1214451664642,-3.44685385368476,66.8459726933372,1.81382530446282
58,3.3,8.9,61.7080499301376,66.3963867656052,-4.68833683546753,60.9727960779627,-8.20364306396274
58,2.2,8.9,54.5374189140197,61.9584052613535,-7.42098634733381,55.4767160623213,-20.3307833543213
58,25,17.8,95.5095019101259,96.9007330716939,-1.39123116156807,95.7462637019372,2.53144302406277
58,14.4,17.8,94.2500939426947,94.8513800457179,-0.601286103023143,93.02728770021,4.37757676079005
58,8.3,17.8,91.9861011333822,92.7981569509554,-0.812055817573237,90.4724274772354,5.94433056676463
58,4.8,17.8,91.1136913830491,90.790726488128,0.322964894921162,88.8676078667853,4.78709064621475
58,2.7,17.8,81.0693447524294,88.7596742115523,-7.69032945912292,84.2785957934926,6.72811289350741
58,1.6,17.8,87.3260071613886,87.0149287244106,0.311078436978036,81.1565717419849,6.48080056801514
58,0.9,17.8,83.658134723099,85.2383274963567,-1.58019277325777,81.6239514033312,1.94921489666883
58,0.5,17.8,60.1224040285859,83.5985453132097,-23.4761412846238,79.1591039097104,-0.32291598971042
58,0.3,17.8,73.9054452205848,82.3262721569819,-8.4208269363971,76.7804013523845,5.61085947761551
58,0.17,17.8,72.3064357885402,81.0794487913523,-8.77301300281207,73.6983296675188,-5.00648197751879
58,0.1,17.8,74.6568437569061,80.068695618756,-5.41185186184986,74.2989331696566,-1.4584718696566
58,0,17.8,66.40239108,66.40239108,0,66.40239108,0
58,16.7,17.8,93.1537494965007,95.4041370789498,-2.25038758244917,94.4123470684167,-14.3159459654167
58,11.1,17.8,92.304056498899,93.8797788866235,-1.57572238772455,91.680550194813,2.71739933118695
58,7.5,17.8,90.2078547174313,92.4229465560144,-2.21509183858308,89.931205694522,-4.69659486512197
58,5,17.8,75.0341026425544,90.9383453121385,-15.904242669584,88.0853707126409,-31.8531775926409
58,3.3,17.8,84.0367587837782,89.4564237431026,-5.4196649593244,85.9747154530517,-1.60519969365166
58,2.2,17.8,80.5549151879889,88.0636070473958,-7.50869185940692,83.9995781548185,-17.2251851272185
58,25,50,99.5724113179562,99.3837457597498,0.188665558206401,99.8371941233577,-0.25753443546229
58,14.4,50,99.4821848343509,98.9523527371417,0.529832097209172,99.7333472213637,-0.173102852363684
58,8.3,50,99.5555192904818,98.5209540525404,1.03456523794143,99.6356442749564,-0.115513422956394
58,4.8,50,98.5176655289218,98.1005316072653,0.417133921656485,99.5741430616965,-0.168380525696497
58,2.7,50,91.0308013954248,97.6770033916447,-6.64620199621983,99.3980854514801,-0.0755360684800721
58,1.6,50,97.5297710296467,97.314934817851,0.214836211795625,99.2797498387399,0.0600878863985102
58,0.9,50,97.861675568186,96.9480873113963,0.913588256789784,99.2984686577605,-0.257316396679633
58,0.5,50,71.0685101846394,96.6111845663746,-25.5426743817352,99.2087424799882,-0.528507058988208
58,0.3,50,88.2669441612208,96.3508896008257,-8.08394543960488,99.1135822557916,-0.191272209791566
58,0.17,50,89.3443480306362,96.0966804983563,-6.75233246772009,98.9867494698011,-1.42809993680108
58,0.1,50,93.8403164489568,95.8911829200706,-2.05086647111381,99.0121838646189,-0.425214860618867
58,0,50,98.714502798029,98.714502798029,0,98.714502798029,0
58,16.7,50,97.3438942707685,99.0686565364556,-1.7247622656872,99.7862076367923,-0.285085350792276
58,11.1,50,99.1858958405486,98.7480720875658,0.437823752982808,99.6816848046546,-0.259723487654654
58,7.5,50,96.292227214844,98.4422551327765,-2.15002791793251,99.6147521409117,-0.063666571911763
58,5,50,99.646491947,98.1313913430203,1.51510060397965,99.5441276000357,-0.0328112940357045
58,3.3,50,100.549217372847,97.8220603115644,2.72715706128223,99.4633706200676,-0.0234124530676297
58,2.2,50,100.419034095807,97.5323498045551,2.88668429125203,99.3877987698079,0.130313549192101
58,25,0.5,85.5053018561965,88.3891630686001,-2.88386121240359,88.4894313224183,-0.463503272418305
58,14.4,0.5,77.3596142561968,80.6682156912747,-3.30860143507789,81.1319089450129,-16.2255171256129
58,8.3,0.5,68.5763593390919,72.9409479115144,-4.36458857242248,74.2184822543261,-27.5692845523261
58,4.8,0.5,60.4226266063718,65.3940410869099,-4.97141448053805,69.875856137698,-47.090311075698
58,2.7,0.5,47.5048956625409,57.7663021386134,-10.2614064760725,57.4580345026467,-34.6063589406467
58,1.6,0.5,38.0031188795651,51.2199800286017,-13.2168611490366,49.0098680579361,-7.04580763793609
58,0.9,0.5,34.564086511522,44.5595902046771,-9.99550369315516,50.2745928348062,-12.4055079648062
58,0.5,0.5,27.9918401206253,38.4164587889814,-10.4246186683561,43.6047397063911,-29.2503584643911
58,0.3,0.5,22.8031530036447,33.6525040627236,-10.8493510590789,37.1679939301875,-34.2090362621875
58,0.17,0.5,17.0577439669838,28.9853389990836,-11.9275950320998,28.8279381975289,-28.5026609075289
58,0.1,0.5,17.3304498019202,25.2024922227574,-7.87204242083719,30.4531653801593,-34.6498588401593
58,0,0.5,9.08519998,9.08519998,0,9.08519998,0
58,16.7,0.5,80.5470957165949,82.7499222244009,-2.20282650780605,84.8798660027957,-5.17741811279571
58,11.1,0.5,73.5558162339007,77.0105780886602,-3.45476185475944,77.4876504719134,6.91235279808657
58,7.5,0.5,66.7297945080332,71.5297477508239,-4.79995324279079,72.7539414217025,0.885833378297463
58,5,0.5,59.6992053255009,65.9487429276223,-6.24953760212144,67.7591300752397,1.19114387476034
58,3.3,0.5,52.1004982699119,60.3820969809122,-8.28159871100025,62.0477176561705,4.4098038038295
58,2.2,0.5,45.081140786021,55.153977610569,-10.072836824548,56.7030155105956,-11.0196480605956
58,25,1,87.6120862919742,88.3901631308294,-0.778076838855283,87.38605511957,1.73604470043005
58,14.4,1,77.7913365697153,80.669872540572,-2.87853597085674,79.3232578482347,-12.3153020806347
58,8.3,1,68.9811850860551,72.9432631667821,-3.96207808072699,71.7471262378946,-7.15746978789458
58,4.8,1,61.9269073036571,65.3970003591183,-3.47009305546121,66.988226134362,-21.589923290362
58,2.7,1,50.7536752689257,57.7699133779657,-7.01623810903995,53.3800611490281,-29.0096577710281
58,1.6,1,42.5960710580533,51.2241517903418,-8.62808073228848,44.122073219915,6.34744949008501
58,0.9,1,39.9048210908172,44.5643333925283,-4.65951230171114,45.5080315570929,-6.81159499709289
58,0.5,1,33.2656791809944,38.4217302499599,-5.15605106896546,38.1988219012527,-8.0663388712527
58,0.3,1,27.5138407034594,33.6581861390115,-6.14434543555213,31.1450647234248,-18.8678317794248
58,0.17,1,20.832440000985,28.9914242360581,-8.15898423507308,22.0055507464687,-5.54386018646871
58,0.1,1,20.154316309676,25.2089049059459,-5.0545885962699,23.7865684072038,4.18880392079624
58,0,1,0.370319800000004,0.370319800000004,0,0.370319800000004,0
58,16.7,1,81.2057352264515,82.7514018794038,-1.54566665295234,83.4304853072193,-3.19442452721928
58,11.1,1,74.3495845506065,77.0125464616697,-2.66296191106323,75.3296692778241,5.01512771217591
58,7.5,1,67.2174612609523,71.5321833573208,-4.31472209636853,70.1421979450091,-0.498227235009082
58,5,1,61.0899022387907,65.9516548305396,-4.86175259174886,64.668595660255,-3.61189111025505
58,3.3,1,54.7362100366256,60.3854845111883,-5.64927447456273,58.409700599418,-0.446314749417986
58,2.2,1,48.9164912161722,55.1578124081154,-6.24132119194325,52.5526678015595,2.12497148844047
58,25,2.2,89.1528881470565,88.4046671561039,0.748220990952593,88.4200868994381,-1.0761513694381
58,14.4,2.2,81.7189130746368,80.6939282567823,1.02498481785452,81.0182397664002,2.95739721499983
58,8.3,2.2,73.9400551376451,72.9768924720004,0.963162665644673,74.0631637360404,2.85637307395965
58,4.8,2.2,65.8024003818806,65.4399925930474,0.362407788833275,69.6943758448978,0.851222780102164
58,2.7,2.2,52.5249321157312,57.8223822684402,-5.29745015270898,57.2017441200869,-32.3252357700869
58,1.6,2.2,42.1135499684518,51.2847658801058,-9.17121591165403,48.702682429124,-14.034268099124
58,0.9,2.2,37.4083317200196,44.6332478279932,-7.22491610797352,49.975026430755,1.91373037924496
58,0.5,2.2,29.6985692724603,38.4983139146243,-8.79974464216395,43.264991350474,-41.082849096474
58,0.3,2.2,23.7844757613901,33.7407270830009,-9.9562513216108,36.7894679574363,-6.30688950543633
58,0.17,2.2,17.5155796053743,29.0798101488006,-11.5642305434263,28.3991682821365,-16.6142509321365
58,0.1,2.2,17.6236474015739,25.3020344576506,-7.67838705607675,30.0341865050142,-28.5800209830142
58,0,2.2,8.53749165000001,8.53749165000001,0,8.53749165000001,0
58,16.7,2.2,84.4058243840077,82.7728808304339,1.63294355357384,84.7887760665129,-0.794142396512925
58,11.1,2.2,80.2582163307507,77.0411320882407,3.21708424250998,77.352026774103,7.28973837589696
58,7.5,2.2,71.8334447772134,71.567562480125,0.265882297088372,72.5897999041529,-0.879715314152904
58,5,2.2,65.0729140813727,65.9939584479298,-0.921044366557037,67.5648977498058,-4.16545640980581
58,3.3,2.2,57.3475117424981,60.4347019433477,-3.08719020084956,61.819077421823,6.37381860817698
58,2.2,2.2,49.8217221975165,55.2135302284905,-5.39180803097396,56.4421765815817,-3.01701736158171
58,25,4.9,91.1106505350736,88.6229057991901,2.48774473588347,89.1350100521002,1.27845813589976
58,14.4,4.9,82.1014751671592,81.0557626235842,1.045712543575,82.1901397410747,0.703041407925266
58,8.3,4.9,75.1339895121297,73.4826270387529,1.65136247337684,75.6644576827982,4.29598972360177
58,4.8,4.9,66.8971841865339,66.0864498071989,0.810734379334977,71.565390953233,-27.046411207233
58,2.7,4.9,56.5114222948976,58.6112617559441,-2.09983946104648,59.8440319987951,-23.0585814467951
58,1.6,4.9,49.1801773237837,52.1960421992729,-3.01586487548917,51.8696871969839,6.04172173301615
58,0.9,4.9,46.7543753159637,45.6692230092724,1.08515230669133,53.0634789524091,2.82687114759091
58,0.5,4.9,40.4210665248518,39.6494616044931,0.771604920358713,46.7677094536059,-12.622400545606
58,0.3,4.9,34.9213155962415,34.9812940924883,-0.0599784962468359,40.6919733093226,-22.5386489293226
58,0.17,4.9,28.601252848269,30.4080608868483,-1.80680803857933,32.8196757505805,9.04354440741946
58,0.1,4.9,28.2138103186399,26.7014030306657,1.51240728797418,34.3537508685827,23.5588393074173
58,0,4.9,14.18422356,14.18422356,0,14.18422356,0
58,16.7,4.9,85.4755470850416,83.0959805477287,2.37956653731293,85.7278898643402,0.208012405659815
58,11.1,4.9,82.3180368274329,77.4710573421753,4.84697948525753,78.7502721909258,8.05614903907424
58,7.5,4.9,71.5118104995277,72.0995970353782,-0.587786535850519,74.2820567024075,3.76103127759249
58,5,4.9,66.001566406756,66.6300661903079,-0.628499783551946,69.5673830324029,-0.724335072402852
58,3.3,4.9,60.4222853978031,61.1747175713009,-0.752432173497781,64.1762993892154,7.69412077078456
58,2.2,4.9,55.2884727483833,56.051233327201,-0.762760578817764,59.1313588035006,3.6949520864994
58,25,10.6,96.9741662385227,92.5157444911934,4.45842174732926,95.4532557413202,1.12155357667983
58,14.4,10.6,94.8021946134584,87.5741238624398,7.2280707510186,92.5469898942878,2.3125752737122
58,8.3,10.6,89.8752264630274,82.6291762559309,7.24605020709646,89.8161445299831,1.97297841181687
58,4.8,10.6,74.6898009473417,77.7990599731446,-3.10925902580285,88.1007809440096,-23.3972563620096
58,2.7,10.6,65.7961054397497,72.9155386545169,-7.11943321476718,83.1956662788719,-28.758799544872
58,1.6,10.6,72.9630636430955,68.7223828132291,4.24068082986637,79.8585894276064,2.70800049239356
58,0.9,10.6,61.0748055967529,64.4538460470212,-3.3790404502683,80.3581633651864,-18.3222036451864
58,0.5,10.6,51.5629567402342,60.5145208523365,-8.95156411210226,77.7235310314319,-33.6685675414319
58,0.3,10.6,52.2350063747524,57.458026411582,-5.22302003682959,75.1809775119403,-21.4528621099402
58,0.17,10.6,51.6094739541911,54.4622885632137,-2.85281460902254,71.8866050459308,-22.5680074299308
58,0.1,10.6,51.4729741879422,52.0332033250811,-0.560229137138882,72.5285796145781,-23.6968970545781
58,0,10.6,64.08810402,64.08810402,0,64.08810402,0
58,16.7,10.6,95.9481090943417,88.9063431200767,7.04176597426509,94.0274556046781,1.83188454032191
58,11.1,10.6,93.011843562863,85.2334710242473,7.77837253861569,91.1074857521526,6.06486932484741
58,7.5,10.6,91.0386099716948,81.7260695401185,9.31254043157631,89.2376420416306,4.50964820536936
58,5,10.6,73.6708834232709,78.1541205340074,-4.4832371107366,87.2646613445996,1.82320670540041
58,3.3,10.6,70.6851989613954,74.5905009977512,-3.90530203635582,85.0086188889447,0.477487981055262
58,2.2,10.6,65.882274618232,71.2424992775848,-5.36022465935275,82.8974292096654,0.069370380334604
66,25,0,79.2438958759977,79.2438958759977,0,79.2438958759977,0
66,14.4,0,63.7083599979535,63.7083599979535,0,63.7083599979535,0
66,8.3,0,58.179054282029,58.179054282029,0,58.179054282029,0
66,4.8,0,51.4257828756685,51.4257828756685,0,51.4257828756685,0
66,2.7,0,35.1445607010663,35.1445607010663,0,35.1445607010663,0
66,1.6,0,25.1651432878007,25.1651432878007,0,25.1651432878007,0
66,0.9,0,16.6914286856458,16.6914286856458,0,16.6914286856458,0
66,0.5,0,10.7568760442121,10.7568760442121,0,10.7568760442121,0
66,0.3,0,9.04673047603651,9.04673047603651,0,9.04673047603651,0
66,0.17,0,7.34256334778447,7.34256334778447,0,7.34256334778447,0
66,0.1,0,13.9100962535253,13.9100962535253,0,13.9100962535253,0
66,0,0,0,0,0,0,0
66,25,0.1,75.6550642576117,73.7936230797518,1.86144117785988,77.3019015555051,-2.99723471550511
66,14.4,0.1,68.7347632735515,64.9108842863475,3.823878987204,60.3128211075971,11.2017615824029
66,8.3,0.1,61.1463351951451,53.8512895168213,7.29504567832375,54.2661793717508,8.60685391824917
66,4.8,0.1,52.0076199748474,41.2270275884834,10.780592386364,46.8810545772234,0.0866726327766258
66,2.7,0.1,34.3552624705726,27.9353290987851,6.41993337178751,29.0765195109117,-1.09336300091174
66,1.6,0.1,20.3207819899907,17.6105466248437,2.710235365147,18.1634022172347,20.0275710427653
66,0.9,0.1,9.24399182958617,9.1065089768484,0.137482852737777,8.89686515029798,-19.812286250298
66,0.5,0.1,2.8804447212947,3.20401237127484,-0.323567649980143,2.40706054753879,-23.1317873475388
66,0.3,0.1,0.767661607654092,-0.23375745827493,1.00141906592902,0.536909375191433,-11.2731146751914
66,0.17,0.1,-0.665803456151841,-2.79737144178652,2.13156798563468,-1.32670399906438,-9.35800690093561
66,0.1,0.1,2.41188642018737,-4.3884669424585,6.80035336264588,5.8553041244919,-3.6344488844919
66,0,0.1,-9.35625640000001,-9.35625640000001,0,-9.35625640000001,0
66,25,0.2,79.9516160260474,73.7938240481559,6.15779197789151,75.859937599511,6.63576591048896
66,14.4,0.2,72.0939760221944,64.9111592485859,7.18281677360854,57.7915754791196,18.4145797508804
66,8.3,0.2,60.0731176018187,53.851652233923,6.2214653678957,51.3608029113792,5.74181175862079
66,4.8,0.2,44.4686506683718,41.2274862428365,3.24116442553524,43.5065161828568,-5.79446636285681
66,2.7,0.2,22.5457345051608,27.9358865642217,-5.39015205906091,24.5708952733132,-9.1641718233132
66,1.6,0.2,9.82469648988537,17.6111814345801,-7.78648494469472,12.9644898690265,-17.6541598690265
66,0.9,0.2,1.97221526808034,9.10720945646028,-7.13499418837994,3.10926857904428,-23.2206283790443
66,0.5,0.2,-2.20873876075123,3.20476038941857,-5.4134991501698,-3.79282008977916,-35.0574339102208
66,0.3,0.2,-3.4078563117564,-0.232980635971466,-3.17487567578493,-5.78177815643,-13.99296544357
66,0.17,0.2,-4.42030488732258,-2.79657241208526,-1.62373247523732,-7.76378309199465,1.35145999199465
66,0.1,0.2,-1.17570724657883,-4.38765373259133,3.21194648601249,-0.12551662278225,-4.55451407721775
66,0,0.2,-16.3034366,-16.3034366,0,-16.3034366,0
66,25,0.4,77.2946991889369,73.7952077309045,3.49949145803236,73.3558105887125,0.94416341128746
66,14.4,0.4,70.5097554707266,64.9130457812481,5.59670968947856,53.4131586311232,17.6122270988768
66,8.3,0.4,59.9939338958681,53.8541399811144,6.13979391475369,46.3153011561435,16.1370252838565
66,4.8,0.4,48.6205669845751,41.2306361779751,7.3899308066,37.6462637769744,6.70932673302558
66,2.7,0.4,29.2621841305415,27.9397211693083,1.32246296123318,16.7463894616538,10.2318649283462
66,1.6,0.4,14.2788251298045,17.6155512005858,-3.33672607078125,3.93601396031534,-0.133037180315346
66,0.9,0.4,2.16834131980811,9.11203111852975,-6.94368979872164,-6.94152141569593,-12.7113351843041
66,0.5,0.4,-5.15183953479959,3.20990674492592,-8.36174627972551,-14.559586140413,-18.087493159587
66,0.3,0.4,-7.84924787342523,-0.227638895725248,-7.62160897769999,-16.7548652817742,6.15652808177422
66,0.17,0.4,-9.76852708226118,-2.79108088974251,-6.97744619251867,-18.9424700211978,14.3497008211978
66,0.1,0.4,-6.89076297310288,-4.38206702242232,-2.50869595068056,-10.511861383854,-2.42033971614599
66,0,0.4,-28.3679695,-28.3679695,0,-28.3679695,0
66,25,0.83,80.77012711679,73.8060510475897,6.96407606920022,76.7826421980712,5.75858434547054
66,14.4,0.83,71.3773627077313,64.9277741291409,6.44958857859034,59.3524928284601,8.38975876088048
66,8.3,0.83,59.0455517749011,53.8735532074948,5.17199856740632,53.2451593222394,9.77884260070848
66,4.8,0.83,49.7714858596792,41.2552496989915,8.51623616068776,45.6902861245313,3.71444097090169
66,2.7,0.83,36.2097916857495,27.9697331773953,8.2400585083542,27.4767448676029,3.8260939919112
66,1.6,0.83,26.8634399221459,17.6497767780252,9.21366314412069,16.2852452196836,15.93064837941
66,0.9,0.83,18.5021970907532,9.14979475579021,9.35240233496302,6.8687712784372,13.1702262393332
66,0.5,0.83,12.2154423352496,3.25019305313069,8.96524928211888,0.161388779278303,7.75083083024559
66,0.3,0.83,9.06430099145488,-0.185845356283605,9.25014634773849,-1.61739290229909,9.57139770431805
66,0.17,0.83,5.74089502020695,-2.7481387344457,8.48903375465264,-3.66693813391681,11.2624189504063
66,0.1,0.83,7.39524017937353,-4.33839853328988,11.7336387126634,3.65941125616069,1.73215336290609
66,0,0.83,-11.848360770685,-11.848360770685,0,-11.848360770685,0
66,25,1.6,80.0896799749413,73.8722260915604,6.21745388338089,78.1026118927891,0.727813068679659
66,14.4,1.6,71.8781422969911,65.017337296741,6.86080500025015,61.7730806987397,12.422482390048
66,8.3,1.6,59.294302896429,53.9915471341338,5.30275576229521,55.8497925244236,-0.242478844300308
66,4.8,1.6,48.9610737304015,41.4050306534286,7.5560430769729,48.701534957613,-1.7475932352612
66,2.7,1.6,34.6969510320913,28.1526346997123,6.54431633237901,31.5449363374396,2.00541974157317
66,1.6,1.6,25.0813936187495,17.8584957314292,7.22289788732034,21.0072825886864,-0.146664502091238
66,0.9,1.6,16.9152223987033,9.3800816324409,7.53514076626235,12.0476662699425,-4.3228660517017
66,0.5,1.6,11.3997779631641,3.49575018538472,7.90402777777942,5.81724324220908,3.05102033628062
66,0.3,1.6,9.24878685442025,0.0687755834304205,9.18001127098983,4.04970346221051,11.4748304715004
66,0.17,1.6,6.12312114361051,-2.48664841329956,8.60976955691007,2.18154867682864,9.93363412523003
66,0.1,1.6,8.29860317262233,-4.07258446657283,12.3711876391952,9.09215882685052,2.07176481679474
66,0,1.6,-5.56346499784096,-5.56346499784096,0,-5.56346499784096,0
66,25,3.15,80.6828402689493,74.3171105033991,6.36572976555028,78.1393105753193,3.25522249264104
66,14.4,3.15,76.4959448874032,65.6172294729254,10.8787154144778,61.7391008615073,10.9005184021081
66,8.3,3.15,66.9671965554607,54.7814294034613,12.1857671519994,55.9621757601804,14.0057507176466
66,4.8,3.15,55.1241472472669,42.4088869615695,12.7152602856974,48.8362241510789,6.89975536780605
66,2.7,3.15,38.5258219226321,29.3802682675467,9.14555365508545,31.69315706404,7.45702121533016
66,1.6,3.15,26.0091227972107,19.2603405605228,6.74878223668789,21.1643621218247,2.10289386626827
66,0.9,3.15,15.263785228967,10.9267252842856,4.33705994468135,12.2888483182625,0.391769530480903
66,0.5,3.15,8.99939365916468,5.1441931208267,3.85520053833798,5.98402570033125,-7.79324607117977
66,0.3,3.15,7.94098025136922,1.7772435496529,6.16373670171632,4.24602269960483,2.80141086605208
66,0.17,3.15,3.9690291924702,-0.732941274525879,4.70197046699607,2.37649911123255,-4.2839204562505
66,0.1,3.15,6.27317570361794,-2.29053807702155,8.56371378063949,9.30499438095902,-5.21607516468085
66,0,3.15,-5.33230727356376,-5.33230727356376,0,-5.33230727356376,0
66,25,6.3,87.631794948507,77.1337649281993,10.4980300203077,80.28761928772,6.23988080647621
66,14.4,6.3,82.6412283169977,69.3998038911825,13.2414244258152,65.6476732268049,15.3545849503721
66,8.3,6.3,76.7628898319792,59.7586952038307,17.0041946281485,60.2948414304744,16.9826553635119
66,4.8,6.3,65.0006483529179,48.7422806263284,16.2583677265895,53.9261790733357,13.1572913827691
66,2.7,6.3,51.042411621148,37.137528085508,13.9048835356399,38.4486904214776,13.2757198078646
66,1.6,6.3,39.6190214802882,28.1246089387053,11.494412541583,29.037718415688,9.89444468769586
66,0.9,6.3,28.3888650814301,20.7061797764658,7.68268530496436,20.8707574020815,1.11816213981485
66,0.5,6.3,22.1156070403345,15.5622502363194,6.55335680401512,15.4625250596437,4.97949202990334
66,0.3,6.3,23.450195017106,12.5691718073696,10.8810232097364,13.5485779885256,13.4089677591
66,0.17,6.3,17.5488149075843,10.3390560960351,7.20975881154921,12.1642634210852,7.37532751008932
66,0.1,6.3,17.8647266198611,8.95598426725585,8.90874235260521,18.3833440658998,5.25549197185053
66,0,6.3,5.1306857566102,5.1306857566102,0,5.1306857566102,0
66,25,12.5,97.1588064089732,87.2545070064332,9.90429940253996,88.49480958704,10.1832815823189
66,14.4,12.5,94.0799615677841,82.9418563183224,11.1381052494617,79.8823476489803,15.0247484763713
66,8.3,12.5,94.1787444827011,77.5665502115476,16.6121942711534,76.818651411836,18.2076420960902
66,4.8,12.5,90.4482849033463,71.4254741217332,19.0228107816131,73.0734656346981,18.3395466533459
66,2.7,12.5,84.5909516131117,64.9570351734902,19.6339164396216,64.0540634249251,21.6396368910986
66,1.6,12.5,73.7906619735929,59.9331819934261,13.8574799801668,58.517896768523,14.8797932654732
66,0.9,12.5,60.3609393121139,55.797752407166,4.56318690494794,53.8322591022099,3.58272922731793
66,0.5,12.5,51.3327079705971,52.9299873390014,-1.59727936840429,50.5193328490467,-3.72557664751636
66,0.3,12.5,52.6313097944022,51.2612419435281,1.37006785087407,49.567236801927,5.64102965038517
66,0.17,12.5,48.9481405815093,50.0178537821793,-1.06971320067005,48.6353011179048,0.0034635198063782
66,0.1,12.5,47.6877765396467,49.2467371983629,-1.55896065871612,52.2983959633001,-5.28612702488727
66,0,12.5,44.5726098655221,44.5726098655221,0,44.5726098655221,0
66,25,25,99.4484546793086,97.4739371117517,1.97451756755686,98.2292994269138,1.30137775652278
66,14.4,25,98.3149333982803,96.6094745053067,1.70545889297356,96.911133412558,2.41709931350417
66,8.3,25,99.201945909432,95.53733234834,3.664613561092,96.4150312106788,2.79853417130974
66,4.8,25,98.5907264108468,94.3177439676195,4.27298244322724,95.829329175667,2.90780068300362
66,2.7,25,98.7238644643276,93.0363614513684,5.68750301295919,94.4426395378046,4.43894517130199
66,1.6,25,97.6394092010638,92.0411004830064,5.59830871805741,93.598140542092,4.71051873571617
66,0.9,25,96.1438369185256,91.2200788540747,4.92375806445087,92.8595544872888,3.79954600603914
66,0.5,25,92.8211606306771,90.64881126071,2.17234936996716,92.3582952802161,2.15222174322771
66,0.3,25,91.4920981337714,90.31527058904,1.17682754473143,92.2239118430178,1.62365882031414
66,0.17,25,89.7316516770757,90.0659991589364,-0.334347481860698,92.040130170153,-1.46236494039356
66,0.1,25,89.924494254318,89.9109797043112,0.0135145500068191,92.649841984931,-2.4040293689184
66,0,25,91.42500725304,91.42500725304,0,91.42500725304,0
66,25,8.9,94.4382832027469,81.1920372068201,13.2462459959268,83.0602040836704,9.59660792832959
66,14.4,8.9,88.0376844343721,74.8348989279873,13.2027855063847,70.3810998715963,16.4890336084037
66,8.3,8.9,83.8949095935581,66.9070600200928,16.9878495734653,65.868436520749,21.525002819251
66,4.8,8.9,75.0532406369308,57.8454789563816,17.2077616805492,60.3568511717894,14.5862614182106
66,2.7,8.9,65.3696613128631,48.2984861303448,17.0711751825183,47.0691658114502,16.9428198985498
66,1.6,8.9,55.4094650726219,40.884082726313,14.5253823463089,38.9246077896441,15.4486785403559
66,0.9,8.9,43.9182691722709,34.7826415575519,9.13562761471899,32.0089074657219,11.0104099642781
66,0.5,8.9,37.1066362356533,30.5532207494281,6.55341548622523,27.165507663909,9.45443780609105
66,0.3,8.9,39.1877427395785,28.093037445435,11.0947052941435,25.7697969496516,14.8574316703484
66,0.17,8.9,33.2305199044928,26.2605006496276,6.97001925486527,24.3789654531704,13.4325550468296
66,0.1,8.9,31.6854293205315,25.124298245065,6.56113107546653,29.7389629956946,6.60349240430544
66,0,8.9,18.38643796,18.38643796,0,18.38643796,0
66,25,17.8,98.422229708122,93.5388363728425,4.88339333527952,94.4593975980343,4.64206311096567
66,14.4,17.8,96.33567275806,91.343151010266,4.99252174779393,90.3123656267417,7.97566829425827
66,8.3,17.8,97.3566741606929,88.6122424816542,8.74443167903872,88.8363812923103,9.54473228268965
66,4.8,17.8,96.189581324264,85.4980105784409,10.6915707458231,87.0336734454202,7.24863189857975
66,2.7,17.8,94.9624677840762,82.2209855721216,12.7414822119546,82.6875891249421,12.6057672420579
66,1.6,17.8,90.9496639092806,79.6753752340714,11.2742886752092,80.0236988418799,11.0243314251201
66,0.9,17.8,84.6810084110451,77.5776859931283,7.10332241791679,77.7617385434644,8.9614884265356
66,0.5,17.8,77.1145791079642,76.1207440204859,0.993835087478247,76.1775782201552,-1.25506363015519
66,0.3,17.8,76.1012005548353,75.2716713636181,0.829529191217203,75.721074601454,1.76142195854596
66,0.17,17.8,73.5260661885312,74.6381942978189,-1.1121281092877,75.2661668582796,-3.72638841827958
66,0.1,17.8,72.9597505146483,74.2448705699423,-1.285120055294,77.0192939564645,-4.71933262646449
66,0,17.8,73.30615433,73.30615433,0,73.30615433,0
66,25,50,99.8753862069684,100.255483206595,-0.380096999626142,99.8639956955999,-0.163832660599931
66,14.4,50,100.769271343979,100.341005235857,0.428266108122199,99.7621991475603,-0.117223214560255
66,8.3,50,100.334293950652,100.446162132758,-0.11186818210644,99.7259683899375,-0.115192913937486
66,4.8,50,99.7218389949724,100.565028591078,-0.84318959610507,99.6817176011305,-0.149447721130507
66,2.7,50,100.048388318231,100.690223470364,-0.641835152133756,99.575034946071,-0.115246717071024
66,1.6,50,99.9515587817251,100.788588986455,-0.837030204730073,99.5096448461033,-0.116897286103291
66,0.9,50,99.9056863472764,100.871002367294,-0.965316020017441,99.4541208588817,-0.15950529388172
66,0.5,50,99.6833361771155,100.929256527605,-1.24592035048971,99.4152347221047,-0.332428808104709
66,0.3,50,100.216825813367,100.963685114005,-0.746859300638037,99.4040289988614,-0.390984244861414
66,0.17,50,99.0407388018861,100.989626803781,-1.94888800189492,99.3928624493262,-1.67379977532618
66,0.1,50,99.5542020036438,101.005836466638,-1.45163446299448,99.4358961872152,-0.623001837215215
66,0,50,99.344750327,99.344750327,0,99.344750327,0
95,25,0,69.7754590725684,69.7754590725684,0,69.7754590725684,0
95,14.4,0,54.2181374682626,54.2181374682626,0,54.2181374682626,0
95,8.3,0,50.1352954360814,50.1352954360814,0,50.1352954360814,0
95,4.8,0,44.1340361866175,44.1340361866175,0,44.1340361866175,0
95,2.7,0,42.3122256836929,42.3122256836929,0,42.3122256836929,0
95,1.6,0,33.4661589291981,33.4661589291981,0,33.4661589291981,0
95,0.9,0,36.9779020494178,36.9779020494178,0,36.9779020494178,0
95,0.5,0,29.5969887827686,29.5969887827686,0,29.5969887827686,0
95,0.3,0,29.0841804009588,29.0841804009588,0,29.0841804009588,0
95,0.17,0,20.9815564024776,20.9815564024776,0,20.9815564024776,0
95,0.1,0,15.2301477446299,15.2301477446299,0,15.2301477446299,0
95,0,0,0,0,0,0,0
95,25,0.1,72.3260040164156,61.9806647357991,10.3453392806165,70.2488401719444,5.3930642688266
95,14.4,0.1,61.4283705530903,55.9708723584407,5.45749819464965,54.9279770600871,12.8844128500819
95,8.3,0.1,55.9030724453004,50.1102937630443,5.79277868225615,50.9774997566353,9.86895893527707
95,4.8,0.1,49.7418326748102,44.4900395714744,5.25179310333576,45.0658405597406,11.4852011951611
95,2.7,0.1,45.7816913519944,38.8680718731072,6.91361947888717,43.3925446090882,4.55902357236334
95,1.6,0.1,38.7517475248104,34.0539771893692,4.69777033544118,34.5644551275033,4.22732258646425
95,0.9,0.1,37.8458812721575,29.1307210396127,8.71516023254482,37.9080015564108,3.92760418054686
95,0.5,0.1,31.6742975072876,24.5339477811275,7.1403497261601,30.7512882324093,2.45559998411884
95,0.3,0.1,29.463016701173,20.9090470266061,8.5539696745669,30.2733381565783,0.799617648121741
95,0.17,0.1,23.4580227613374,17.2857105631668,6.17231219817052,22.2502428585408,-0.121894039376354
95,0.1,0.1,18.9612728009579,14.2802356513654,4.6810371495925,16.5969358806383,11.6965804126978
95,0,0.1,1.61812121438162,1.61812121438162,0,1.61812121438162,0
95,25,0.2,71.4253081385951,61.9829608984782,9.44234724011691,69.2977341161902,11.665166892874
95,14.4,0.2,60.0014271957579,55.9734835558755,4.02794363988238,53.5456426745159,7.26360389812634
95,8.3,0.2,53.9058369786438,50.1132203361616,3.79261664248219,49.3401537198995,3.71253322733192
95,4.8,0.2,47.3218689037634,44.493275520405,2.82859338335837,43.2545363361564,1.52100091882264
95,2.7,0.2,43.0927101567663,38.8716233742491,4.2210867825172,41.3903145380469,4.41481454436619
95,1.6,0.2,35.9106062758152,34.0578031722823,1.85280310353297,32.3550261368685,2.42075779773229
95,0.9,0.2,34.921834449281,29.1348313116501,5.78700313763087,36.0288497312131,-2.70695748060268
95,0.5,0.2,28.7394695113709,24.5383263934203,4.2011431179506,28.4917754297032,1.11796713318766
95,0.3,0.2,26.5629930527178,20.9136390453332,5.64935400738456,27.9435580114154,0.182392120125329
95,0.17,0.2,20.6301229112708,17.2905173910999,3.33960552017095,19.7566443998115,2.28961323847139
95,0.1,0.2,16.2217926026861,14.2852217619638,1.93657084072234,13.8533697154878,4.29113506412615
95,0,0.2,-1.58598380868537,-1.58598380868537,0,-1.58598380868537,0
95,25,0.4,70.1656948434822,61.9911938208748,8.17450102260747,67.8157730066566,5.64638234770336
95,14.4,0.4,59.4738600258798,55.9828630385279,3.49099698735192,51.3623452749883,8.67655279415055
95,8.3,0.4,53.7718023048625,50.1237421507642,3.6480601540983,47.0178903895865,12.7208140554351
95,4.8,0.4,47.4718640626896,44.5049131930276,2.96695086966199,40.6711890116356,11.5727463017311
95,2.7,0.4,43.505600401275,38.8843949137257,4.62120548754934,38.6924027231432,0.0791358118003487
95,1.6,0.4,36.4566148794293,34.0715579352472,2.38505694418214,29.3431716425264,6.22082338095239
95,0.9,0.4,35.5043499819031,29.1496018415905,6.35474814031259,33.0945250547981,0.508447529351189
95,0.5,0.4,29.2673038344862,24.5540536708169,4.71325016366934,25.1966979704846,4.10417645924233
95,0.3,0.4,26.9826664190877,20.9301260583336,6.05254036075403,24.681046383212,-0.147593017551257
95,0.17,0.4,20.8862217303396,17.3077683417402,3.57845338859945,16.0551319123033,5.03743252497041
95,0.1,0.4,16.3045328652658,14.3031098817875,2.00142298347837,9.91537559516657,14.0559791477086
95,0,0.4,-6.23658605559555,-6.23658605559555,0,-6.23658605559555,0
95,25,0.83,64.5302643953787,62.0246657515652,2.50559864381347,68.1191479898336,-2.39675095174078
95,14.4,0.83,54.541240475116,56.0210856790531,-1.47984520393717,51.722266786764,-5.47837747461403
95,8.3,0.83,49.2367215847524,50.1666732419911,-0.929951657238756,47.4904747329573,0.788835202905889
95,4.8,0.83,43.2891214674256,44.5524222048936,-1.26330073746796,41.2222094641455,-1.94440127084318
95,2.7,0.83,39.8231659905238,38.9365364930934,0.886629497430324,39.3707787270175,-4.00564065875858
95,1.6,0.83,33.1923028112387,34.1277028015465,-0.935399990307792,30.1308132968074,0.447606256909599
95,0.9,0.83,32.606551143364,29.2098708269666,3.39668031639743,33.8269172151486,-2.91694862568634
95,0.5,0.83,26.6658698217293,24.6181979119626,2.04767190976663,26.0117417803961,-0.28427843814322
95,0.3,0.83,24.5690481650743,20.9973422654145,3.5717058996598,25.4084113226446,-4.49990465211216
95,0.17,0.83,18.6448897675403,17.3780697301038,1.26682003743648,16.8349855930756,-2.15937551238734
95,0.1,0.83,14.2318694263344,14.3759823346957,-0.144112908361333,10.9251129926235,5.34070755286574
95,0,0.83,-5.1188070014361,-5.1188070014361,0,-5.1188070014361,0
95,25,1.6,65.5569429675182,62.1382290875291,3.41871387998905,65.4867941067276,1.0601906803185
95,14.4,1.6,55.6505196067603,56.1511246377452,-0.500605030984885,47.5623131518136,3.04808487233762
95,8.3,1.6,50.025673115585,50.3129590076541,-0.287285892069065,42.9555376307407,5.41425717961839
95,4.8,1.6,43.6092509628393,44.7144335557774,-1.10518259293809,36.0798572323539,6.87857440683247
95,2.7,1.6,39.8744172885642,39.1143978606266,0.760019427937556,33.9995133841276,-0.86096533425724
95,1.6,1.6,33.0586051587695,34.3192158849125,-1.26061072614296,23.8390926131007,5.49245075891366
95,0.9,1.6,32.2321194495271,29.4154093940963,2.81671005543077,27.9499158690362,-1.89048333286106
95,0.5,1.6,26.1329922264551,24.8368850318716,1.29610719458357,19.4201574618064,4.54906581544251
95,0.3,1.6,23.911497422998,21.2264344296249,2.6850629933731,18.8585243084639,3.01242930298824
95,0.17,1.6,17.8857918909185,17.6175982646217,0.268193626296792,9.66573140505849,5.99025408179871
95,0.1,1.6,13.4225671157987,14.6241997160643,-1.20163260026559,2.98169470700048,10.6878128563109
95,0,1.6,-14.4336994617144,-14.4336994617144,0,-14.4336994617144,0
95,25,3.15,67.6594399719965,62.5823151257728,5.07712484622372,68.0127560214178,2.55190226927972
95,14.4,3.15,58.0031708886298,56.6613850352226,1.34178585340725,51.4733880332292,3.80269173022646
95,8.3,3.15,52.1014488994423,50.8881538249744,1.21329507446787,47.1767432596041,2.35679447662801
95,4.8,3.15,45.1946305624975,45.3522067392595,-0.157576176762026,40.7631614940286,-0.665723924533691
95,2.7,3.15,41.3342739265786,39.8150038976437,1.51927002893481,38.7007709724585,-0.266320824150446
95,1.6,3.15,34.6728887053341,35.0737698583035,-0.400881152969426,29.5090279579217,5.89860753714944
95,0.9,3.15,33.7614387572002,30.2252446042962,3.536194152904,33.1567668582166,3.90372485407691
95,0.5,3.15,27.7911356335068,25.6984287853502,2.09270684815663,25.3749690933602,1.8682911679981
95,0.3,3.15,25.6479266579252,22.1288265599038,3.51910009802136,24.8222083413914,-2.47866269324238
95,0.17,3.15,19.8539956072196,18.5609048834453,1.29309072377424,16.1484200130169,2.41586568710483
95,0.1,3.15,15.8373715341909,15.6015300710122,0.235841463178707,10.1919438764708,4.48365398238609
95,0,3.15,-5.99505268479027,-5.99505268479027,0,-5.99505268479027,0
95,25,6.3,68.9232046005802,64.4044125196754,4.51879208090488,69.8523046732624,-4.57824210196504
95,14.4,6.3,60.6230196393018,58.7640909653027,1.85892867399911,54.2248141199219,6.25418409154316
95,8.3,6.3,54.5231721216925,53.2649380582992,1.25823406339336,49.925512368714,7.47001105294386
95,4.8,6.3,47.2004932081917,47.9920717338861,-0.791578525694421,43.8235713223498,4.67493266571728
95,2.7,6.3,42.7426912817712,42.7181179973378,0.0245732844334654,41.8577142604276,8.23712571366922
95,1.6,6.3,36.4871490570657,38.2022862585038,-1.71513720143813,32.9328600227879,-0.0362960109775226
95,0.9,6.3,34.6267189635787,33.584215706223,1.04250325735576,36.6345096668181,-16.1418573368841
95,0.5,6.3,28.4790869542367,29.2725337904266,-0.793446836189902,29.1947249712045,-2.4851647553612
95,0.3,6.3,25.9558632305846,25.8726045431945,0.0832586873901395,28.6876177443463,-2.93568175750129
95,0.17,6.3,20.2836847643902,22.4743827259436,-2.19069796155345,20.5651871808434,-2.45768546160892
95,0.1,6.3,17.2643835536106,19.6559272360411,-2.39154368243052,14.5503344682518,6.76436071884961
95,0,6.3,-0.610970460751643,-0.610970460751643,0,-0.610970460751643,0
95,25,12.5,78.4698429040097,71.0531541648818,7.41668873912785,77.3888950073826,4.18357146078921
95,14.4,12.5,72.5041995722378,66.4703169033112,6.03388266892656,65.5106742200365,6.1625393707013
95,8.3,12.5,73.7690534787137,62.0007136227983,11.7683398559154,62.5044581578207,15.2227285105062
95,4.8,12.5,64.8609622003021,57.7135305881516,7.1474316121505,57.947208206349,13.0475298677772
95,2.7,12.5,57.4805097019058,53.4238968139138,4.05661288799194,56.5643922188081,4.73779436679988
95,1.6,12.5,54.158835148853,49.7496218589872,4.40921328986575,49.9729574715312,4.54574731136548
95,0.9,12.5,49.4968384394161,45.9909951142969,3.50584332511914,52.6864179209852,5.81784915305124
95,0.5,12.5,40.8789717672024,42.4807883502364,-1.60181658303398,47.0943980867521,-5.66969262861102
95,0.3,12.5,37.6505261645208,39.7123396420202,-2.0618134774994,46.6396665106947,-5.56309568149106
95,0.17,12.5,32.5979660890652,36.9449915487073,-4.34702545964214,40.6357810441054,-3.74605366075524
95,0.1,12.5,32.8051257869214,34.6497088198285,-1.84458303290719,36.1293325332278,3.57821427002208
95,0,12.5,24.7549793225407,24.7549793225407,0,24.7549793225407,0
95,25,25,91.756075084766,85.6808268652148,6.07524821955117,87.2092699879888,6.64864753240601
95,14.4,25,92.6563685283339,83.4395060836666,9.21686244466724,80.7363394000251,13.7869997764327
95,8.3,25,90.7247310849367,81.2501019401484,9.47462914478839,79.0111217127502,13.7233664044424
95,4.8,25,89.2516033839658,79.147132654463,10.1044707295028,76.4263254416822,12.6003579023648
95,2.7,25,86.5454404539564,77.0404101685103,9.50503028544602,75.593353578846,14.174104771919
95,1.6,25,83.138508110928,75.23411534243,7.90439276849803,72.0216781280057,12.4111154266564
95,0.9,25,75.1064701775812,73.3848553663837,1.72161481119752,73.5050940418273,1.82302229911486
95,0.5,25,70.8497586356204,71.6566015193246,-0.806842883704125,70.3630015955065,1.59911930784022
95,0.3,25,66.6179835190912,70.2927915884783,-3.67480806938709,70.0995834396265,0.389443222708527
95,0.17,25,66.3950883827974,68.9288821560306,-2.53379377323325,66.6175914316539,2.10864011978963
95,0.1,25,64.0004640087379,67.797150842063,-3.7966868333251,64.2524588541286,2.09862751321686
95,0,25,57.8509851405697,57.8509851405697,0,57.8509851405697,0
95,25,8.9,64.2435745072698,66.7883914685164,-2.54481696124664,71.7293828406724,-15.8471309157399
95,14.4,8.9,56.6782708808266,61.5238358401175,-4.84556495929089,56.1861902571635,-3.17438650069675
95,8.3,8.9,49.7596265462947,56.3907857841617,-6.631159237867,52.8074281705771,-8.25728525380164
95,4.8,8.9,42.5248483244494,51.4686076974808,-8.94375937303138,47.2002653638654,-14.7786656431045
95,2.7,8.9,36.5463578284734,46.5449812655873,-9.99862343711392,45.6465908644351,-18.47505078054
95,1.6,8.9,31.8993705882157,42.3287297777678,-10.4293591895521,37.3614797468336,-12.0152236910494
95,0.9,8.9,30.1542806524759,38.0166479482074,-7.86236729573156,40.4191004282154,-25.5606657355658
95,0.5,8.9,25.3782093282928,33.9903534542368,-8.61214412594408,33.5234958784829,-12.5922620935316
95,0.3,8.9,23.673429156267,30.815319136552,-7.14188998028504,33.0871761889085,-14.1834417165296
95,0.17,8.9,19.3124462873777,27.6418341135939,-8.32938782621623,25.3049009206931,-8.63574069233686
95,0.1,8.9,18.4282258809551,25.0098182542015,-6.58159237324638,19.8723078397723,-5.38163549081716
95,0,8.9,5.523523156464,5.523523156464,0,5.523523156464,0
95,25,17.8,81.9929917404184,77.942253758685,4.05073798173339,81.5724137320717,0.903554576960329
95,14.4,17.8,79.8069128717643,74.4667160269244,5.34019684483986,72.245594403,5.42521818830651
95,8.3,17.8,79.6697507102821,71.074687345036,8.59506336524605,69.7300420844734,7.20997350630533
95,4.8,17.8,74.2972512257159,67.8190277524949,6.47822347322095,66.1443731527937,5.27999410526734
95,2.7,17.8,67.3314037268842,64.5596236483821,2.7717800785021,65.0433495323217,-1.81103356091347
95,1.6,17.8,63.349976434793,61.7664172170578,1.58355921773512,59.5311959596686,2.8702267059274
95,0.9,17.8,52.4507042695166,58.9079002448355,-6.4571959753189,61.7390725090379,-13.4481328870143
95,0.5,17.8,46.2983767378119,56.2373378964376,-9.93896115862573,57.2378676483108,-11.965578757514
95,0.3,17.8,44.429215510622,54.1305085309038,-9.70129302028187,56.9742719323062,-10.6372545082142
95,0.17,17.8,41.4710188158419,52.0240450228968,-10.553026207055,52.0281154786915,-16.3317072855814
95,0.1,17.8,42.6537713407987,50.2765890772989,-7.62281773650021,48.4731119470524,-10.615257586636
95,0,17.8,39.2785650622646,39.2785650622646,0,39.2785650622646,0
95,25,50,94.5579205718774,97.0226273385715,-2.46470676669402,97.7824282543654,1.25216792404358
95,14.4,50,97.8949064831925,96.5371050751473,1.35780140804524,96.6919284451333,1.4338135622951
95,8.3,50,96.2626353692834,96.0643791745666,0.198256194716805,96.3171407233585,1.61921853797783
95,4.8,50,95.3327331037336,95.6116445358044,-0.278911432070839,95.8898461686798,0.10518034762479
95,2.7,50,93.5472312125293,95.1592994002309,-1.61206818770156,95.8058151107654,-3.73418297531048
95,1.6,50,92.9695185480866,94.7723504135473,-1.80283186546079,95.0649090267405,-0.381867956632048
95,0.9,50,87.779573361395,94.3770211918247,-6.59744783042977,95.3177957161203,-6.37211600779339
95,0.5,50,86.4719232436234,94.0083350279323,-7.53641178430888,94.8254770381278,-8.6716940883382
95,0.3,50,82.1661804661094,93.7179744785492,-11.5517940124398,94.7741698255581,-11.9968951499683
95,0.17,50,86.0441994817593,93.4281836012167,-7.38398411945739,94.204007367968,-14.5428758254486
95,0.1,50,87.8247942419496,93.1882562258875,-5.36346198393785,93.7211556323271,-10.1805374636192
95,0,50,92.6285858920807,92.6285858920807,0,92.6285858920807,0
132,25,0,94.0135854806633,94.0135854806633,0,94.0135854806633,0
132,14.4,0,86.674186333376,86.674186333376,0,86.674186333376,0
132,8.3,0,83.0796345332928,83.0796345332928,0,83.0796345332928,0
132,4.8,0,78.6834237502957,78.6834237502957,0,78.6834237502957,0
132,2.7,0,75.9882093534672,75.9882093534672,0,75.9882093534672,0
132,1.6,0,69.4085217464437,69.4085217464437,0,69.4085217464437,0
132,0.9,0,68.4690013513677,68.4690013513677,0,68.4690013513677,0
132,0.5,0,59.5006584592941,59.5006584592941,0,59.5006584592941,0
132,0.3,0,56.8147564581478,56.8147564581478,0,56.8147564581478,0
132,0.17,0,50.7582403915737,50.7582403915737,0,50.7582403915737,0
132,0.1,0,43.0415329583756,43.0415329583756,0,43.0415329583756,0
132,0,0,0,0,0,0,0
132,25,0.83,93.2927599205257,92.2149621018269,1.07779781869883,94.7138843225124,0.355517235093005
132,14.4,0.83,87.75071955434,88.9569062722769,-1.20618671793689,88.2590813962285,-0.959819838479075
132,8.3,0.83,83.9240033457138,85.3720684898656,-1.44806514415189,85.086355316329,-0.0481056730970892
132,4.8,0.83,79.447490202917,81.4942434266571,-2.04675322374018,81.2042256768968,-3.69963901918732
132,2.7,0.83,75.4359353128946,77.1110351627801,-1.6750998498855,78.8616876097136,-5.93880348251528
132,1.6,0.83,69.5156439951008,72.8886296928436,-3.37298569774283,73.0258434065742,-3.06826946812837
132,0.9,0.83,65.9871576192983,68.0438582932323,-2.05670067393406,72.2195544221624,-5.02862060757229
132,0.5,0.83,58.305151721313,62.9530846481124,-4.64793292679948,64.3156359664372,-6.43805366480816
132,0.3,0.83,54.2081313498818,58.4830403162996,-4.27490896641782,61.9339619200031,-8.41736400584848
132,0.17,0.83,48.2502649298218,53.542813983193,-5.29254905337123,56.6089233854047,-15.0867885933928
132,0.1,0.83,41.8704844452788,49.028066885508,-7.1575824402291,49.8200037938371,-8.78299430210381
132,0,0.83,11.8967709584942,11.8967709584942,0,11.8967709584942,0
132,25,1.6,92.6941505949906,92.4043932038822,0.289757391108435,94.3811648717451,-0.554296246903229
132,14.4,1.6,87.0199914571658,89.224304602907,-2.2043131457412,87.4071852956031,-0.441743333272143
132,8.3,1.6,83.1590496330099,85.7254456391019,-2.56639600609207,84.0071541168897,-1.94364184352069
132,4.8,1.6,78.7273256723308,81.940823153611,-3.21349748128026,79.8361474535715,-3.58220858717333
132,2.7,1.6,74.8407712421732,77.663176259241,-2.82240501706784,77.2971504705313,-6.24598481313643
132,1.6,1.6,69.0958745994552,73.5426408195023,-4.44676622004708,71.1202444272204,-2.6071345457768
132,0.9,1.6,65.7973949754784,68.8149371247695,-3.01754214929109,70.1738306317684,-4.77760729823781
132,0.5,1.6,58.3825520840079,63.8473444451331,-5.46479236112518,61.7120447934415,-1.86573113288686
132,0.3,1.6,54.4726649192204,59.4855702900568,-5.01290537083645,59.18256796906,-4.18877114981219
132,0.17,1.6,48.654555049379,54.6650844851612,-6.01052943578214,53.455834920402,-6.53152577381027
132,0.1,1.6,42.3386887161012,50.2598075172785,-7.92111880117727,46.1483929449631,-8.9619203751458
132,0,1.6,5.44872162683445,5.44872162683445,0,5.44872162683445,0
132,25,3.15,93.4799078740938,92.7811891919863,0.698718682107417,95.306656860873,-1.05213551243338
132,14.4,3.15,87.6402188947265,89.7562691859218,-2.11605029119526,89.5831972511356,-2.81955391879937
132,8.3,3.15,83.4037142169691,86.4284895343501,-3.02477531738092,86.7768855928811,-3.92684446444578
132,4.8,3.15,78.6775773236559,82.8292904617188,-4.15171313806285,83.3487482979903,-5.67563856892992
132,2.7,3.15,74.5742497204766,78.7616285199445,-4.18737879946789,81.2270660598673,-8.20081657613568
132,1.6,3.15,68.7235815440086,74.8437187669386,-6.12013722292995,76.1258011499784,-8.58222867125575
132,0.9,3.15,65.3784446686209,70.3488603199452,-4.97041565132427,75.3862135957029,-10.6357909606624
132,0.5,3.15,58.1723663080038,65.6262714897925,-7.45390518178866,68.3996070062543,-10.5222121777641
132,0.3,3.15,54.4865048111223,61.4798513325085,-6.99334652138621,66.2481204695416,-15.9141229056535
132,0.17,3.15,49.0650914665107,56.8975502067946,-7.83245874028386,61.5555116883714,-13.7834612095803
132,0.1,3.15,43.3065409821964,52.7100491062573,-9.40350812406081,55.5011736606269,-13.2432761800978
132,0,3.15,21.8552596638723,21.8552596638723,0,21.8552596638723,0
132,25,6.3,94.5938903744995,93.564600406541,1.02928996795847,95.2095562411297,0.0967911862656237
132,14.4,6.3,89.7635862913615,90.8643752638379,-1.10078897247632,89.3238316963187,1.25525023640181
132,8.3,6.3,84.7624046120607,87.8942447288472,-3.13184011678654,86.4301131801531,-2.95255011779871
132,4.8,6.3,79.4961122026805,84.6823358300257,-5.18622362734525,82.9129185456381,-6.69837883037663
132,2.7,6.3,75.5124175365012,81.0528956049599,-5.54047806845866,80.7739271399011,-6.08063817251666
132,1.6,6.3,70.0341746566676,77.557536178801,-7.5233615221334,75.4951402558252,-5.49481964527048
132,0.9,6.3,66.8032178641957,73.5479352264526,-6.74471736225695,74.7225785636066,-7.87123314616068
132,0.5,6.3,60.2674876940492,69.3356575888361,-9.06816989478686,67.5866235092057,-6.68128389508367
132,0.3,6.3,56.6236250942185,65.6376109684252,-9.01398587420669,65.3967916408437,-7.11809005032171
132,0.17,6.3,51.2619307724068,61.5510852646304,-10.2891544922236,60.5519169690231,-10.8109286068645
132,0.1,6.3,45.8284350641931,57.8168153344983,-11.9883802703052,54.3778988096122,-9.35290560882971
132,0,6.3,19.8961001821716,19.8961001821716,0,19.8961001821716,0
132,25,8.9,97.2704340888368,94.2236988233206,3.04673526551623,95.982180219074,0.886727949607769
132,14.4,8.9,92.9810775388259,91.799077451261,1.18200008756491,91.0244035070387,2.35881997709563
132,8.3,8.9,87.2981936217601,89.132166755667,-1.83397313390688,88.6158985325667,0.654843192685874
132,4.8,8.9,80.4998222162074,86.2482386108119,-5.74841639460446,85.641849833955,-6.75571558886848
132,2.7,8.9,75.8020164978645,82.9895087687775,-7.18749227091295,83.8123845004592,-12.3952247842999
132,1.6,8.9,70.4242377534317,79.8512544195623,-9.42701666613064,79.3813966870659,-9.38344890767048
132,0.9,8.9,66.8587812425994,76.251397873847,-9.39261663124762,78.7326189806447,-14.6766550991845
132,0.5,8.9,61.1937393996992,72.4696838481815,-11.2759444484822,72.7619537077653,-9.59899471687785
132,0.3,8.9,57.6848879076279,69.1497196794621,-11.4648317718342,70.9216886230443,-11.4360715127482
132,0.17,8.9,52.7294113383906,65.4810714191478,-12.7516600807572,66.8317006407683,-13.6353129607416
132,0.1,8.9,48.2758160490642,62.1287181563294,-13.8529021072652,61.6466965452611,-17.1462370300971
132,0,8.9,32.6664525479024,32.6664525479024,0,32.6664525479024,0
132,25,12.5,99.188512126767,95.1131404603638,4.07537166640314,96.0491905504916,2.6026480477518
132,14.4,12.5,96.1492124765017,93.0629416002387,3.08627087626299,91.1748661779821,5.76159215408361
132,8.3,12.5,91.9815743758452,90.8076279173228,1.17394645852236,88.7916295619131,3.53248897569493
132,4.8,12.5,85.4189672867873,88.3685490726842,-2.9495817858969,85.884854279557,-0.0852585535365449
132,2.7,12.5,79.8724294214334,85.6122303076518,-5.73980088621844,84.0927996271487,-4.29503206644267
132,1.6,12.5,75.3658054635253,82.9576050371713,-7.591799573646,79.7517581046117,-5.80627256735445
132,0.9,12.5,70.9024436124811,79.9123138531578,-9.0098702406767,79.1087719634977,-7.86588303615134
132,0.5,12.5,66.5946164613778,76.7130058759342,-10.1183894145564,73.180010824262,-6.49905699392835
132,0.3,12.5,62.8400439802619,73.9042323602933,-11.0641883800314,71.4011280613966,-10.9183040235036
132,0.17,12.5,57.931533161546,70.8003979504505,-12.8688647889044,67.3762654397291,-8.41453303243559
132,0.1,12.5,54.4956310443395,67.9641441211821,-13.4685130768427,62.2697035093817,-6.5880384600369
132,0,12.5,33.7547834777225,33.7547834777225,0,33.7547834777225,0
132,25,17.8,99.8787518761157,96.2711321472913,3.60761972882446,97.3803562755539,2.07469648999536
132,14.4,17.8,98.6575726009409,94.709981289152,3.94759131178887,94.2021948234692,4.62327400471364
132,8.3,17.8,96.8570353905916,92.9921004228821,3.86493496770954,92.6363760671779,5.20547748467084
132,4.8,17.8,93.9391870632596,91.1336908971289,2.80549616613065,90.7161000583523,3.07417671537093
132,2.7,17.8,89.6530962453963,89.0329735428751,0.620122702521157,89.5437145398749,0.0270873345685246
132,1.6,17.8,86.2277330090322,87.009258388139,-0.781525379106803,86.6758123097434,0.765941975742992
132,0.9,17.8,80.5888835967836,84.6872230449944,-4.09833944821079,86.2975714296022,-6.66441712020162
132,0.5,17.8,77.1897258769071,82.2472904833128,-5.05756460640566,82.2902968816284,-6.57794305510115
132,0.3,17.8,73.6312651791583,80.1049048964439,-6.47363971728562,81.1951885685014,-4.33818932238416
132,0.17,17.8,69.9785451092955,77.7372484287396,-7.75870331944412,78.5422438197348,-9.6332922996869
132,0.1,17.8,68.67640485851,75.573603118208,-6.89719825969799,75.1876467186836,-5.94423144446468
132,0,17.8,56.4385508896638,56.4385508896638,0,56.4385508896638,0
132,25,25,99.7846740605648,97.4843731011286,2.30030095943618,98.5112068556513,0.962375189817607
132,14.4,25,99.4204564013845,96.4342467119683,2.98620968941615,96.6912679424057,2.6686802877022
132,8.3,25,98.8236841345898,95.27823562658,3.54544850800978,95.7991711522721,3.33826712423306
132,4.8,25,97.876057672575,94.0271880110346,3.84886966154041,94.7033830452336,3.72976165336785
132,2.7,25,96.2607694910627,92.61251607823,3.64825341283267,94.0388772773328,1.80481509614598
132,1.6,25,94.0894562061057,91.2492658978155,2.84019030829025,92.4012823492421,0.0432873956972429
132,0.9,25,91.4347335625415,89.6846202750938,1.75011328744778,92.1771123604512,-0.707417652809582
132,0.5,25,87.7647444606234,88.0401291004153,-0.275384639791926,89.9389782482644,-1.27449307807842
132,0.3,25,85.125168135583,86.5959214643869,-1.47075332880386,89.2802160196333,-6.54623418210299
132,0.17,25,82.7440372172382,84.9996598911733,-2.25562267393511,87.7756327467198,-5.29513012105249
132,0.1,25,81.9254941642023,83.5408395956414,-1.61534543143909,85.8588094983549,-3.57151386842528
132,0,25,75.1724674445199,75.1724674445199,0,75.1724674445199,0
132,25,50,99.5654454371167,99.8203121870068,-0.25486674989013,99.7889106559734,-0.179524880139127
132,14.4,50,99.5282409478376,99.7446663833238,-0.216425435486235,99.5269837223644,0.0586524794974622
132,8.3,50,99.5162903873313,99.6616590494784,-0.145368662147075,99.398642571477,0.0809493630706285
132,4.8,50,99.2744841910458,99.5720909618469,-0.297606770801144,99.2397321102515,0.180213620277512
132,2.7,50,98.9017848321648,99.471080721605,-0.569295889440212,99.1531526495581,0.157924643087995
132,1.6,50,98.5467702935326,99.3739647580517,-0.827194464519091,98.9188068596503,0.331530167576967
132,0.9,50,98.5164469981987,99.2627140225384,-0.746267024339691,98.8807847096048,-0.394735140489495
132,0.5,50,98.0761117288459,99.1459696527254,-1.06985792387947,98.5691248405025,-0.824722799540696
132,0.3,50,97.7393115781609,99.0435508384334,-1.30423926027245,98.4696662291349,-0.0708494563896352
132,0.17,50,95.8041384497972,98.9304156138042,-3.12627716400708,98.2588377170949,-3.14535432952841
132,0.1,50,94.4339010305377,98.8270395055379,-4.39313847500014,97.9828293529416,-4.93557704357396
132,0,50,96.45814465053,96.45814465053,0,96.45814465053,0
137,25,0,96.7865165298285,96.7865165298285,0,96.7865165298285,0
137,14.4,0,95.2685099735957,95.2685099735957,0,95.2685099735957,0
137,8.3,0,93.4519925884056,93.4519925884056,0,93.4519925884056,0
137,4.8,0,92.1993443900791,92.1993443900791,0,92.1993443900791,0
137,2.7,0,90.8747664682057,90.8747664682057,0,90.8747664682057,0
137,1.6,0,82.4456902839851,82.4456902839851,0,82.4456902839851,0
137,0.9,0,73.6104466297049,73.6104466297049,0,73.6104466297049,0
137,0.5,0,52.8591688780761,52.8591688780761,0,52.8591688780761,0
137,0.3,0,35.0628343638767,35.0628343638767,0,35.0628343638767,0
137,0.17,0,27.9138075656218,27.9138075656218,0,27.9138075656218,0
137,0.1,0,19.4120565092595,19.4120565092595,0,19.4120565092595,0
137,0,0,0,0,0,0,0
137,25,0.83,96.7963417590775,96.409590537134,0.386751221943571,96.4670432591815,0.994158129206426
137,14.4,0.83,95.29554883634,95.7535752969891,-0.458026460649168,94.7990399615894,1.3236370606668
137,8.3,0.83,93.302669110057,94.5041680120403,-1.20149890198327,92.7972234640644,1.42784554014166
137,4.8,0.83,90.851101960362,92.1731056532285,-1.3220036928665,91.404046539341,-1.85880731468359
137,2.7,0.83,85.9772813568602,87.6381862608087,-1.66090490394842,90.0217855911772,-6.42768291245622
137,1.6,0.83,75.6357748976596,80.5289914857642,-4.89321658810459,80.6423480356973,-7.66880192374657
137,0.9,0.83,63.6153808695579,68.2743065888028,-4.65892571924488,70.994064910197,-17.0175769438448
137,0.5,0.83,42.9009449027762,51.2763642245664,-8.37541932179022,48.1764465684582,-14.7815827348814
137,0.3,0.83,25.8132952597847,35.263076333419,-9.44978107363431,28.4927897241864,-9.60507511950006
137,0.17,0.83,17.02899537945,19.7640091555932,-2.7350137761432,20.6964549367259,-32.4847071228537
137,0.1,0.83,9.7482226372786,9.32098659579235,0.427236041486245,11.4986104888235,3.18382732604401
137,0,0.83,-9.90269926650118,-9.90269926650118,0,-9.90269926650118,0
137,25,1.6,96.4797025149723,96.4102449760968,0.0694575388755297,96.4889874207031,1.26546114836523
137,14.4,1.6,94.854911854012,95.7543835260944,-0.899471672082422,94.8378925319762,-0.280473948936596
137,8.3,1.6,92.7751448394337,94.505259722061,-1.73011488262727,92.842679368624,-0.3265289231564
137,4.8,1.6,90.3028672400275,92.1747075502054,-1.87184031017795,91.4546855583984,-3.39556670876855
137,2.7,1.6,85.4599462723966,87.6407415031851,-2.18079523078855,90.019918943114,-8.4428075037596
137,1.6,1.6,74.7670771128072,80.5329832039314,-5.76590609112417,80.9226358681339,-9.50485887778891
137,0.9,1.6,60.1869975565754,68.2806905230085,-8.09369296643309,71.0706594243497,-22.66019650873
137,0.5,1.6,39.5411646153953,51.2860014174472,-11.7448368020519,48.454640181149,-25.8343142038512
137,0.3,1.6,23.9133381426421,35.2757856422662,-11.3624474996241,29.0727799618244,-11.8329690550387
137,0.17,1.6,15.407057274027,19.7797455758905,-4.37268830186351,21.2917409637787,-21.9858303912639
137,0.1,1.6,8.53978484517782,9.33881008493305,-0.79902523975523,11.9414690708561,-18.5285796224345
137,0,1.6,-9.38678679914087,-9.38678679914087,0,-9.38678679914087,0
137,25,3.15,95.1190313237163,96.4134688681202,-1.2944375444039,96.5724460711672,0.826369965016575
137,14.4,3.15,93.7762034254407,95.7583260873447,-1.98212266190405,94.9532067834567,0.287874276416586
137,8.3,3.15,92.1769850304207,94.5105343845085,-2.33354935408773,93.0158476956967,0.657386430124933
137,4.8,3.15,90.4841951972904,92.1823943750688,-1.69819917777842,91.680015263595,-2.87716286843593
137,2.7,3.15,86.8155031186368,87.6529671591153,-0.837464040478449,90.2663505030912,-6.3479675619091
137,1.6,3.15,77.589538816322,80.5520961496703,-2.96255733334828,81.2786634744022,-11.135695628699
137,0.9,3.15,64.5999312424247,68.3113482532071,-3.71141701078241,71.8558498661667,-14.7059624169282
137,0.5,3.15,41.9375969222359,51.3324299496893,-9.39483302745343,49.7245504905057,-18.2507089697356
137,0.3,3.15,20.0940960347897,35.3371196808823,-15.2430236460925,30.7368547676059,-40.5500071040732
137,0.17,3.15,13.6432466801458,19.8557356110233,-6.21248893087746,23.1212633264218,-18.5863949443428
137,0.1,3.15,8.09774919925541,9.42486591797188,-1.32711671871646,14.0523512327645,-11.4632541724378
137,0,3.15,-6.66045873986648,-6.66045873986648,0,-6.66045873986648,0
137,25,6.3,99.1325883129277,96.4330834169215,2.69950489600622,95.9295306096736,1.68484303717136
137,14.4,6.3,96.6765463358915,95.7819230536182,0.894623282273319,94.0012587400999,1.92940375026368
137,8.3,6.3,93.5399712719367,94.5415992633462,-1.00162799140948,91.6834982923805,0.598475247585992
137,4.8,6.3,90.0037233761328,92.2271528088703,-2.22342943273754,90.0948313302056,-0.40035614121735
137,2.7,6.3,84.3299477942202,87.7238481060723,-3.39390031185202,88.4714734088506,-1.56594030095678
137,1.6,6.3,73.8035335143613,80.6631395891418,-6.85960607478053,77.7610040452139,-3.29391898248902
137,0.9,6.3,62.1438977701895,68.4904458156679,-6.34654804547842,66.4388308403102,-11.432467307295
137,0.5,6.3,44.566742785798,51.6049652528929,-7.03822246709496,40.4454466503833,-23.7669676743232
137,0.3,6.3,28.5889226319367,35.6977280203697,-7.10880538843308,17.6328999529586,4.59002790825575
137,0.17,6.3,17.7806550293378,20.3022657021546,-2.52161067281678,8.62704674384793,3.93371689727287
137,0.1,6.3,8.33387931451589,9.92984076099907,-1.59596144648319,-1.94881654766104,7.9476171986885
137,0,6.3,-26.6891327862446,-26.6891327862446,0,-26.6891327862446,0
137,25,8.9,94.9817645689381,96.472665115026,-1.49090054608786,97.1371712973057,1.38881191212937
137,14.4,8.9,93.9328871574463,95.8289477034815,-1.89606054603523,95.7791563138442,0.630696239083777
137,8.3,8.9,92.6084226695658,94.6027296625866,-1.99430699302075,94.1710015251264,0.74115849040695
137,4.8,8.9,91.3037843296067,92.3144406556628,-1.01065632605605,93.042879429145,-4.55295032864966
137,2.7,8.9,88.6351307026211,87.8616376732911,0.773493029330038,91.8256801053406,-7.92778068425048
137,1.6,8.9,79.630869882973,80.8794360039031,-1.2485661209301,84.3133280654189,-11.8350964891442
137,0.9,8.9,65.0615981003644,68.8408934831951,-3.77929538283071,76.3515294837647,-20.5543456310832
137,0.5,8.9,42.4940444290357,52.1401025573008,-9.64605812826508,58.0929715217694,-20.0210663344568
137,0.3,8.9,27.6401756628626,36.4062149706075,-8.7660393077448,42.1281561269705,-24.6149254477927
137,0.17,8.9,20.642082287808,21.1784466343303,-0.536364346522211,35.6673388069322,-42.1272834361075
137,0.1,8.9,15.6754500322121,10.9190276000065,4.75642243220566,28.1569658055,-47.8049064992177
137,0,8.9,10.881529616187,10.881529616187,0,10.881529616187,0
137,25,12.5,97.5603865913343,96.5953159171168,0.965070674217509,96.5459655845033,2.45158453541684
137,14.4,12.5,96.4005668141332,95.974041068414,0.426525745719232,94.91658086796,3.04087092661726
137,8.3,12.5,94.6570596748865,94.7903728207551,-0.133313145868622,92.9598782312316,2.64536559024528
137,4.8,12.5,92.0797504814638,92.5810752707976,-0.501324789333751,91.6193586765009,0.488321850826279
137,2.7,12.5,88.083635875188,88.2810600459452,-0.197424170757135,90.1871700172522,-3.48196475602102
137,1.6,12.5,79.1126415670194,81.5368674786712,-2.42422591165173,81.1627756442871,-8.20176561566516
137,0.9,12.5,68.9347005421646,69.9056636571689,-0.970963115004249,71.6125579704675,-5.20021396941694
137,0.5,12.5,48.2101047030045,53.7656232285242,-5.5555185255197,49.3438041588643,-1.76851670911894
137,0.3,12.5,26.8967952284566,38.5572363329133,-11.6604411044566,30.2304842377547,-28.9212348315491
137,0.17,12.5,17.0099329556725,23.8372787377771,-6.82734578210458,22.4647518493335,-16.242418174497
137,0.1,12.5,10.533148154661,13.9205253837492,-3.38737722908817,13.3936228077483,-10.1903058321238
137,0,12.5,-7.52194801855823,-7.52194801855823,0,-7.52194801855823,0
137,25,17.8,98.825741500708,97.6026604122627,1.22308108844529,97.7775099519963,1.67876119496505
137,14.4,17.8,97.9762750002988,97.1651009567588,0.81117404353998,96.7564220574689,1.63831461054006
137,8.3,17.8,96.8679587694805,96.3292500192885,0.538708750191903,95.4882848769262,1.70768113843742
137,4.8,17.8,95.0576286784546,94.765443787572,0.292184890882592,94.61521421097,0.614854997802846
137,2.7,17.8,91.1152337501331,91.7154848677894,-0.600251117656235,93.7138199388102,-1.85070319373225
137,1.6,17.8,86.2892611354202,86.9247986053629,-0.635537469942673,87.8807887613225,-1.75279414697869
137,0.9,17.8,78.3727626954094,78.6561311631544,-0.283368467745011,82.0538942939322,-2.8537816334648
137,0.5,17.8,57.8662216301179,67.1835215881413,-9.31729995802339,66.8854260512984,-13.9774575512869
137,0.3,17.8,49.7153226092585,56.3857887586207,-6.6704661493622,55.2284226691921,7.31733540036274
137,0.17,17.8,42.8894305491032,45.9596268411306,-3.07019629202733,50.0588838576395,-21.8287067334495
137,0.1,17.8,40.7495727239085,38.9613922217228,1.78818050218565,44.2970401135159,-8.29910049817129
137,0,17.8,30.9061677143461,30.9061677143461,0,30.9061677143461,0
137,25,25,96.5721663876272,99.0038094076964,-2.43164302006911,99.0033569370384,0.506609548058341
137,14.4,25,96.0784509917109,98.815653743259,-2.73720275154805,98.528591950667,-0.506123145383779
137,8.3,25,96.0331385019981,98.4604200471292,-2.42728154513111,97.9853987052682,0.900586979396627
137,4.8,25,95.3029014589458,97.8038696502861,-2.50096819134031,97.4309785330002,-0.160346890702718
137,2.7,25,91.9004249615807,96.5395826558078,-4.63915769422705,97.2219177327518,-4.3703375982342
137,1.6,25,89.3236413047066,94.5765164433381,-5.25287513863152,94.3157455526974,-4.39865194353833
137,0.9,25,84.045124810988,91.21836025128,-7.17323544029192,92.5922239615199,-3.51432905374587
137,0.5,25,74.7369366502076,86.5743254898865,-11.8373888396789,84.7513991698107,-11.5783444451089
137,0.3,25,69.6272900301974,82.1843354128559,-12.5570453826585,80.4045184209518,-9.63001372033888
137,0.17,25,61.3537678847491,77.9018672625567,-16.5480993778076,78.1134201467815,-9.20529158057004
137,0.1,25,70.1996732364978,74.9911421210506,-4.79146888455276,75.3283051122598,-1.46549308477792
137,0,25,69.2008475913751,69.2008475913751,0,69.2008475913751,0
137,25,50,99.6172678395804,99.5714715389653,0.0457963006150507,99.5663786887587,0.125957955481091
137,14.4,50,99.3194900798081,99.4861075136655,-0.16661743385735,99.3444123529331,0.211542174487259
137,8.3,50,99.4212592516392,99.3270336206814,0.0942256309577402,99.0992823752609,0.437491282538666
137,4.8,50,99.1484592375393,99.0369647840381,0.111494453501143,98.8863920052561,0.433493951864749
137,2.7,50,96.4010308750133,98.4861515678625,-2.08512069284916,98.8478642927554,0.411048164379346
137,1.6,50,94.305923867506,97.6417590336645,-3.33583516615844,97.6781354707319,1.45824538212795
137,0.9,50,90.7398941650648,96.2121466241236,-5.47225245905882,96.3415164514115,1.78295924253774
137,0.5,50,84.4644282098243,94.2449489648625,-9.78052075503821,93.7509641277187,2.87728589486971
137,0.3,50,84.7158118946757,92.378990693564,-7.66317879888836,91.178692901793,7.26309144414024
137,0.17,50,78.0123062949303,90.5366134974322,-12.5243072025019,90.4851933998143,7.90682991723088
137,0.1,50,86.1383614792847,89.2601995809227,-3.12183810163795,89.1550221488092,8.55582531479594
137,0,50,86.4831414614109,86.4831414614109,0,86.4831414614109,0
143,25,0,98.6142729800011,98.6142729800011,0,98.6142729800011,0
143,14.4,0,97.8525831122698,97.8525831122698,0,97.8525831122698,0
143,8.3,0,97.084737240232,97.084737240232,0,97.084737240232,0
143,4.8,0,84.2104543661476,84.2104543661476,0,84.2104543661476,0
143,2.7,0,71.4761718907587,71.4761718907587,0,71.4761718907587,0
143,1.6,0,52.2941064207666,52.2941064207666,0,52.2941064207666,0
143,0.9,0,45.0149980325188,45.0149980325188,0,45.0149980325188,0
143,0.5,0,35.2304059303467,35.2304059303467,0,35.2304059303467,0
143,0.3,0,34.7906875690419,34.7906875690419,0,34.7906875690419,0
143,0.17,0,27.1776412606146,27.1776412606146,0,27.1776412606146,0
143,0.1,0,26.1944074472388,26.1944074472388,0,26.1944074472388,0
143,0,0,0,0,0,0,0
143,25,0.83,101.77878973565,104.427906233005,-2.64911649735561,98.760817751818,0.0588911931191191
143,14.4,0.83,97.9275773027506,97.5558308730526,0.371746429698005,98.0797182835547,0.0343844914445796
143,8.3,0.83,93.6344108158628,89.6151805262465,4.0192302896163,97.3926877518681,0.841737860486157
143,4.8,0.83,83.5096995253952,80.8342040182743,2.67549550712083,85.8733874695234,0.657410453796521
143,2.7,0.83,70.695758987288,70.9941774555134,-0.298418468225424,74.5082190280531,-8.37529265100102
143,1.6,0.83,56.3655231961191,61.8889518378252,-5.5234286417061,57.3345130325475,-2.66258573131863
143,0.9,0.83,47.4449764815475,52.1733452237553,-4.72836874220786,50.8315264165979,-4.42145316407138
143,0.5,0.83,37.9829071756958,43.0195731418585,-5.03666596616272,42.0819246676966,-4.11329320154699
143,0.3,0.83,34.3987273919832,35.9600281289225,-1.56130073693931,41.6869928094971,-9.12349150834068
143,0.17,0.83,27.579480183097,29.2315004302607,-1.65202024716366,34.879375745647,-3.74189418487078
143,0.1,0.83,24.9008569702591,24.0260394308092,0.874817539449901,34.0023288531585,-2.24653252094023
143,0,0.83,10.5784850587314,10.5784850587314,0,10.5784850587314,0
143,25,1.6,101.766831730046,104.427905996469,-2.66107426642357,98.6852163125375,0.06694337210767
143,14.4,1.6,98.0763552449554,97.5558310082976,0.520524236657754,97.9626886617481,0.243313227311812
143,8.3,1.6,94.0068316283894,89.6151810859004,4.39165054248902,97.2340408399288,0.0994591469683613
143,4.8,1.6,84.9982552284195,80.8342050420189,4.16405018640058,85.0140634148148,2.37467885962368
143,2.7,1.6,71.6720217786174,70.9941789942032,0.677842784414295,72.9343825926723,-0.118489905777911
143,1.6,1.6,57.7405842795375,61.8889538494142,-4.14836956987673,54.7421608032589,-0.243894358156917
143,0.9,1.6,48.3695496762781,52.173347737438,-3.8037980611599,47.824289858725,-2.25801444607508
143,0.5,1.6,38.8021017785354,43.0195761275113,-4.21747434897586,38.5407912555779,0.840127458397583
143,0.3,1.6,34.9029339831706,35.9600314787617,-1.05709749559112,38.1245743761795,-2.29321712590555
143,0.17,1.6,27.6944033247434,29.2315041282057,-1.53710080346228,30.9021572893114,-1.49080633409462
143,0.1,1.6,24.6013972423151,24.0260433993646,0.57535384295043,29.9669386391713,0.75655748256265
143,0,1.6,5.11079255727396,5.11079255727396,0,5.11079255727396,0
143,25,3.15,101.338400374913,104.427885946942,-3.08948557202887,98.7309326473696,-0.0181830361128959
143,14.4,3.15,98.9796731816876,97.5558424451254,1.4238307365623,98.0328947344117,0.282093247053848
143,8.3,3.15,95.8728169701152,89.6152285403765,6.25758842973876,97.3304048184193,1.03850221216172
143,4.8,3.15,88.4826495513386,80.8342919564165,7.6483575949221,85.5533938560214,6.70307291684042
143,2.7,3.15,74.4783127017174,70.99430976484,3.48400293687739,73.8536682822814,0.195426508689854
143,1.6,3.15,60.3708782522024,61.8891249451688,-1.51824669296638,56.3487189524414,6.43744110559519
143,0.9,3.15,48.2426182559649,52.1735616808788,-3.9309434249139,49.6599000470752,-3.87270287957101
143,0.5,3.15,37.8525424662016,43.0198303597065,-5.16728789350486,40.6993566946423,-7.91135227686163
143,0.3,3.15,33.1894508742811,35.9603167927689,-2.77086591848779,40.2882498556549,-6.66542144891461
143,0.17,3.15,25.9525761992031,29.2318191337794,-3.27924293457631,33.3488887830276,-7.00478251329887
143,0.1,3.15,23.0144293951566,24.0263814649829,-1.01195206982628,32.4259638649242,-3.57634543328267
143,0,3.15,8.43333579082769,8.43333579082769,0,8.43333579082769,0
143,25,6.3,101.992828016694,104.425700247034,-2.43287223034016,98.6291882518548,0.389130664991781
143,14.4,6.3,99.4918832607111,97.5570839026546,1.93479935805656,97.8756644430849,0.98956352010651
143,8.3,6.3,96.3773899096949,89.6204032128513,6.75698669684358,97.1158399553046,1.48397222116184
143,4.8,6.3,90.6340790752093,80.843788801349,9.79029027386025,84.3790164107592,9.20665845295005
143,2.7,6.3,79.514387695158,71.0086231509787,8.50576454417925,71.7848098139067,11.2246627267967
143,1.6,6.3,67.8576792956616,61.907876072126,5.94980322353561,52.8074473715778,10.2953808580365
143,0.9,6.3,53.2278316198533,52.1970343837691,1.03079723608418,45.6062633965559,5.26246509704983
143,0.5,6.3,43.7596222045653,43.0477452327295,0.711876971835795,35.9276135391256,6.53491351918808
143,0.3,6.3,37.6958976741078,35.9916580127078,1.70423966140003,35.492123895228,-2.06010704096841
143,0.17,6.3,30.3679187904907,29.2664307107049,1.10148807978581,27.9610419128109,3.94835582309682
143,0.1,6.3,25.9081817027463,24.0635294984043,1.84465220434199,26.9887492490799,4.394711077238
143,0,6.3,1.07603868093449,1.07603868093449,0,1.07603868093449,0
143,25,8.9,101.481625602164,104.403229641924,-2.92160403975991,98.6804736148095,0.623688220004496
143,14.4,8.9,99.7716299590868,97.569775187122,2.20185477196485,97.9538367139871,1.01759494687222
143,8.3,8.9,97.5577605472298,89.6735407925133,7.88421975471654,97.2267257899164,1.80445210811111
143,4.8,8.9,93.4865516266714,80.9414667807956,12.5450848458758,84.9496511341065,11.3554762182409
143,2.7,8.9,85.552464125763,71.1560295033471,14.3964346224159,72.7461948625956,13.3829195472611
143,1.6,8.9,75.9371666907926,62.1011663652419,13.8360003255507,54.5356361546969,22.4407731572399
143,0.9,8.9,61.507021586389,52.4391905760214,9.06783101036759,47.6162703687237,9.13221453324641
143,0.5,8.9,52.2270758112778,43.3358970864535,8.89117872482425,38.3194067697753,12.3821460011514
143,0.3,8.9,45.3050915264218,36.3152848798388,8.98980664658302,37.8941777695529,10.314579089001
143,0.17,8.9,38.2841939307208,29.6239002243384,8.66029370638243,30.628943580595,8.38655388982688
143,0.1,8.9,32.5709984869694,24.4472238957172,8.12377459125225,29.706043605897,2.62733273493407
143,0,8.9,4.75939686882227,4.75939686882227,0,4.75939686882227,0
143,25,12.5,101.513195807864,104.159136608241,-2.64594080037659,98.7925828932166,0.626522155567027
143,14.4,12.5,100.083083139107,97.7063138742167,2.37676926488993,98.1290844095255,1.38227612974702
143,8.3,12.5,98.3304790934697,90.2489559974984,8.08152309597133,97.4596926762193,1.77722575281433
143,4.8,12.5,95.4749653332293,82.0012476284583,13.473717704771,86.2472758444243,11.5227192043539
143,2.7,12.5,90.6844492585762,72.7576520039356,17.9267972546406,75.1429705416198,17.6528279876085
143,1.6,12.5,84.0715266743415,64.2034990806744,19.8680275936671,58.4390404591885,26.8589439261868
143,0.9,12.5,74.1322280750995,55.0753202389255,19.056907836174,52.0847835604888,19.6251117103243
143,0.5,12.5,65.8732938747433,46.4747299859138,19.3985638888295,43.5597790711405,17.6724691677123
143,0.3,12.5,61.4174258953943,39.8418248265071,21.5756010688872,43.1778876458014,15.5454920978597
143,0.17,12.5,54.7363537218787,33.5201282762766,21.2162254456021,36.5399606011031,19.9457010611875
143,0.1,12.5,49.3568216627779,28.6296782587195,20.7271434040583,35.6857180747595,16.37452076167
143,0,12.5,12.8588202331603,12.8588202331603,0,12.8588202331603,0
143,25,17.8,100.447438637163,102.329183367805,-1.88174473064186,99.297887757518,0.349822834875806
143,14.4,17.8,99.9578904149939,98.7149207636544,1.24296965133947,98.9119963498607,0.601827927279913
143,8.3,17.8,99.2976601446994,94.5378990811749,4.75976106352455,98.5229531014087,0.98029911011471
143,4.8,17.8,98.0316535139954,89.9180944276642,8.11355908633111,91.9999436507885,6.96908312412067
143,2.7,17.8,96.079958353862,84.7403997013455,11.3395586525164,85.5479935552507,12.2151758725608
143,1.6,17.8,92.8011316354904,79.9488706283099,12.8522610071805,75.8287945581084,19.4953845448719
143,0.9,17.8,88.4364750765404,74.8358256780196,13.6006493985208,72.1408306961724,16.5451051263081
143,0.5,17.8,82.4341272203426,70.0183560438197,12.415771176523,67.182870840588,12.5419459555159
143,0.3,17.8,82.01082580474,66.3031088731162,15.7077169316238,66.960315776404,17.2412411310983
143,0.17,17.8,76.0825390248374,62.762245421049,13.3202936037884,63.1028250060873,11.2306540629151
143,0.1,17.8,73.8051438317067,60.0231039502162,13.7820398814905,62.6047640543527,12.1958326715076
143,0,17.8,49.3327953688974,49.3327953688974,0,49.3327953688974,0
143,25,25,99.5709964427135,100.356389351525,-0.785392908811923,99.9119737480354,-0.241235828435514
143,14.4,25,99.5533661117345,99.8002057954201,-0.246839683685596,99.8635584369969,-0.21804796829492
143,8.3,25,99.4956980409981,99.1584908795762,0.337207161421878,99.815115556103,-0.273087923107514
143,4.8,25,99.1932403313131,98.4498539008755,0.743386430437562,98.9736346366628,0.310513905622574
143,2.7,25,98.7612068482718,97.6567522352809,1.10445461299093,98.1946717835097,0.570969424228775
143,1.6,25,97.1125395033239,96.9236158071678,0.188923696156095,96.9613463133191,0.278448500202424
143,0.9,25,94.6661465437684,96.1418995395914,-1.47575299582299,96.5171164944906,-2.88319817084614
143,0.5,25,91.9909522793401,95.4057065866041,-3.41475430726403,95.8879997562915,-4.64372476900077
143,0.3,25,93.1231209567703,94.8379956500704,-1.71487469330005,95.8654065002545,-5.04915238259051
143,0.17,25,91.3771860028416,94.2968031333551,-2.91961713051353,95.3831922837084,-5.53751921354402
143,0.1,25,91.7620938369833,93.8779371071615,-2.11584327017826,95.3179865781597,-4.79019787935726
143,0,25,93.655725981948,93.655725981948,0,93.655725981948,0
143,25,50,99.6970723698397,100.006968531517,-0.309896161677531,99.9845937398578,-0.221162872456951
143,14.4,50,99.7090174160565,99.995033359232,-0.2860159431756,99.9760139122875,-0.266737685039976
143,8.3,50,99.6932850382781,99.9813233351709,-0.288038296892789,99.9673547201953,-0.300746436172098
143,4.8,50,99.6618081218316,99.9662542131215,-0.304446091289978,99.820475930025,-0.292898821087211
143,2.7,50,99.7231338708066,99.9494728150618,-0.226338944255143,99.6875929892455,-0.197455817198139
143,1.6,50,100.090326999058,99.9340361813209,0.156290817737043,99.4704193357026,-0.128823063571768
143,0.9,50,98.5457416659685,99.9176541940536,-1.37191252808512,99.3881607807186,-1.0248816920815
143,0.5,50,98.3773893327041,99.90229605873,-1.52490672602588,99.2798668929855,-2.05864518574532
143,0.3,50,97.8159141020878,99.8904959172502,-2.07458181516236,99.2746431152103,-1.48069909487937
143,0.17,50,98.371032201318,99.8792783879418,-1.50824618662377,99.1911454935337,-1.52696827901645
143,0.1,50,98.0833736493089,99.8706141058298,-1.78724045652094,99.1792173642885,-2.00348775738077
143,0,50,98.887831424434,98.887831424434,0,98.887831424434,0
180,25,0,87.155323143603,87.155323143603,0,87.155323143603,0
180,14.4,0,75.6355939019421,75.6355939019421,0,75.6355939019421,0
180,8.3,0,61.7819923577888,61.7819923577888,0,61.7819923577888,0
180,4.8,0,49.5587460368611,49.5587460368611,0,49.5587460368611,0
180,2.7,0,32.2086417437423,32.2086417437423,0,32.2086417437423,0
180,1.6,0,24.2709887333682,24.2709887333682,0,24.2709887333682,0
180,0.9,0,19.6420752732594,19.6420752732594,0,19.6420752732594,0
180,0.5,0,7.10140754934423,7.10140754934423,0,7.10140754934423,0
180,0.3,0,0.248269772901429,0.248269772901429,0,0.248269772901429,0
180,0.17,0,9.38668357249661,9.38668357249661,0,9.38668357249661,0
180,0.1,0,7.02470181987535,7.02470181987535,0,7.02470181987535,0
180,0,0,0,0,0,0,0
180,25,0.83,88.0375785549123,86.7441899394862,1.29338861542614,86.824104472764,0.537091255043219
180,14.4,0.83,76.5537741671208,75.1542657934455,1.39950837367537,75.0195795551853,1.51686216109753
180,8.3,0.83,62.1797057989287,61.3170110003967,0.862694798531991,60.8139087962918,2.89469316251406
180,4.8,0.83,47.9143516321116,46.7064920790001,1.2078595531115,48.2807885412039,-3.44289644065906
180,2.7,0.83,31.2282573854687,32.4907814547238,-1.26252406925504,30.4968138059675,1.10007186936173
180,1.6,0.83,21.4418928744936,21.9634692253049,-0.52157635081131,22.3484952134288,-6.82869521299021
180,0.9,0.83,14.7018448511418,13.4918279793589,1.21001687178287,17.6116240556636,-4.09630632120118
180,0.5,0.83,5.67420801566473,7.75599604026305,-2.08178802459832,4.75218135715727,-0.221971443529275
180,0.3,0.83,0.840806171717342,4.54418080257181,-3.70337463085447,-2.27630437538211,2.44035318024275
180,0.17,0.83,4.50818979356576,2.27994715963086,2.2282426339349,7.07323548297305,-8.25760680413476
180,0.1,0.83,2.8558257386887,0.974803854720163,1.88102188396853,4.67449899534024,-6.57649099248527
180,0,0.83,-2.52964255518133,-2.52964255518133,0,-2.52964255518133,0
180,25,1.6,89.4525294014678,86.7529021643543,2.69962723711349,86.7265091629837,2.29789412736851
180,14.4,1.6,77.5279084805864,75.1700314629446,2.35787701764184,74.8251650922594,3.84934879832519
180,8.3,1.6,62.9457668464397,61.3415496358111,1.60421721062864,60.5540700116783,1.3261935721216
180,4.8,1.6,48.8040269289754,46.7405791563124,2.063447772663,47.8470359274613,1.18345202865801
180,2.7,1.6,32.4907063205226,32.5342835058585,-0.0435771853358926,29.9286552756943,1.83481556667593
180,1.6,1.6,22.800886777363,22.0139067477556,0.786980029607366,21.7275845711142,1.51061364238845
180,0.9,1.6,15.9483831014398,13.5477420508279,2.40064105061182,16.9396769704157,-6.99427911311149
180,0.5,1.6,6.64361557837903,7.81551807749189,-1.17190249911286,3.96100227254344,4.20257119541967
180,0.3,1.6,1.5351093936215,4.60566740182268,-3.07055800820117,-3.09094390981032,3.10871518617031
180,0.17,1.6,4.91913972778002,2.34278295349589,2.57635677428413,6.35338328212493,-5.3988451672987
180,0.1,1.6,3.04653253139519,1.03839792574515,2.00813460565004,3.89961893541052,-4.04922765660106
180,0,1.6,-3.35134081748393,-3.35134081748393,0,-3.35134081748393,0
180,25,3.15,91.6538394097917,86.8100203939113,4.84381901588047,86.4892994471374,4.33649706436598
180,14.4,3.15,79.5627924151082,75.2743145266055,4.28847788850275,74.3708549211426,7.18346711988057
180,8.3,3.15,64.2870205230364,61.503785173908,2.78323534912839,59.7778973664778,3.81971062390714
180,4.8,3.15,49.146965499181,46.96534765202,2.18161784716102,46.933116135721,-0.468446742337838
180,2.7,3.15,32.5710448672505,32.8204964996234,-0.249451632372877,28.6800074913525,4.63390908813163
180,1.6,3.15,22.3714920059642,22.3454693936306,0.026022612333643,20.3368972862871,-1.40699692003455
180,0.9,3.15,15.2713435836149,13.9153282932514,1.3560152903635,15.4572181148107,-3.32036949749929
180,0.5,3.15,5.84957772914791,8.20704239342367,-2.35746466427576,2.2617478311874,2.99838290772836
180,0.3,3.15,0.693344938719212,5.01034430934572,-4.31699937062651,-4.94345544273885,5.24380569671292
180,0.17,3.15,4.00001866238293,2.75657104657037,1.24344761581256,4.68825777143068,-8.64729178844457
180,0.1,3.15,2.07259243749372,1.45735068625266,0.61524175124106,2.18138852609637,-1.64412989961252
180,0,3.15,-5.20766428339736,-5.20766428339736,0,-5.20766428339736,0
180,25,6.3,92.274253857193,87.2040458085484,5.07020804864458,87.4194224840415,5.60144238821686
180,14.4,6.3,85.5655303585519,76.0020346956926,9.56349566285934,76.050653485224,8.13334561136064
180,8.3,6.3,74.2042289272527,62.6356647056582,11.5685642215944,62.4473670723214,10.0044642166012
180,4.8,6.3,57.8088659784438,48.5287605787548,9.28010539968907,50.4675273592889,8.29830522777078
180,2.7,6.3,39.6226890820226,34.8060155394752,4.81667354254733,33.3854881528222,8.32672344382526
180,1.6,6.3,25.8614778380129,24.6431366196467,1.21834121836621,25.5856036872203,1.92953187734883
180,0.9,6.3,17.222662163303,16.4626270421825,0.760035121120455,21.0546993650675,-6.81573424756985
180,0.5,6.3,8.09474637215517,10.9218520192434,-2.82710564708821,8.73803630325299,-3.23221585403938
180,0.3,6.3,3.5249490731121,7.8181236389025,-4.2931745657904,1.99196166264671,-2.63061976793297
180,0.17,6.3,6.8588486969242,5.62936820556632,1.22948049135788,11.0828215632247,-7.29845209903663
180,0.1,6.3,5.10446813330038,4.3673458249284,0.737122308371973,8.64308454364444,-12.0368148536403
180,0,6.3,1.74573681617465,1.74573681617465,0,1.74573681617465,0
180,25,8.9,94.5564559572008,87.9138295004985,6.64262645670228,88.2415301779925,5.04359227743611
180,14.4,8.9,90.4176565489206,77.3241969744037,13.0934595745168,77.6284612473122,12.2893067550746
180,8.3,8.9,82.4299830448971,64.6922961545942,17.7376868903029,64.8897591959727,20.0444489728512
180,4.8,8.9,66.9836075773415,51.3638451414134,15.6197624359281,53.6851428078764,11.8490918687988
180,2.7,8.9,48.6169383682597,38.4000189019678,10.2169194662919,37.7489191754276,9.37646193852905
180,1.6,8.9,32.1124985882621,28.7990186969414,3.31347989132072,30.5103559067489,3.06357060951858
180,0.9,8.9,21.3591843290735,21.0698619493949,0.289322379678603,26.2240876476007,-7.24765768518376
180,0.5,8.9,12.7963968080101,15.8339130621025,-3.03751625409246,14.6997784791959,-1.21987557811241
180,0.3,8.9,8.67802688647314,12.9004737848061,-4.22244689833293,8.4175955485589,-2.69346395050862
180,0.17,8.9,11.1314713152956,10.8315322344125,0.299939080883103,16.8450737248394,-2.8657513764136
180,0.1,8.9,9.32116928045232,9.6384564296891,-0.317287149236769,14.620563045054,-3.54911480333317
180,0,8.9,8.18221912473314,8.18221912473314,0,8.18221912473314,0
180,25,12.5,96.1375383538476,89.453831412551,6.68370694129655,89.3055776221071,7.99956336042529
180,14.4,12.5,93.8190085917001,80.2119904812763,13.6070181104239,79.7055064518034,15.2028365054824
180,8.3,12.5,89.52081075249,69.1856986771046,20.3351120753854,68.1943940993446,18.9472215477934
180,4.8,12.5,79.8836636906359,57.550147147758,22.3335165428779,57.9910011220135,21.2790544789521
180,2.7,12.5,65.2772976536718,46.2326857826336,19.0446118710382,43.5400893689775,21.9836818682392
180,1.6,12.5,50.1323710048119,37.851432410854,12.280938593958,36.9040909329118,12.4102373686388
180,0.9,12.5,33.939253489715,31.1049870182746,2.83426647144042,33.0797662254934,2.77428088502794
180,0.5,12.5,24.6380919069722,26.5355471463699,-1.89745523939761,22.6401008825369,0.127201354888107
180,0.3,12.5,19.8236890304621,23.9760325615823,-4.15234353112024,16.917577694415,2.46396157153811
180,0.17,12.5,19.5778228539595,22.1712002379986,-2.59337738403915,24.5312339601734,-6.60963268259278
180,0.1,12.5,17.8041744033018,21.1306601816373,-3.32648577833552,22.570332588037,-6.66112755321557
180,0,12.5,16.7177192015915,16.7177192015915,0,16.7177192015915,0
180,25,17.8,96.976434262161,92.1720788701351,4.8043553920259,92.2714826571631,5.75379006081812
180,14.4,17.8,96.0710916846851,85.3338756026702,10.7372160820149,85.3523255084945,12.0657620105616
180,8.3,17.8,94.3841026526604,77.1602345839238,17.2238680687366,77.0526832665,18.3836567003671
180,4.8,17.8,90.8167482065319,68.5233320636089,22.2934161429231,69.6410717857967,20.5157183353683
180,2.7,17.8,83.1514830410831,60.1175965830095,23.0338864580736,59.22725788281,23.2586852780229
180,1.6,17.8,76.3932377229313,53.8940152896724,22.4992224332589,54.4549884604655,25.5241272260038
180,0.9,17.8,61.6254340619334,48.8884657348717,12.7369683270618,51.6663474505204,8.88815413901389
180,0.5,17.8,51.5337675784656,45.502230666634,6.03153691183153,44.1223007259605,8.41130959085755
180,0.3,17.8,44.8826179942762,43.6078617744535,1.27475621982266,40.0056467737237,4.34186302146723
180,0.17,17.8,42.0794907226787,42.2736665353767,-0.194175812697994,45.4830416374352,-2.19104710212694
180,0.1,17.8,41.3035367510799,41.5053798813875,-0.201843130307535,44.0813056801342,0.401649999374267
180,0,17.8,39.8611397292611,39.8611397292611,0,39.8611397292611,0
180,25,25,97.2449778701739,95.0160545670211,2.22892330315282,95.0773096689935,2.41203297933576
180,14.4,25,96.7883927092209,90.6943451780603,6.09404753116052,90.6992961524034,6.03576103812404
180,8.3,25,95.787940575759,85.5123776094431,10.2755629663159,85.4039891433371,11.0810660746754
180,4.8,25,94.261530449595,80.0236857455641,14.2378447040309,80.6292837580923,15.4235576291201
180,2.7,25,90.1954422397474,74.675836652597,15.5196055871504,74.0360653684875,15.696168697185
180,1.6,25,87.2647280817614,70.7172276530259,16.5475004287356,71.0422561366217,14.7397156949159
180,0.9,25,80.7815441524944,67.5372825180577,13.2442616344367,69.2042014307211,11.2116373567562
180,0.5,25,74.1986800829596,65.3899986428825,8.80868144007705,64.4119097342266,9.19024005779615
180,0.3,25,68.6008529739449,64.1910053065857,4.40984766735923,61.8098343904251,4.7688388653489
180,0.17,25,66.8246881048605,63.3480567246995,3.47663138016097,65.230359703061,0.689813930057642
180,0.1,25,66.6620100172891,62.8634861819154,3.79852383537371,64.4097466367944,1.66827248160362
180,0,25,61.7228570348745,61.7228570348745,0,61.7228570348745,0
180,25,50,96.090567393416,98.0347786890334,-1.94421129561732,98.0200621702898,-3.34900787705531
180,14.4,50,96.1740778056103,96.3417756589044,-0.167697853294094,96.3035730939353,-1.15416032231415
180,8.3,50,95.7678298015305,94.31724142832,1.45058837321058,94.1722480501198,1.55347493148798
180,4.8,50,95.4061020357998,92.1757554621073,3.23034657369247,92.320372499796,2.54026841862096
180,2.7,50,94.0642534340497,90.0891879159895,3.97506551806018,89.7083640347518,3.90499864024112
180,1.6,50,92.7373129356384,88.5429765897735,4.19433634586485,88.502976183337,5.29756616431605
180,0.9,50,91.3053003508111,87.2985335469775,4.00676680383357,87.7796474286806,4.15360334863142
180,0.5,50,89.8735771988905,86.4559565930777,3.41762060581279,85.8931420486422,3.90236904805076
180,0.3,50,88.1002333316572,85.9840847289897,2.11614860266744,84.8391070659041,2.54566869012965
180,0.17,50,86.7011685555741,85.6513260925917,1.04984246298236,86.1527937391029,0.1830014494088
180,0.1,50,87.1759965430441,85.4594290419371,1.716567501107,85.8833790720931,2.4921348702725
180,0,50,84.8093522910574,84.8093522910574,0,84.8093522910574,0
